call_id,caller_id,callee_id,timestamp,duration_sec
CALL-000001,P-00217,P-00443,2026-01-09T20:27:43.725836,1566
CALL-000002,P-00121,P-00381,2026-03-18T23:12:44.725836,360
CALL-000003,P-00167,P-00186,2025-11-09T00:41:15.725836,1210
CALL-000004,P-00535,P-00166,2025-12-16T04:35:44.725836,1667
CALL-000005,P-00321,P-00087,2026-01-04T23:17:57.725836,1235
CALL-000006,P-00465,P-00326,2025-12-16T10:23:52.725836,1377
CALL-000007,P-00081,P-00181,2025-10-18T18:54:05.725836,70
CALL-000008,P-00378,P-00070,2025-08-22T14:59:24.725836,1333
CALL-000009,P-00041,P-00073,2025-08-11T08:53:55.725836,1526
CALL-000010,P-00462,P-00438,2026-05-06T05:54:00.725836,1232
CALL-000011,P-00111,P-00260,2026-06-04T10:30:58.725836,528
CALL-000012,P-00307,P-00141,2025-11-01T05:33:53.725836,1183
CALL-000013,P-00070,P-00346,2026-05-08T19:15:03.725836,797
CALL-000014,P-00265,P-00229,2026-06-11T23:22:30.725836,792
CALL-000015,P-00422,P-00014,2026-01-14T01:33:11.725836,404
CALL-000016,P-00472,P-00345,2026-01-11T20:49:53.725836,647
CALL-000017,P-00124,P-00578,2025-08-23T19:53:17.725836,1725
CALL-000018,P-00126,P-00448,2025-11-18T03:33:17.725836,1332
CALL-000019,P-00591,P-00006,2025-11-18T18:40:37.725836,1537
CALL-000020,P-00109,P-00364,2025-09-18T01:12:08.725836,1776
CALL-000021,P-00099,P-00454,2026-07-25T09:47:11.725836,1782
CALL-000022,P-00506,P-00362,2025-08-07T06:31:36.725836,315
CALL-000023,P-00469,P-00203,2025-10-29T12:29:11.725836,1138
CALL-000024,P-00194,P-00256,2025-11-21T20:20:56.725836,1267
CALL-000025,P-00363,P-00424,2025-10-04T20:56:46.725836,964
CALL-000026,P-00353,P-00336,2026-04-11T10:00:12.725836,955
CALL-000027,P-00202,P-00173,2025-08-23T19:15:20.725836,1312
CALL-000028,P-00540,P-00396,2026-01-18T14:34:15.725836,422
CALL-000029,P-00326,P-00110,2025-12-21T05:36:45.725836,652
CALL-000030,P-00540,P-00206,2026-01-18T03:34:33.725836,352
CALL-000031,P-00063,P-00296,2025-11-25T22:14:37.725836,138
CALL-000032,P-00379,P-00366,2026-06-11T05:52:31.725836,1257
CALL-000033,P-00064,P-00352,2026-04-16T10:07:36.725836,1114
CALL-000034,P-00150,P-00451,2025-10-24T19:19:28.725836,453
CALL-000035,P-00348,P-00055,2025-10-07T13:10:54.725836,237
CALL-000036,P-00090,P-00369,2025-09-16T22:58:37.725836,184
CALL-000037,P-00535,P-00134,2025-10-20T02:21:13.725836,1430
CALL-000038,P-00141,P-00156,2025-11-03T04:17:27.725836,275
CALL-000039,P-00202,P-00301,2025-11-03T12:47:33.725836,1517
CALL-000040,P-00059,P-00450,2025-09-11T15:06:17.725836,362
CALL-000041,P-00245,P-00032,2025-09-25T18:14:54.725836,1603
CALL-000042,P-00480,P-00011,2026-07-24T12:38:39.725836,12
CALL-000043,P-00481,P-00157,2025-10-22T01:59:40.725836,1653
CALL-000044,P-00405,P-00464,2025-11-10T01:15:15.725836,556
CALL-000045,P-00285,P-00062,2026-07-15T00:12:21.725836,699
CALL-000046,P-00477,P-00334,2026-06-29T16:29:35.725836,581
CALL-000047,P-00552,P-00459,2025-08-17T10:42:13.725836,737
CALL-000048,P-00570,P-00399,2025-07-31T09:45:20.725836,98
CALL-000049,P-00545,P-00131,2026-06-28T03:19:52.725836,678
CALL-000050,P-00589,P-00260,2025-11-22T17:12:55.725836,1266
CALL-000051,P-00429,P-00501,2026-03-04T23:03:54.725836,1067
CALL-000052,P-00204,P-00202,2026-06-16T07:53:51.725836,1629
CALL-000053,P-00090,P-00358,2025-10-14T20:04:49.725836,1368
CALL-000054,P-00131,P-00564,2026-05-27T02:10:01.725836,447
CALL-000055,P-00566,P-00053,2025-08-28T12:50:37.725836,1039
CALL-000056,P-00111,P-00385,2025-10-01T11:33:30.725836,815
CALL-000057,P-00360,P-00396,2025-08-16T19:57:29.725836,1205
CALL-000058,P-00469,P-00534,2026-01-14T01:57:32.725836,264
CALL-000059,P-00066,P-00229,2026-04-07T10:48:09.725836,1629
CALL-000060,P-00310,P-00498,2026-03-30T03:28:53.725836,1726
CALL-000061,P-00055,P-00131,2026-06-10T20:08:11.725836,1640
CALL-000062,P-00194,P-00457,2025-10-11T05:25:48.725836,23
CALL-000063,P-00055,P-00235,2026-02-11T02:49:50.725836,1365
CALL-000064,P-00454,P-00527,2026-07-03T09:52:04.725836,760
CALL-000065,P-00232,P-00391,2026-04-05T11:14:41.725836,466
CALL-000066,P-00528,P-00573,2026-05-27T16:31:59.725836,952
CALL-000067,P-00242,P-00467,2025-08-12T13:29:22.725836,460
CALL-000068,P-00549,P-00347,2026-01-17T20:03:09.725836,909
CALL-000069,P-00302,P-00001,2026-05-21T09:56:10.725836,423
CALL-000070,P-00588,P-00278,2026-06-25T12:31:28.725836,1602
CALL-000071,P-00145,P-00247,2026-03-08T02:12:45.725836,1160
CALL-000072,P-00029,P-00393,2026-01-12T23:01:26.725836,1313
CALL-000073,P-00140,P-00226,2026-05-13T18:21:10.725836,212
CALL-000074,P-00339,P-00047,2026-07-03T07:37:53.725836,1084
CALL-000075,P-00238,P-00181,2025-12-02T01:55:07.725836,282
CALL-000076,P-00445,P-00182,2025-09-14T12:31:06.725836,1185
CALL-000077,P-00136,P-00162,2025-09-05T02:59:45.725836,1629
CALL-000078,P-00429,P-00399,2026-05-03T19:19:47.725836,861
CALL-000079,P-00202,P-00353,2025-08-28T05:03:55.725836,401
CALL-000080,P-00285,P-00087,2026-02-13T11:56:57.725836,228
CALL-000081,P-00090,P-00501,2026-05-28T05:38:39.725836,1448
CALL-000082,P-00403,P-00294,2026-07-08T19:16:13.725836,109
CALL-000083,P-00186,P-00333,2026-06-20T23:48:31.725836,443
CALL-000084,P-00074,P-00212,2026-04-10T08:12:44.725836,1068
CALL-000085,P-00393,P-00202,2026-02-11T08:41:19.725836,932
CALL-000086,P-00389,P-00512,2026-06-17T12:54:31.725836,967
CALL-000087,P-00077,P-00031,2026-06-30T00:06:56.725836,1195
CALL-000088,P-00600,P-00249,2025-10-11T19:56:08.725836,1342
CALL-000089,P-00166,P-00011,2026-07-21T03:53:54.725836,932
CALL-000090,P-00185,P-00373,2026-06-21T20:05:31.725836,991
CALL-000091,P-00281,P-00447,2025-12-17T17:17:21.725836,885
CALL-000092,P-00155,P-00568,2025-11-28T15:36:40.725836,1157
CALL-000093,P-00086,P-00416,2026-03-21T21:20:17.725836,146
CALL-000094,P-00474,P-00111,2026-05-29T04:04:14.725836,59
CALL-000095,P-00018,P-00012,2025-10-26T04:22:16.725836,1646
CALL-000096,P-00443,P-00479,2026-05-31T08:54:39.725836,675
CALL-000097,P-00042,P-00556,2025-10-04T23:46:31.725836,983
CALL-000098,P-00372,P-00337,2026-03-14T22:55:58.725836,1255
CALL-000099,P-00462,P-00210,2025-08-23T02:32:03.725836,1445
CALL-000100,P-00396,P-00454,2026-05-02T17:04:38.725836,393
CALL-000101,P-00484,P-00292,2026-04-02T01:08:25.725836,1063
CALL-000102,P-00295,P-00396,2025-12-05T15:29:52.725836,1112
CALL-000103,P-00234,P-00190,2025-12-15T15:06:39.725836,980
CALL-000104,P-00231,P-00167,2025-10-21T03:14:36.725836,1105
CALL-000105,P-00159,P-00195,2025-11-01T13:30:42.725836,1550
CALL-000106,P-00190,P-00110,2026-03-14T06:03:34.725836,446
CALL-000107,P-00591,P-00112,2025-08-26T19:17:12.725836,1177
CALL-000108,P-00514,P-00429,2025-10-07T03:33:54.725836,236
CALL-000109,P-00172,P-00372,2025-12-15T04:07:02.725836,1241
CALL-000110,P-00513,P-00553,2026-01-18T08:03:54.725836,1538
CALL-000111,P-00278,P-00379,2026-03-19T09:32:38.725836,958
CALL-000112,P-00205,P-00576,2025-11-13T01:12:51.725836,317
CALL-000113,P-00084,P-00526,2025-10-02T00:02:02.725836,818
CALL-000114,P-00374,P-00296,2026-03-09T08:33:58.725836,44
CALL-000115,P-00545,P-00024,2026-07-10T08:43:58.725836,466
CALL-000116,P-00015,P-00103,2025-10-04T10:39:57.725836,200
CALL-000117,P-00577,P-00139,2026-07-09T17:00:28.725836,531
CALL-000118,P-00297,P-00414,2026-05-13T10:27:22.725836,432
CALL-000119,P-00122,P-00429,2026-01-15T21:33:39.725836,471
CALL-000120,P-00595,P-00350,2026-03-11T11:32:26.725836,1184
CALL-000121,P-00158,P-00502,2026-05-13T14:53:15.725836,629
CALL-000122,P-00151,P-00167,2026-06-02T07:33:53.725836,1247
CALL-000123,P-00065,P-00170,2025-09-23T14:10:13.725836,1084
CALL-000124,P-00448,P-00481,2026-07-07T05:31:50.725836,1744
CALL-000125,P-00421,P-00545,2025-11-05T05:05:38.725836,1675
CALL-000126,P-00056,P-00554,2025-11-27T11:05:52.725836,192
CALL-000127,P-00152,P-00429,2025-10-19T22:43:56.725836,754
CALL-000128,P-00172,P-00001,2025-10-25T08:13:24.725836,1250
CALL-000129,P-00584,P-00143,2026-05-07T21:40:26.725836,92
CALL-000130,P-00069,P-00195,2026-06-28T09:02:20.725836,1580
CALL-000131,P-00053,P-00152,2026-05-31T20:42:01.725836,639
CALL-000132,P-00403,P-00429,2026-03-07T01:17:52.725836,690
CALL-000133,P-00097,P-00567,2026-04-09T17:10:14.725836,1534
CALL-000134,P-00219,P-00161,2025-09-13T15:31:47.725836,762
CALL-000135,P-00394,P-00348,2025-08-01T15:03:53.725836,1459
CALL-000136,P-00563,P-00302,2026-01-01T17:42:49.725836,1438
CALL-000137,P-00369,P-00370,2026-01-06T09:06:56.725836,1219
CALL-000138,P-00008,P-00220,2026-07-12T01:49:35.725836,404
CALL-000139,P-00256,P-00208,2025-11-27T03:38:44.725836,507
CALL-000140,P-00246,P-00364,2025-11-22T23:15:42.725836,508
CALL-000141,P-00439,P-00364,2025-12-17T15:34:18.725836,863
CALL-000142,P-00181,P-00117,2026-01-27T02:23:37.725836,421
CALL-000143,P-00588,P-00437,2026-03-23T08:22:34.725836,1229
CALL-000144,P-00057,P-00285,2026-06-25T00:24:34.725836,497
CALL-000145,P-00469,P-00306,2025-09-10T13:15:46.725836,1632
CALL-000146,P-00101,P-00566,2026-01-19T09:27:27.725836,1477
CALL-000147,P-00557,P-00158,2026-01-26T18:13:23.725836,1180
CALL-000148,P-00359,P-00027,2026-07-25T14:21:24.725836,1148
CALL-000149,P-00143,P-00561,2026-01-22T05:09:30.725836,274
CALL-000150,P-00095,P-00471,2026-06-04T20:19:52.725836,929
CALL-000151,P-00048,P-00454,2026-06-15T22:25:58.725836,908
CALL-000152,P-00496,P-00422,2026-03-19T15:50:48.725836,1119
CALL-000153,P-00367,P-00489,2025-09-08T02:49:52.725836,1350
CALL-000154,P-00149,P-00056,2026-04-06T23:46:46.725836,1485
CALL-000155,P-00498,P-00259,2025-10-22T11:26:19.725836,964
CALL-000156,P-00065,P-00480,2026-01-21T12:16:14.725836,1658
CALL-000157,P-00503,P-00522,2025-11-22T17:12:59.725836,276
CALL-000158,P-00048,P-00501,2026-02-28T21:33:01.725836,186
CALL-000159,P-00516,P-00560,2026-01-30T08:40:17.725836,1150
CALL-000160,P-00069,P-00585,2025-12-26T18:01:48.725836,1681
CALL-000161,P-00504,P-00465,2025-12-06T04:27:10.725836,1716
CALL-000162,P-00073,P-00281,2025-09-22T02:05:43.725836,1364
CALL-000163,P-00479,P-00492,2025-08-12T08:04:49.725836,887
CALL-000164,P-00584,P-00379,2025-12-10T01:50:34.725836,177
CALL-000165,P-00217,P-00060,2025-10-30T20:26:13.725836,1626
CALL-000166,P-00565,P-00153,2026-07-04T10:54:43.725836,895
CALL-000167,P-00337,P-00244,2025-10-28T07:32:22.725836,1628
CALL-000168,P-00421,P-00416,2026-03-01T08:07:35.725836,1393
CALL-000169,P-00167,P-00571,2026-03-25T07:00:25.725836,633
CALL-000170,P-00295,P-00376,2025-11-26T19:55:31.725836,563
CALL-000171,P-00065,P-00099,2026-06-05T08:38:18.725836,1507
CALL-000172,P-00352,P-00326,2026-05-25T10:54:30.725836,1196
CALL-000173,P-00159,P-00429,2026-04-11T08:15:14.725836,1085
CALL-000174,P-00256,P-00321,2025-08-01T22:25:59.725836,1218
CALL-000175,P-00432,P-00314,2025-12-22T02:04:51.725836,287
CALL-000176,P-00364,P-00413,2026-01-13T08:26:21.725836,382
CALL-000177,P-00001,P-00384,2025-11-30T23:41:42.725836,663
CALL-000178,P-00220,P-00160,2026-05-07T20:23:11.725836,847
CALL-000179,P-00307,P-00288,2026-03-10T05:20:01.725836,467
CALL-000180,P-00496,P-00593,2025-07-31T12:41:57.725836,1424
CALL-000181,P-00486,P-00440,2026-02-21T19:41:46.725836,1127
CALL-000182,P-00526,P-00277,2026-06-17T23:37:18.725836,1196
CALL-000183,P-00433,P-00369,2025-09-11T15:25:02.725836,1525
CALL-000184,P-00501,P-00292,2026-05-12T02:26:18.725836,1439
CALL-000185,P-00575,P-00310,2026-02-27T22:26:53.725836,65
CALL-000186,P-00188,P-00518,2025-10-18T16:39:11.725836,694
CALL-000187,P-00091,P-00538,2026-01-06T04:05:12.725836,294
CALL-000188,P-00265,P-00480,2026-06-04T12:18:59.725836,1008
CALL-000189,P-00563,P-00055,2026-03-06T19:36:50.725836,425
CALL-000190,P-00446,P-00467,2025-12-22T03:53:20.725836,860
CALL-000191,P-00337,P-00126,2025-08-19T07:59:06.725836,1293
CALL-000192,P-00171,P-00233,2026-04-20T22:45:13.725836,1758
CALL-000193,P-00242,P-00047,2025-09-27T06:43:00.725836,106
CALL-000194,P-00082,P-00570,2026-05-20T20:32:48.725836,1773
CALL-000195,P-00034,P-00071,2026-06-11T14:46:26.725836,1561
CALL-000196,P-00290,P-00305,2026-06-21T00:38:47.725836,636
CALL-000197,P-00573,P-00020,2026-03-23T11:14:21.725836,69
CALL-000198,P-00104,P-00106,2025-11-21T12:17:51.725836,943
CALL-000199,P-00111,P-00588,2025-11-21T14:34:36.725836,464
CALL-000200,P-00294,P-00438,2026-01-04T18:35:28.725836,1409
CALL-000201,P-00021,P-00327,2026-04-03T12:06:18.725836,1107
CALL-000202,P-00109,P-00582,2025-10-13T02:19:25.725836,124
CALL-000203,P-00351,P-00425,2026-03-17T17:30:28.725836,358
CALL-000204,P-00293,P-00403,2025-10-12T14:58:36.725836,1191
CALL-000205,P-00345,P-00350,2025-12-22T07:41:38.725836,523
CALL-000206,P-00149,P-00401,2025-07-27T06:45:09.725836,1755
CALL-000207,P-00118,P-00459,2026-06-05T15:52:42.725836,764
CALL-000208,P-00473,P-00004,2025-09-10T05:52:53.725836,1690
CALL-000209,P-00095,P-00587,2025-07-28T08:12:22.725836,1039
CALL-000210,P-00208,P-00338,2026-03-16T17:07:11.725836,1504
CALL-000211,P-00595,P-00045,2025-12-11T14:41:19.725836,183
CALL-000212,P-00533,P-00290,2026-02-12T13:02:48.725836,1075
CALL-000213,P-00382,P-00519,2026-06-19T23:30:01.725836,1796
CALL-000214,P-00190,P-00059,2026-05-15T22:05:59.725836,1338
CALL-000215,P-00192,P-00479,2025-09-28T08:03:03.725836,674
CALL-000216,P-00520,P-00126,2026-04-02T20:01:53.725836,153
CALL-000217,P-00312,P-00389,2026-03-03T15:59:48.725836,701
CALL-000218,P-00295,P-00256,2026-07-09T09:04:34.725836,911
CALL-000219,P-00111,P-00236,2025-10-02T03:52:30.725836,1106
CALL-000220,P-00242,P-00275,2025-09-18T11:37:56.725836,1160
CALL-000221,P-00135,P-00533,2025-12-25T17:12:11.725836,847
CALL-000222,P-00120,P-00046,2025-10-02T04:56:23.725836,402
CALL-000223,P-00388,P-00574,2025-09-22T14:00:28.725836,1135
CALL-000224,P-00458,P-00544,2026-05-07T02:52:21.725836,1606
CALL-000225,P-00504,P-00566,2026-06-13T01:04:35.725836,1168
CALL-000226,P-00510,P-00597,2025-11-23T20:14:15.725836,1011
CALL-000227,P-00055,P-00246,2026-07-12T08:50:58.725836,277
CALL-000228,P-00507,P-00475,2025-12-10T11:45:55.725836,1317
CALL-000229,P-00281,P-00167,2026-06-13T02:14:13.725836,1274
CALL-000230,P-00338,P-00518,2025-12-28T08:48:12.725836,1213
CALL-000231,P-00576,P-00258,2026-05-31T20:40:57.725836,1483
CALL-000232,P-00095,P-00121,2025-11-15T05:10:54.725836,1300
CALL-000233,P-00475,P-00518,2026-06-08T09:50:31.725836,1716
CALL-000234,P-00397,P-00006,2026-04-06T02:39:55.725836,519
CALL-000235,P-00302,P-00399,2026-03-15T11:46:49.725836,1159
CALL-000236,P-00014,P-00214,2025-09-09T23:48:09.725836,220
CALL-000237,P-00233,P-00335,2026-01-07T07:53:22.725836,517
CALL-000238,P-00065,P-00285,2026-07-01T01:15:58.725836,531
CALL-000239,P-00561,P-00103,2026-03-23T02:19:46.725836,1710
CALL-000240,P-00314,P-00408,2026-04-17T16:39:17.725836,1536
CALL-000241,P-00009,P-00482,2026-04-12T02:02:25.725836,1121
CALL-000242,P-00328,P-00580,2026-02-14T02:44:09.725836,812
CALL-000243,P-00401,P-00566,2026-07-22T16:35:35.725836,858
CALL-000244,P-00556,P-00088,2025-09-29T09:43:18.725836,585
CALL-000245,P-00364,P-00517,2026-05-20T08:57:46.725836,1738
CALL-000246,P-00600,P-00157,2026-06-29T07:40:53.725836,794
CALL-000247,P-00276,P-00521,2025-10-26T18:36:46.725836,972
CALL-000248,P-00090,P-00408,2025-08-16T00:22:22.725836,812
CALL-000249,P-00294,P-00048,2026-06-29T14:00:44.725836,1352
CALL-000250,P-00240,P-00073,2026-03-11T18:47:39.725836,1404
CALL-000251,P-00160,P-00041,2025-07-27T02:18:55.725836,1271
CALL-000252,P-00422,P-00373,2025-09-16T06:59:52.725836,575
CALL-000253,P-00307,P-00555,2025-10-09T08:14:47.725836,1349
CALL-000254,P-00231,P-00273,2025-08-02T04:44:41.725836,825
CALL-000255,P-00170,P-00158,2025-11-20T01:38:57.725836,1447
CALL-000256,P-00336,P-00418,2026-03-12T04:26:13.725836,316
CALL-000257,P-00014,P-00106,2025-10-22T07:15:10.725836,1063
CALL-000258,P-00348,P-00573,2026-01-10T23:11:44.725836,1772
CALL-000259,P-00431,P-00541,2026-07-10T02:20:13.725836,591
CALL-000260,P-00014,P-00520,2026-05-08T13:27:44.725836,1455
CALL-000261,P-00478,P-00108,2026-07-23T10:37:35.725836,1701
CALL-000262,P-00121,P-00227,2026-02-11T09:47:07.725836,989
CALL-000263,P-00570,P-00143,2025-09-19T23:20:10.725836,463
CALL-000264,P-00170,P-00520,2026-04-02T17:14:17.725836,343
CALL-000265,P-00459,P-00242,2026-04-03T04:00:15.725836,678
CALL-000266,P-00556,P-00207,2026-04-27T10:22:10.725836,1715
CALL-000267,P-00396,P-00528,2026-07-04T15:14:19.725836,1795
CALL-000268,P-00055,P-00011,2026-05-17T19:24:38.725836,1396
CALL-000269,P-00353,P-00443,2025-11-14T07:33:17.725836,961
CALL-000270,P-00098,P-00587,2026-03-20T17:47:51.725836,149
CALL-000271,P-00155,P-00036,2026-06-12T16:48:02.725836,1364
CALL-000272,P-00069,P-00111,2026-06-22T08:14:30.725836,896
CALL-000273,P-00150,P-00535,2025-10-07T07:55:51.725836,1788
CALL-000274,P-00357,P-00381,2026-05-09T17:12:18.725836,806
CALL-000275,P-00443,P-00509,2026-03-10T11:05:39.725836,1348
CALL-000276,P-00501,P-00543,2025-10-24T15:54:38.725836,1196
CALL-000277,P-00467,P-00010,2026-05-10T03:54:56.725836,1530
CALL-000278,P-00491,P-00039,2025-11-19T20:55:05.725836,1257
CALL-000279,P-00087,P-00011,2026-06-22T23:17:24.725836,1789
CALL-000280,P-00337,P-00423,2025-08-21T13:35:03.725836,1349
CALL-000281,P-00443,P-00480,2026-03-30T12:40:02.725836,1157
CALL-000282,P-00358,P-00171,2025-12-14T18:54:01.725836,1781
CALL-000283,P-00480,P-00060,2026-01-13T19:39:49.725836,1098
CALL-000284,P-00373,P-00297,2025-11-09T10:42:25.725836,935
CALL-000285,P-00275,P-00090,2026-07-16T04:21:49.725836,274
CALL-000286,P-00124,P-00136,2025-08-03T15:15:53.725836,1132
CALL-000287,P-00371,P-00329,2025-07-28T20:29:06.725836,1197
CALL-000288,P-00491,P-00040,2025-09-05T05:50:07.725836,1267
CALL-000289,P-00001,P-00273,2026-03-27T18:52:19.725836,1116
CALL-000290,P-00077,P-00294,2025-10-17T16:04:47.725836,573
CALL-000291,P-00237,P-00095,2026-06-19T19:56:38.725836,476
CALL-000292,P-00100,P-00159,2026-05-03T01:37:33.725836,634
CALL-000293,P-00208,P-00436,2026-07-21T22:32:00.725836,58
CALL-000294,P-00139,P-00352,2026-04-04T10:53:17.725836,1733
CALL-000295,P-00470,P-00006,2026-03-15T23:44:06.725836,215
CALL-000296,P-00047,P-00169,2026-07-17T23:27:04.725836,1405
CALL-000297,P-00010,P-00135,2026-04-20T03:37:59.725836,829
CALL-000298,P-00588,P-00494,2025-11-29T06:19:56.725836,1580
CALL-000299,P-00557,P-00471,2026-03-13T04:54:28.725836,1621
CALL-000300,P-00119,P-00429,2026-03-11T11:51:22.725836,198
CALL-000301,P-00593,P-00294,2025-09-17T16:04:11.725836,1630
CALL-000302,P-00069,P-00434,2026-03-16T19:13:16.725836,885
CALL-000303,P-00043,P-00545,2025-10-10T03:23:16.725836,295
CALL-000304,P-00556,P-00469,2026-02-26T17:51:40.725836,276
CALL-000305,P-00007,P-00561,2025-10-09T19:48:27.725836,1395
CALL-000306,P-00564,P-00573,2025-08-14T02:07:23.725836,178
CALL-000307,P-00048,P-00318,2026-01-16T19:53:19.725836,826
CALL-000308,P-00011,P-00188,2026-06-26T00:40:50.725836,1337
CALL-000309,P-00385,P-00050,2025-12-19T16:53:49.725836,58
CALL-000310,P-00297,P-00082,2026-06-25T13:48:44.725836,388
CALL-000311,P-00145,P-00161,2026-01-17T08:21:21.725836,636
CALL-000312,P-00355,P-00430,2026-02-08T08:21:52.725836,1059
CALL-000313,P-00443,P-00519,2025-09-28T20:40:21.725836,990
CALL-000314,P-00261,P-00495,2025-08-12T10:34:03.725836,913
CALL-000315,P-00214,P-00312,2025-10-05T14:47:20.725836,683
CALL-000316,P-00597,P-00504,2026-03-10T19:01:21.725836,1064
CALL-000317,P-00540,P-00431,2025-09-15T18:01:04.725836,1756
CALL-000318,P-00477,P-00244,2025-08-07T20:52:25.725836,779
CALL-000319,P-00523,P-00135,2025-10-24T09:14:39.725836,800
CALL-000320,P-00172,P-00245,2025-10-01T08:09:16.725836,394
CALL-000321,P-00084,P-00529,2026-07-02T17:12:43.725836,861
CALL-000322,P-00471,P-00483,2026-01-29T05:11:25.725836,1453
CALL-000323,P-00032,P-00142,2026-02-27T15:48:29.725836,1019
CALL-000324,P-00412,P-00558,2026-06-29T03:43:07.725836,1645
CALL-000325,P-00178,P-00552,2026-04-27T18:44:40.725836,386
CALL-000326,P-00094,P-00569,2025-10-08T21:25:15.725836,167
CALL-000327,P-00599,P-00470,2026-07-01T22:10:55.725836,1166
CALL-000328,P-00098,P-00141,2025-10-28T02:33:01.725836,132
CALL-000329,P-00359,P-00356,2026-06-26T07:13:27.725836,399
CALL-000330,P-00094,P-00334,2026-07-05T23:24:49.725836,1774
CALL-000331,P-00278,P-00495,2025-11-18T08:06:25.725836,1706
CALL-000332,P-00231,P-00462,2026-01-09T15:42:18.725836,1010
CALL-000333,P-00447,P-00214,2026-01-19T13:34:49.725836,217
CALL-000334,P-00167,P-00475,2026-04-09T10:06:45.725836,1254
CALL-000335,P-00475,P-00302,2025-09-09T18:52:38.725836,1334
CALL-000336,P-00173,P-00273,2026-05-22T07:05:06.725836,14
CALL-000337,P-00431,P-00190,2026-01-20T07:06:20.725836,927
CALL-000338,P-00145,P-00062,2025-10-22T16:01:19.725836,469
CALL-000339,P-00207,P-00385,2025-09-03T03:09:02.725836,585
CALL-000340,P-00297,P-00326,2026-01-09T14:25:30.725836,621
CALL-000341,P-00393,P-00507,2025-08-25T11:42:47.725836,1330
CALL-000342,P-00349,P-00193,2026-03-13T07:29:22.725836,768
CALL-000343,P-00231,P-00015,2025-10-14T02:13:06.725836,432
CALL-000344,P-00062,P-00280,2025-07-31T04:02:05.725836,626
CALL-000345,P-00396,P-00172,2026-03-10T03:39:57.725836,108
CALL-000346,P-00035,P-00350,2026-06-22T03:05:25.725836,82
CALL-000347,P-00208,P-00108,2026-01-27T22:12:56.725836,652
CALL-000348,P-00531,P-00122,2025-12-30T19:42:39.725836,485
CALL-000349,P-00055,P-00564,2026-06-17T02:40:59.725836,685
CALL-000350,P-00030,P-00085,2026-05-04T19:14:15.725836,1525
CALL-000351,P-00255,P-00421,2025-10-31T06:08:43.725836,354
CALL-000352,P-00232,P-00553,2026-03-27T14:45:05.725836,1351
CALL-000353,P-00338,P-00474,2025-08-29T08:28:54.725836,766
CALL-000354,P-00422,P-00582,2026-03-17T09:44:54.725836,168
CALL-000355,P-00563,P-00136,2025-12-06T09:39:25.725836,122
CALL-000356,P-00073,P-00294,2025-09-05T22:04:22.725836,984
CALL-000357,P-00131,P-00372,2026-07-01T03:35:56.725836,236
CALL-000358,P-00504,P-00111,2025-08-28T19:52:48.725836,1119
CALL-000359,P-00176,P-00531,2025-08-01T13:18:29.725836,863
CALL-000360,P-00052,P-00418,2026-04-14T14:39:16.725836,1718
CALL-000361,P-00446,P-00087,2025-10-10T08:43:38.725836,202
CALL-000362,P-00580,P-00104,2026-06-27T09:52:05.725836,1194
CALL-000363,P-00531,P-00469,2025-11-02T15:08:46.725836,860
CALL-000364,P-00531,P-00243,2025-11-29T01:25:59.725836,214
CALL-000365,P-00082,P-00137,2026-05-05T03:31:41.725836,1549
CALL-000366,P-00290,P-00438,2026-04-29T16:44:59.725836,242
CALL-000367,P-00107,P-00285,2025-10-14T04:01:53.725836,426
CALL-000368,P-00197,P-00039,2026-03-09T11:33:47.725836,84
CALL-000369,P-00356,P-00533,2026-04-03T20:57:21.725836,294
CALL-000370,P-00167,P-00568,2025-07-28T10:15:39.725836,18
CALL-000371,P-00276,P-00396,2025-10-21T04:45:28.725836,624
CALL-000372,P-00084,P-00567,2026-01-04T14:52:14.725836,1198
CALL-000373,P-00433,P-00471,2026-04-10T08:14:46.725836,869
CALL-000374,P-00090,P-00448,2026-04-16T03:22:39.725836,1726
CALL-000375,P-00083,P-00273,2026-05-05T18:15:25.725836,1565
CALL-000376,P-00563,P-00568,2026-03-16T00:04:08.725836,1281
CALL-000377,P-00130,P-00065,2025-10-01T07:14:20.725836,1729
CALL-000378,P-00549,P-00461,2025-07-31T14:47:11.725836,1140
CALL-000379,P-00471,P-00223,2026-05-05T13:26:47.725836,884
CALL-000380,P-00206,P-00391,2025-12-05T02:27:52.725836,851
CALL-000381,P-00383,P-00413,2026-03-11T22:13:41.725836,789
CALL-000382,P-00192,P-00131,2025-08-08T00:00:32.725836,1218
CALL-000383,P-00335,P-00568,2026-06-13T14:07:10.725836,319
CALL-000384,P-00471,P-00237,2025-07-29T15:46:11.725836,1323
CALL-000385,P-00303,P-00238,2026-05-31T20:28:17.725836,1530
CALL-000386,P-00461,P-00035,2025-09-08T03:42:05.725836,1433
CALL-000387,P-00148,P-00565,2026-02-07T05:12:09.725836,1457
CALL-000388,P-00366,P-00558,2025-11-21T22:27:37.725836,1266
CALL-000389,P-00074,P-00416,2026-05-31T14:13:38.725836,737
CALL-000390,P-00305,P-00065,2026-07-06T06:32:17.725836,579
CALL-000391,P-00280,P-00397,2026-06-18T23:56:46.725836,781
CALL-000392,P-00131,P-00258,2026-06-19T00:20:52.725836,908
CALL-000393,P-00481,P-00207,2026-03-18T16:32:05.725836,1162
CALL-000394,P-00347,P-00013,2025-10-18T10:46:11.725836,88
CALL-000395,P-00517,P-00145,2025-11-04T20:01:47.725836,556
CALL-000396,P-00595,P-00061,2025-07-29T23:36:36.725836,1231
CALL-000397,P-00326,P-00263,2025-09-25T10:16:28.725836,339
CALL-000398,P-00419,P-00580,2025-11-20T22:43:51.725836,409
CALL-000399,P-00164,P-00216,2026-04-14T07:35:58.725836,13
CALL-000400,P-00514,P-00475,2025-11-15T14:26:04.725836,1744
CALL-000401,P-00360,P-00193,2025-11-07T11:03:46.725836,1628
CALL-000402,P-00008,P-00127,2025-08-17T04:38:47.725836,1703
CALL-000403,P-00477,P-00297,2026-03-04T20:27:36.725836,1294
CALL-000404,P-00151,P-00382,2026-07-13T11:26:21.725836,1014
CALL-000405,P-00475,P-00275,2026-03-09T13:39:18.725836,941
CALL-000406,P-00554,P-00061,2025-11-21T02:05:15.725836,812
CALL-000407,P-00302,P-00427,2026-06-09T14:54:11.725836,609
CALL-000408,P-00256,P-00138,2025-12-12T06:28:21.725836,227
CALL-000409,P-00573,P-00439,2026-03-21T21:49:56.725836,1052
CALL-000410,P-00189,P-00506,2026-04-04T16:52:38.725836,62
CALL-000411,P-00525,P-00477,2026-05-09T20:40:38.725836,326
CALL-000412,P-00513,P-00340,2026-02-12T13:58:10.725836,938
CALL-000413,P-00528,P-00051,2025-12-29T13:41:03.725836,895
CALL-000414,P-00327,P-00151,2025-11-06T20:54:26.725836,1062
CALL-000415,P-00370,P-00229,2025-08-08T04:21:53.725836,509
CALL-000416,P-00413,P-00310,2026-06-09T06:36:26.725836,1415
CALL-000417,P-00026,P-00260,2026-06-17T11:27:05.725836,113
CALL-000418,P-00008,P-00054,2026-03-26T03:19:40.725836,764
CALL-000419,P-00256,P-00596,2026-04-03T17:21:12.725836,898
CALL-000420,P-00511,P-00192,2026-03-18T09:21:55.725836,1630
CALL-000421,P-00384,P-00561,2026-06-21T07:02:56.725836,1012
CALL-000422,P-00518,P-00108,2026-05-21T05:58:48.725836,1059
CALL-000423,P-00555,P-00276,2025-11-09T06:08:32.725836,229
CALL-000424,P-00273,P-00170,2026-04-05T01:51:05.725836,478
CALL-000425,P-00174,P-00566,2026-06-22T21:17:09.725836,892
CALL-000426,P-00570,P-00524,2026-02-05T02:35:57.725836,987
CALL-000427,P-00596,P-00375,2026-02-18T04:23:44.725836,1004
CALL-000428,P-00275,P-00439,2026-06-22T02:17:31.725836,558
CALL-000429,P-00299,P-00421,2026-06-07T12:00:17.725836,500
CALL-000430,P-00179,P-00514,2026-04-12T07:07:15.725836,763
CALL-000431,P-00360,P-00483,2025-11-23T15:37:05.725836,1605
CALL-000432,P-00160,P-00050,2026-01-08T03:11:58.725836,840
CALL-000433,P-00372,P-00161,2025-12-01T20:26:13.725836,1468
CALL-000434,P-00390,P-00332,2025-12-12T01:34:07.725836,321
CALL-000435,P-00522,P-00048,2026-05-19T18:19:38.725836,111
CALL-000436,P-00511,P-00411,2026-03-09T16:57:20.725836,1649
CALL-000437,P-00404,P-00439,2026-03-28T04:35:26.725836,1028
CALL-000438,P-00128,P-00329,2026-01-01T18:17:54.725836,1380
CALL-000439,P-00020,P-00450,2026-07-07T03:12:05.725836,1517
CALL-000440,P-00108,P-00246,2026-06-01T08:37:36.725836,926
CALL-000441,P-00470,P-00480,2026-04-04T10:37:17.725836,789
CALL-000442,P-00419,P-00053,2026-05-23T03:06:42.725836,74
CALL-000443,P-00020,P-00175,2026-01-16T21:14:06.725836,430
CALL-000444,P-00098,P-00245,2026-01-23T09:09:48.725836,287
CALL-000445,P-00340,P-00073,2025-09-17T00:49:58.725836,668
CALL-000446,P-00246,P-00352,2026-03-23T23:29:14.725836,1189
CALL-000447,P-00275,P-00106,2025-10-30T09:35:19.725836,545
CALL-000448,P-00049,P-00186,2026-06-11T20:58:09.725836,1418
CALL-000449,P-00447,P-00453,2026-07-22T07:10:46.725836,128
CALL-000450,P-00216,P-00438,2026-03-26T08:36:50.725836,1622
CALL-000451,P-00469,P-00592,2025-11-14T09:04:25.725836,531
CALL-000452,P-00477,P-00294,2026-06-07T18:51:11.725836,1221
CALL-000453,P-00568,P-00596,2026-07-07T09:53:51.725836,94
CALL-000454,P-00040,P-00220,2025-09-04T15:35:35.725836,1151
CALL-000455,P-00495,P-00242,2025-12-20T07:25:40.725836,1190
CALL-000456,P-00179,P-00109,2026-03-19T18:32:49.725836,1520
CALL-000457,P-00310,P-00527,2026-05-17T05:12:53.725836,986
CALL-000458,P-00475,P-00085,2026-05-28T17:51:20.725836,65
CALL-000459,P-00404,P-00590,2026-05-17T13:12:17.725836,1775
CALL-000460,P-00447,P-00188,2026-07-19T03:56:47.725836,1133
CALL-000461,P-00057,P-00131,2026-02-27T21:20:49.725836,408
CALL-000462,P-00475,P-00557,2025-09-04T14:33:11.725836,1464
CALL-000463,P-00596,P-00364,2026-04-13T19:28:48.725836,364
CALL-000464,P-00527,P-00444,2026-07-10T21:37:42.725836,1183
CALL-000465,P-00148,P-00024,2026-03-29T21:39:11.725836,56
CALL-000466,P-00087,P-00122,2026-03-11T11:05:29.725836,1744
CALL-000467,P-00105,P-00425,2026-05-09T12:19:15.725836,944
CALL-000468,P-00071,P-00188,2026-01-29T11:52:24.725836,83
CALL-000469,P-00482,P-00103,2025-09-02T15:49:37.725836,52
CALL-000470,P-00207,P-00360,2025-12-08T19:15:12.725836,1772
CALL-000471,P-00375,P-00389,2025-11-03T07:17:17.725836,757
CALL-000472,P-00147,P-00454,2026-05-06T22:00:29.725836,1447
CALL-000473,P-00273,P-00475,2026-04-25T18:17:06.725836,452
CALL-000474,P-00549,P-00209,2025-11-23T13:03:17.725836,1558
CALL-000475,P-00557,P-00457,2026-04-13T19:59:00.725836,956
CALL-000476,P-00279,P-00112,2025-12-08T12:17:10.725836,1549
CALL-000477,P-00439,P-00326,2026-04-17T13:38:21.725836,1478
CALL-000478,P-00023,P-00519,2026-01-11T07:48:19.725836,1128
CALL-000479,P-00297,P-00104,2025-12-05T16:57:30.725836,1430
CALL-000480,P-00588,P-00412,2026-01-17T12:35:57.725836,343
CALL-000481,P-00255,P-00202,2025-11-22T13:52:28.725836,796
CALL-000482,P-00075,P-00480,2026-02-10T10:14:21.725836,1171
CALL-000483,P-00372,P-00364,2025-08-28T14:11:04.725836,119
CALL-000484,P-00161,P-00062,2025-10-14T18:53:24.725836,999
CALL-000485,P-00265,P-00113,2026-07-23T15:04:39.725836,259
CALL-000486,P-00303,P-00464,2025-11-08T15:41:37.725836,969
CALL-000487,P-00422,P-00429,2025-10-12T06:46:27.725836,1083
CALL-000488,P-00528,P-00258,2026-02-19T06:11:50.725836,1001
CALL-000489,P-00423,P-00254,2026-02-27T22:44:06.725836,335
CALL-000490,P-00443,P-00405,2026-01-15T13:45:12.725836,190
CALL-000491,P-00547,P-00360,2026-05-20T00:24:32.725836,722
CALL-000492,P-00161,P-00077,2025-09-28T05:28:55.725836,997
CALL-000493,P-00481,P-00219,2025-08-26T14:49:34.725836,680
CALL-000494,P-00131,P-00549,2025-08-29T05:28:26.725836,738
CALL-000495,P-00001,P-00286,2026-06-16T21:31:27.725836,397
CALL-000496,P-00097,P-00144,2026-03-14T06:48:32.725836,1703
CALL-000497,P-00334,P-00121,2026-04-16T02:26:30.725836,797
CALL-000498,P-00501,P-00217,2025-12-05T22:16:43.725836,180
CALL-000499,P-00559,P-00347,2026-04-23T08:54:22.725836,1065
CALL-000500,P-00077,P-00199,2026-05-18T02:36:57.725836,14
CALL-000501,P-00530,P-00085,2026-05-13T01:12:43.725836,1023
CALL-000502,P-00104,P-00123,2026-06-21T17:52:26.725836,1442
CALL-000503,P-00478,P-00388,2026-01-16T06:28:40.725836,298
CALL-000504,P-00541,P-00216,2025-11-16T00:38:42.725836,485
CALL-000505,P-00055,P-00420,2026-01-25T09:13:39.725836,1772
CALL-000506,P-00292,P-00372,2025-09-09T12:38:34.725836,263
CALL-000507,P-00397,P-00412,2026-03-21T05:48:02.725836,214
CALL-000508,P-00511,P-00400,2026-02-18T00:46:59.725836,1094
CALL-000509,P-00508,P-00182,2026-05-28T13:06:04.725836,567
CALL-000510,P-00375,P-00104,2025-11-24T01:21:57.725836,1425
CALL-000511,P-00217,P-00445,2026-05-10T22:34:48.725836,960
CALL-000512,P-00130,P-00208,2026-05-06T22:09:28.725836,1491
CALL-000513,P-00573,P-00302,2025-10-28T15:37:33.725836,961
CALL-000514,P-00477,P-00463,2026-04-19T17:58:41.725836,1052
CALL-000515,P-00454,P-00196,2025-10-13T13:32:04.725836,1689
CALL-000516,P-00302,P-00071,2026-05-26T08:03:54.725836,401
CALL-000517,P-00010,P-00546,2025-12-03T10:27:01.725836,293
CALL-000518,P-00071,P-00431,2025-12-19T01:14:04.725836,1730
CALL-000519,P-00155,P-00048,2026-05-12T05:30:18.725836,1577
CALL-000520,P-00134,P-00123,2026-02-11T06:27:43.725836,960
CALL-000521,P-00477,P-00148,2025-11-17T04:20:10.725836,646
CALL-000522,P-00499,P-00526,2025-11-06T20:39:19.725836,1056
CALL-000523,P-00425,P-00580,2026-04-26T05:54:05.725836,1542
CALL-000524,P-00121,P-00221,2025-12-14T23:52:23.725836,481
CALL-000525,P-00517,P-00106,2025-10-08T03:18:11.725836,1399
CALL-000526,P-00418,P-00172,2026-07-19T18:11:54.725836,1478
CALL-000527,P-00525,P-00232,2026-01-14T17:42:10.725836,1602
CALL-000528,P-00065,P-00106,2025-11-12T13:02:36.725836,1008
CALL-000529,P-00062,P-00095,2025-08-14T05:20:15.725836,464
CALL-000530,P-00221,P-00226,2025-08-28T04:49:21.725836,170
CALL-000531,P-00334,P-00448,2026-01-24T11:01:27.725836,1327
CALL-000532,P-00192,P-00245,2025-10-01T21:17:07.725836,999
CALL-000533,P-00439,P-00423,2026-07-20T18:58:55.725836,787
CALL-000534,P-00312,P-00154,2026-02-09T04:13:09.725836,365
CALL-000535,P-00317,P-00294,2025-10-19T18:45:44.725836,924
CALL-000536,P-00256,P-00091,2025-10-21T05:45:18.725836,80
CALL-000537,P-00440,P-00432,2026-01-30T16:40:45.725836,215
CALL-000538,P-00152,P-00494,2026-02-01T07:22:57.725836,1094
CALL-000539,P-00578,P-00257,2026-07-02T10:19:20.725836,1707
CALL-000540,P-00419,P-00145,2026-05-18T08:41:08.725836,1474
CALL-000541,P-00269,P-00365,2026-04-09T19:41:12.725836,642
CALL-000542,P-00557,P-00155,2026-01-15T02:28:38.725836,506
CALL-000543,P-00371,P-00265,2026-02-25T02:56:49.725836,1701
CALL-000544,P-00102,P-00425,2025-12-28T03:42:12.725836,197
CALL-000545,P-00393,P-00353,2026-06-15T17:08:20.725836,1430
CALL-000546,P-00389,P-00545,2026-05-17T13:56:48.725836,1601
CALL-000547,P-00167,P-00444,2026-02-07T21:37:55.725836,1314
CALL-000548,P-00104,P-00231,2026-04-04T17:03:44.725836,717
CALL-000549,P-00275,P-00481,2025-09-22T10:20:48.725836,225
CALL-000550,P-00353,P-00386,2025-10-26T19:12:59.725836,293
CALL-000551,P-00346,P-00152,2025-12-18T21:53:02.725836,1779
CALL-000552,P-00513,P-00527,2025-12-15T17:51:22.725836,1331
CALL-000553,P-00134,P-00066,2026-07-14T06:37:01.725836,296
CALL-000554,P-00061,P-00147,2026-06-15T21:17:47.725836,440
CALL-000555,P-00257,P-00023,2026-05-27T18:25:09.725836,1366
CALL-000556,P-00257,P-00049,2026-03-15T09:49:34.725836,1101
CALL-000557,P-00089,P-00233,2025-10-13T05:35:30.725836,225
CALL-000558,P-00158,P-00344,2026-01-03T13:55:25.725836,1595
CALL-000559,P-00567,P-00004,2026-03-11T21:47:01.725836,792
CALL-000560,P-00568,P-00192,2026-02-06T20:45:08.725836,1243
CALL-000561,P-00246,P-00431,2026-07-12T19:30:59.725836,603
CALL-000562,P-00501,P-00480,2025-12-09T05:43:09.725836,968
CALL-000563,P-00518,P-00565,2026-04-10T01:31:58.725836,950
CALL-000564,P-00388,P-00258,2025-10-17T00:35:00.725836,1654
CALL-000565,P-00542,P-00477,2025-11-05T11:06:01.725836,1486
CALL-000566,P-00510,P-00218,2026-06-18T21:56:56.725836,887
CALL-000567,P-00190,P-00445,2025-09-18T15:22:48.725836,1099
CALL-000568,P-00005,P-00119,2026-02-28T20:21:19.725836,1596
CALL-000569,P-00073,P-00475,2025-09-28T21:47:41.725836,1199
CALL-000570,P-00053,P-00139,2026-05-05T11:53:56.725836,1387
CALL-000571,P-00085,P-00029,2026-01-15T12:39:51.725836,1168
CALL-000572,P-00250,P-00386,2025-12-26T04:11:34.725836,1248
CALL-000573,P-00107,P-00005,2025-12-03T17:26:31.725836,199
CALL-000574,P-00445,P-00566,2026-03-28T21:12:06.725836,406
CALL-000575,P-00399,P-00573,2025-09-28T04:01:04.725836,218
CALL-000576,P-00258,P-00107,2026-03-01T08:20:45.725836,717
CALL-000577,P-00549,P-00020,2026-07-17T23:39:26.725836,1571
CALL-000578,P-00438,P-00382,2025-08-24T11:02:52.725836,1609
CALL-000579,P-00107,P-00413,2026-04-05T15:25:48.725836,515
CALL-000580,P-00399,P-00107,2026-02-22T09:46:06.725836,1509
CALL-000581,P-00481,P-00504,2026-05-26T11:00:30.725836,1334
CALL-000582,P-00576,P-00431,2026-01-28T06:44:16.725836,1268
CALL-000583,P-00151,P-00531,2025-08-16T21:04:44.725836,331
CALL-000584,P-00363,P-00592,2026-02-13T11:16:43.725836,1076
CALL-000585,P-00407,P-00002,2025-08-17T21:56:49.725836,117
CALL-000586,P-00208,P-00478,2025-12-26T14:18:30.725836,1061
CALL-000587,P-00109,P-00509,2025-11-21T17:16:44.725836,1781
CALL-000588,P-00348,P-00057,2026-01-20T04:15:25.725836,863
CALL-000589,P-00495,P-00545,2026-06-02T17:37:32.725836,1496
CALL-000590,P-00207,P-00325,2026-01-30T09:00:33.725836,99
CALL-000591,P-00594,P-00105,2026-01-05T10:46:06.725836,660
CALL-000592,P-00108,P-00445,2026-02-13T21:54:10.725836,1410
CALL-000593,P-00495,P-00256,2026-07-24T11:58:25.725836,206
CALL-000594,P-00334,P-00034,2025-09-01T07:45:53.725836,1347
CALL-000595,P-00367,P-00207,2025-07-27T05:14:37.725836,1495
CALL-000596,P-00443,P-00561,2026-01-07T16:13:29.725836,1316
CALL-000597,P-00428,P-00273,2025-09-16T21:31:41.725836,549
CALL-000598,P-00325,P-00308,2026-07-12T14:49:37.725836,1012
CALL-000599,P-00087,P-00599,2025-09-23T10:22:54.725836,1664
CALL-000600,P-00307,P-00465,2026-02-21T17:46:03.725836,1580
CALL-000601,P-00170,P-00122,2026-05-06T18:58:17.725836,1379
CALL-000602,P-00108,P-00247,2026-02-23T10:52:19.725836,1074
CALL-000603,P-00512,P-00415,2025-09-02T02:20:25.725836,1399
CALL-000604,P-00543,P-00106,2026-06-30T09:57:06.725836,983
CALL-000605,P-00478,P-00275,2026-05-24T05:27:16.725836,465
CALL-000606,P-00406,P-00108,2025-09-21T17:39:57.725836,1567
CALL-000607,P-00118,P-00141,2025-10-18T16:39:10.725836,1726
CALL-000608,P-00157,P-00515,2026-06-11T11:24:53.725836,1723
CALL-000609,P-00491,P-00396,2025-08-14T05:20:25.725836,322
CALL-000610,P-00459,P-00389,2025-10-11T04:49:42.725836,1482
CALL-000611,P-00526,P-00476,2025-11-06T03:34:51.725836,936
CALL-000612,P-00195,P-00103,2026-04-07T07:55:14.725836,265
CALL-000613,P-00017,P-00287,2025-10-30T10:05:02.725836,1093
CALL-000614,P-00517,P-00399,2026-05-09T17:23:03.725836,1731
CALL-000615,P-00241,P-00246,2026-06-13T19:46:06.725836,719
CALL-000616,P-00080,P-00083,2025-12-10T13:36:06.725836,1116
CALL-000617,P-00176,P-00487,2026-05-11T16:08:01.725836,22
CALL-000618,P-00462,P-00501,2026-05-10T21:20:16.725836,746
CALL-000619,P-00273,P-00422,2026-06-12T16:14:17.725836,363
CALL-000620,P-00214,P-00303,2026-06-03T03:20:41.725836,473
CALL-000621,P-00219,P-00176,2025-08-31T02:23:56.725836,158
CALL-000622,P-00556,P-00190,2026-01-29T16:27:57.725836,72
CALL-000623,P-00065,P-00375,2026-06-29T07:13:52.725836,308
CALL-000624,P-00244,P-00583,2025-12-22T02:26:17.725836,461
CALL-000625,P-00088,P-00018,2026-07-13T12:31:01.725836,1399
CALL-000626,P-00044,P-00470,2026-03-29T11:27:03.725836,894
CALL-000627,P-00372,P-00384,2025-12-19T00:15:25.725836,713
CALL-000628,P-00113,P-00176,2025-10-19T03:14:39.725836,1339
CALL-000629,P-00048,P-00078,2026-01-11T22:20:02.725836,1024
CALL-000630,P-00231,P-00035,2025-09-24T06:32:39.725836,217
CALL-000631,P-00030,P-00447,2025-12-30T13:29:12.725836,486
CALL-000632,P-00317,P-00336,2026-07-13T12:19:07.725836,483
CALL-000633,P-00534,P-00295,2026-02-11T02:52:55.725836,505
CALL-000634,P-00533,P-00385,2025-11-19T03:42:47.725836,1419
CALL-000635,P-00278,P-00128,2025-09-13T09:26:02.725836,801
CALL-000636,P-00029,P-00346,2026-03-12T21:41:42.725836,848
CALL-000637,P-00226,P-00169,2026-02-15T10:15:08.725836,315
CALL-000638,P-00062,P-00364,2026-01-26T03:20:26.725836,1020
CALL-000639,P-00443,P-00303,2026-05-14T07:11:44.725836,1214
CALL-000640,P-00244,P-00216,2025-11-26T15:40:37.725836,1444
CALL-000641,P-00405,P-00564,2025-08-29T11:08:05.725836,974
CALL-000642,P-00352,P-00351,2026-01-27T06:00:26.725836,1279
CALL-000643,P-00379,P-00471,2026-02-24T05:48:30.725836,101
CALL-000644,P-00384,P-00474,2025-12-20T12:11:11.725836,779
CALL-000645,P-00399,P-00568,2026-05-05T14:08:12.725836,729
CALL-000646,P-00027,P-00496,2025-12-17T17:46:14.725836,801
CALL-000647,P-00430,P-00215,2026-02-19T15:58:39.725836,807
CALL-000648,P-00232,P-00200,2026-02-19T04:53:13.725836,1136
CALL-000649,P-00561,P-00048,2026-04-10T05:49:38.725836,152
CALL-000650,P-00585,P-00357,2026-02-19T20:35:53.725836,1710
CALL-000651,P-00494,P-00207,2026-03-18T22:03:44.725836,762
CALL-000652,P-00429,P-00055,2025-10-19T10:05:09.725836,652
CALL-000653,P-00186,P-00198,2026-04-16T16:14:30.725836,1132
CALL-000654,P-00245,P-00564,2025-11-29T05:40:31.725836,766
CALL-000655,P-00566,P-00089,2026-01-30T03:08:17.725836,1216
CALL-000656,P-00295,P-00145,2025-09-23T03:23:35.725836,1369
CALL-000657,P-00120,P-00286,2026-04-09T03:03:47.725836,844
CALL-000658,P-00466,P-00057,2026-04-06T00:10:29.725836,312
CALL-000659,P-00478,P-00373,2026-07-11T05:47:30.725836,828
CALL-000660,P-00111,P-00042,2025-10-31T23:03:27.725836,381
CALL-000661,P-00464,P-00471,2026-06-12T04:06:21.725836,834
CALL-000662,P-00556,P-00227,2026-05-12T17:29:00.725836,1782
CALL-000663,P-00517,P-00471,2026-02-05T06:50:45.725836,561
CALL-000664,P-00283,P-00544,2026-05-31T17:56:36.725836,1244
CALL-000665,P-00563,P-00236,2026-03-02T23:01:07.725836,793
CALL-000666,P-00194,P-00384,2025-10-13T05:34:14.725836,1649
CALL-000667,P-00115,P-00526,2025-09-18T02:03:30.725836,1562
CALL-000668,P-00110,P-00560,2026-06-13T09:25:56.725836,254
CALL-000669,P-00275,P-00034,2026-01-07T03:46:03.725836,219
CALL-000670,P-00449,P-00593,2026-03-11T04:10:03.725836,877
CALL-000671,P-00475,P-00208,2025-08-04T18:08:57.725836,840
CALL-000672,P-00538,P-00575,2025-10-03T22:22:50.725836,640
CALL-000673,P-00136,P-00145,2025-09-28T13:44:08.725836,1261
CALL-000674,P-00546,P-00211,2026-05-22T19:31:00.725836,47
CALL-000675,P-00593,P-00086,2026-01-16T01:30:14.725836,1175
CALL-000676,P-00131,P-00518,2026-03-21T14:30:55.725836,1676
CALL-000677,P-00207,P-00600,2026-02-21T14:17:44.725836,1225
CALL-000678,P-00064,P-00525,2025-12-10T09:50:22.725836,1620
CALL-000679,P-00230,P-00166,2026-01-28T20:48:17.725836,1021
CALL-000680,P-00486,P-00034,2025-12-12T06:27:06.725836,767
CALL-000681,P-00052,P-00216,2026-07-18T19:16:25.725836,957
CALL-000682,P-00401,P-00071,2026-05-23T14:47:41.725836,1389
CALL-000683,P-00392,P-00147,2025-11-23T06:00:55.725836,1428
CALL-000684,P-00418,P-00324,2026-04-27T12:10:55.725836,1213
CALL-000685,P-00151,P-00195,2026-05-17T17:25:55.725836,1224
CALL-000686,P-00365,P-00450,2025-11-01T10:14:30.725836,600
CALL-000687,P-00056,P-00095,2026-03-28T20:16:11.725836,1387
CALL-000688,P-00414,P-00190,2025-12-05T18:00:24.725836,744
CALL-000689,P-00244,P-00302,2025-09-17T13:45:52.725836,443
CALL-000690,P-00064,P-00337,2026-03-05T04:16:48.725836,205
CALL-000691,P-00481,P-00011,2025-09-04T23:52:49.725836,1702
CALL-000692,P-00395,P-00264,2025-10-08T11:24:07.725836,1473
CALL-000693,P-00352,P-00071,2025-12-31T13:14:09.725836,160
CALL-000694,P-00149,P-00484,2026-05-21T14:52:16.725836,371
CALL-000695,P-00143,P-00057,2026-06-18T08:11:01.725836,278
CALL-000696,P-00368,P-00349,2026-04-17T11:59:24.725836,595
CALL-000697,P-00481,P-00177,2026-01-10T02:10:45.725836,184
CALL-000698,P-00195,P-00229,2026-02-13T18:00:32.725836,437
CALL-000699,P-00262,P-00103,2026-05-09T00:16:03.725836,931
CALL-000700,P-00375,P-00120,2025-10-18T14:37:45.725836,108
CALL-000701,P-00404,P-00069,2026-04-17T19:47:16.725836,290
CALL-000702,P-00422,P-00290,2025-11-10T13:19:51.725836,789
CALL-000703,P-00561,P-00265,2025-08-31T17:46:00.725836,957
CALL-000704,P-00484,P-00138,2025-10-31T12:34:50.725836,587
CALL-000705,P-00170,P-00384,2025-09-21T21:04:59.725836,419
CALL-000706,P-00159,P-00342,2026-01-01T11:19:41.725836,703
CALL-000707,P-00443,P-00390,2026-06-10T13:23:36.725836,1789
CALL-000708,P-00203,P-00494,2026-04-26T23:21:38.725836,838
CALL-000709,P-00158,P-00541,2026-01-26T04:48:24.725836,565
CALL-000710,P-00158,P-00323,2026-07-16T15:43:15.725836,1258
CALL-000711,P-00364,P-00181,2026-05-12T02:54:57.725836,762
CALL-000712,P-00120,P-00545,2025-08-20T11:36:48.725836,721
CALL-000713,P-00519,P-00002,2026-07-02T11:19:20.725836,1032
CALL-000714,P-00282,P-00503,2026-01-08T04:28:07.725836,1292
CALL-000715,P-00120,P-00367,2025-10-22T05:44:23.725836,1118
CALL-000716,P-00269,P-00564,2026-02-22T09:13:19.725836,837
CALL-000717,P-00478,P-00438,2025-09-22T02:52:45.725836,376
CALL-000718,P-00297,P-00431,2026-07-22T04:43:12.725836,470
CALL-000719,P-00265,P-00478,2026-03-31T17:58:53.725836,1648
CALL-000720,P-00416,P-00085,2025-11-07T04:35:47.725836,421
CALL-000721,P-00285,P-00445,2026-05-12T05:55:55.725836,1256
CALL-000722,P-00352,P-00306,2026-02-10T14:58:09.725836,1110
CALL-000723,P-00158,P-00299,2025-08-16T20:31:42.725836,1255
CALL-000724,P-00091,P-00273,2026-03-27T06:28:15.725836,1618
CALL-000725,P-00122,P-00120,2026-03-09T20:22:02.725836,665
CALL-000726,P-00465,P-00022,2025-10-29T01:51:03.725836,530
CALL-000727,P-00197,P-00090,2026-03-11T18:49:40.725836,1645
CALL-000728,P-00494,P-00231,2026-03-23T05:13:39.725836,1712
CALL-000729,P-00170,P-00567,2026-05-15T22:48:39.725836,1178
CALL-000730,P-00517,P-00165,2026-07-03T08:07:37.725836,187
CALL-000731,P-00293,P-00272,2025-12-12T19:08:27.725836,1256
CALL-000732,P-00406,P-00495,2025-10-18T11:52:31.725836,1746
CALL-000733,P-00100,P-00110,2025-09-19T01:24:21.725836,229
CALL-000734,P-00069,P-00534,2026-01-23T19:16:10.725836,388
CALL-000735,P-00032,P-00062,2025-08-23T19:51:51.725836,32
CALL-000736,P-00139,P-00351,2025-09-07T07:40:47.725836,1107
CALL-000737,P-00491,P-00457,2025-08-01T09:32:34.725836,1193
CALL-000738,P-00271,P-00391,2026-05-13T07:45:02.725836,1011
CALL-000739,P-00369,P-00272,2025-08-06T20:46:03.725836,1762
CALL-000740,P-00276,P-00414,2026-06-12T15:32:52.725836,151
CALL-000741,P-00129,P-00259,2026-02-03T00:44:46.725836,227
CALL-000742,P-00071,P-00294,2026-02-03T23:14:46.725836,424
CALL-000743,P-00438,P-00314,2025-12-06T02:02:40.725836,94
CALL-000744,P-00312,P-00073,2025-11-23T00:45:28.725836,835
CALL-000745,P-00113,P-00101,2026-01-19T06:53:56.725836,1598
CALL-000746,P-00585,P-00388,2026-03-10T10:35:28.725836,436
CALL-000747,P-00116,P-00031,2026-03-20T21:29:02.725836,1142
CALL-000748,P-00558,P-00201,2026-04-20T23:11:35.725836,1289
CALL-000749,P-00465,P-00196,2026-03-04T02:32:48.725836,695
CALL-000750,P-00159,P-00545,2026-01-01T20:14:55.725836,989
CALL-000751,P-00143,P-00048,2026-04-30T01:05:58.725836,558
CALL-000752,P-00001,P-00268,2026-01-19T10:41:59.725836,523
CALL-000753,P-00141,P-00272,2025-10-08T12:33:44.725836,1079
CALL-000754,P-00326,P-00569,2026-06-10T05:08:12.725836,493
CALL-000755,P-00015,P-00502,2025-09-12T09:02:59.725836,1355
CALL-000756,P-00494,P-00237,2026-05-23T04:00:57.725836,1635
CALL-000757,P-00118,P-00058,2026-01-10T13:53:23.725836,219
CALL-000758,P-00341,P-00355,2025-11-04T12:56:38.725836,1244
CALL-000759,P-00594,P-00267,2025-11-12T09:07:21.725836,964
CALL-000760,P-00004,P-00484,2026-06-22T09:30:31.725836,1333
CALL-000761,P-00161,P-00248,2026-07-05T08:20:58.725836,1566
CALL-000762,P-00244,P-00238,2025-09-10T23:12:45.725836,109
CALL-000763,P-00337,P-00261,2026-04-07T00:03:53.725836,1464
CALL-000764,P-00005,P-00121,2026-02-03T07:45:20.725836,1394
CALL-000765,P-00189,P-00149,2025-09-08T14:43:55.725836,635
CALL-000766,P-00133,P-00163,2026-02-12T20:45:00.725836,1277
CALL-000767,P-00584,P-00192,2026-04-19T20:45:36.725836,580
CALL-000768,P-00011,P-00148,2026-07-07T17:51:31.725836,208
CALL-000769,P-00045,P-00525,2025-11-15T15:55:13.725836,1631
CALL-000770,P-00123,P-00455,2025-12-09T01:36:47.725836,1176
CALL-000771,P-00428,P-00322,2026-03-04T20:11:22.725836,1208
CALL-000772,P-00462,P-00461,2026-05-23T18:07:54.725836,1378
CALL-000773,P-00524,P-00548,2026-06-03T01:53:56.725836,1564
CALL-000774,P-00328,P-00574,2026-02-22T21:32:24.725836,1343
CALL-000775,P-00141,P-00560,2025-09-10T20:57:40.725836,1065
CALL-000776,P-00404,P-00393,2026-01-19T03:24:26.725836,1623
CALL-000777,P-00321,P-00099,2026-02-12T04:16:31.725836,672
CALL-000778,P-00516,P-00088,2025-11-24T12:19:28.725836,872
CALL-000779,P-00247,P-00555,2026-05-16T03:13:01.725836,1109
CALL-000780,P-00011,P-00272,2026-03-31T03:17:36.725836,983
CALL-000781,P-00446,P-00211,2025-10-27T06:47:34.725836,1328
CALL-000782,P-00185,P-00560,2025-09-28T18:18:01.725836,1258
CALL-000783,P-00076,P-00541,2025-12-24T08:27:07.725836,356
CALL-000784,P-00155,P-00400,2025-08-04T03:12:20.725836,1434
CALL-000785,P-00098,P-00096,2026-04-30T02:09:19.725836,1040
CALL-000786,P-00489,P-00527,2025-10-10T10:39:07.725836,1482
CALL-000787,P-00403,P-00344,2025-08-13T11:02:14.725836,422
CALL-000788,P-00398,P-00389,2025-12-30T20:01:22.725836,1338
CALL-000789,P-00246,P-00573,2026-02-04T12:01:19.725836,700
CALL-000790,P-00193,P-00504,2026-06-05T21:27:15.725836,276
CALL-000791,P-00558,P-00464,2026-06-15T15:45:59.725836,179
CALL-000792,P-00015,P-00011,2025-12-30T02:29:48.725836,833
CALL-000793,P-00248,P-00142,2025-09-15T07:18:38.725836,756
CALL-000794,P-00447,P-00005,2026-05-18T06:41:49.725836,268
CALL-000795,P-00213,P-00489,2026-04-28T18:53:11.725836,1013
CALL-000796,P-00596,P-00271,2025-12-10T20:25:41.725836,123
CALL-000797,P-00262,P-00362,2025-09-29T10:36:55.725836,1449
CALL-000798,P-00190,P-00462,2026-07-17T20:40:46.725836,1527
CALL-000799,P-00565,P-00398,2026-01-22T12:13:05.725836,1270
CALL-000800,P-00164,P-00145,2025-07-31T04:25:26.725836,745
CALL-000801,P-00353,P-00579,2026-07-11T11:07:36.725836,350
CALL-000802,P-00481,P-00358,2026-07-05T06:02:59.725836,1596
CALL-000803,P-00238,P-00007,2026-04-02T15:35:48.725836,1217
CALL-000804,P-00497,P-00236,2025-09-23T18:20:28.725836,1680
CALL-000805,P-00171,P-00580,2026-06-05T13:16:13.725836,186
CALL-000806,P-00307,P-00064,2026-05-24T16:55:13.725836,377
CALL-000807,P-00448,P-00520,2025-08-07T22:24:00.725836,1109
CALL-000808,P-00580,P-00292,2026-05-13T21:50:34.725836,1493
CALL-000809,P-00330,P-00338,2026-05-23T12:15:58.725836,40
CALL-000810,P-00440,P-00436,2026-03-26T14:20:24.725836,1733
CALL-000811,P-00291,P-00048,2026-06-07T00:35:45.725836,1652
CALL-000812,P-00119,P-00248,2026-05-21T16:42:42.725836,1350
CALL-000813,P-00028,P-00343,2026-01-25T05:46:45.725836,1290
CALL-000814,P-00565,P-00170,2026-06-10T21:05:56.725836,344
CALL-000815,P-00171,P-00240,2025-11-27T11:41:47.725836,873
CALL-000816,P-00169,P-00334,2026-01-21T16:43:15.725836,1148
CALL-000817,P-00543,P-00064,2026-05-17T20:30:18.725836,1509
CALL-000818,P-00217,P-00214,2025-12-09T05:45:20.725836,1646
CALL-000819,P-00334,P-00333,2025-09-25T06:22:51.725836,112
CALL-000820,P-00201,P-00204,2025-10-01T06:22:36.725836,9
CALL-000821,P-00561,P-00580,2026-05-08T13:04:30.725836,421
CALL-000822,P-00109,P-00591,2026-06-13T13:32:38.725836,578
CALL-000823,P-00551,P-00034,2026-07-01T15:23:47.725836,1011
CALL-000824,P-00367,P-00352,2026-02-04T11:45:04.725836,241
CALL-000825,P-00060,P-00101,2026-01-09T01:06:26.725836,524
CALL-000826,P-00044,P-00542,2025-09-19T19:54:52.725836,1698
CALL-000827,P-00551,P-00143,2026-06-13T01:19:27.725836,233
CALL-000828,P-00173,P-00456,2025-09-18T22:59:03.725836,806
CALL-000829,P-00596,P-00338,2025-12-04T04:52:38.725836,1618
CALL-000830,P-00373,P-00178,2026-03-20T14:36:03.725836,516
CALL-000831,P-00184,P-00502,2026-01-10T03:02:02.725836,1016
CALL-000832,P-00462,P-00043,2025-09-28T09:24:24.725836,364
CALL-000833,P-00001,P-00565,2025-11-16T04:36:06.725836,1112
CALL-000834,P-00093,P-00092,2025-08-26T23:58:47.725836,829
CALL-000835,P-00393,P-00545,2026-02-13T07:32:05.725836,776
CALL-000836,P-00133,P-00119,2026-01-11T07:11:49.725836,599
CALL-000837,P-00181,P-00020,2026-06-29T20:48:27.725836,295
CALL-000838,P-00536,P-00073,2026-02-09T21:57:34.725836,1418
CALL-000839,P-00240,P-00126,2025-11-25T00:08:54.725836,628
CALL-000840,P-00356,P-00209,2025-09-04T12:08:44.725836,1028
CALL-000841,P-00438,P-00567,2025-09-15T23:04:26.725836,1800
CALL-000842,P-00359,P-00341,2026-01-01T15:03:51.725836,1004
CALL-000843,P-00090,P-00594,2025-09-16T11:19:03.725836,26
CALL-000844,P-00193,P-00382,2026-06-19T23:53:37.725836,633
CALL-000845,P-00117,P-00454,2025-08-20T13:51:40.725836,1339
CALL-000846,P-00227,P-00556,2026-06-04T13:00:06.725836,390
CALL-000847,P-00387,P-00068,2026-02-19T10:44:20.725836,1217
CALL-000848,P-00501,P-00405,2025-10-08T16:06:11.725836,142
CALL-000849,P-00176,P-00190,2026-03-02T20:27:11.725836,1223
CALL-000850,P-00201,P-00502,2026-05-02T01:28:23.725836,290
CALL-000851,P-00378,P-00102,2026-06-20T05:02:27.725836,1187
CALL-000852,P-00125,P-00199,2025-10-07T05:44:19.725836,34
CALL-000853,P-00238,P-00158,2026-05-18T23:18:41.725836,1748
CALL-000854,P-00544,P-00373,2026-02-11T20:36:39.725836,106
CALL-000855,P-00130,P-00555,2026-03-27T23:15:46.725836,949
CALL-000856,P-00217,P-00110,2025-10-10T15:41:37.725836,1349
CALL-000857,P-00433,P-00152,2026-03-02T06:40:35.725836,13
CALL-000858,P-00116,P-00307,2026-05-03T18:02:09.725836,957
CALL-000859,P-00009,P-00419,2026-06-19T15:49:48.725836,93
CALL-000860,P-00141,P-00374,2026-01-19T17:16:08.725836,471
CALL-000861,P-00548,P-00174,2025-09-11T00:24:01.725836,98
CALL-000862,P-00338,P-00528,2026-05-28T13:59:53.725836,1426
CALL-000863,P-00389,P-00034,2026-01-05T18:37:21.725836,792
CALL-000864,P-00263,P-00301,2026-05-09T23:10:43.725836,969
CALL-000865,P-00551,P-00275,2025-10-13T14:11:33.725836,608
CALL-000866,P-00181,P-00265,2025-12-28T11:58:27.725836,700
CALL-000867,P-00555,P-00306,2026-01-30T15:27:38.725836,172
CALL-000868,P-00551,P-00207,2026-05-04T07:41:51.725836,648
CALL-000869,P-00568,P-00531,2025-11-09T03:34:51.725836,19
CALL-000870,P-00192,P-00431,2026-03-23T20:07:20.725836,331
CALL-000871,P-00069,P-00046,2026-04-09T01:06:46.725836,1054
CALL-000872,P-00494,P-00580,2025-08-19T22:42:37.725836,1090
CALL-000873,P-00589,P-00573,2025-08-10T12:00:35.725836,543
CALL-000874,P-00532,P-00420,2025-12-15T07:13:04.725836,881
CALL-000875,P-00562,P-00373,2026-06-19T21:15:46.725836,886
CALL-000876,P-00308,P-00533,2026-02-24T04:50:49.725836,120
CALL-000877,P-00121,P-00144,2025-11-29T22:48:03.725836,1497
CALL-000878,P-00034,P-00246,2026-07-02T12:46:07.725836,451
CALL-000879,P-00099,P-00263,2026-04-29T10:31:16.725836,1556
CALL-000880,P-00393,P-00201,2026-06-12T12:15:19.725836,856
CALL-000881,P-00219,P-00001,2026-04-21T19:54:32.725836,1466
CALL-000882,P-00217,P-00256,2026-04-28T17:02:03.725836,1690
CALL-000883,P-00367,P-00077,2026-03-13T19:56:36.725836,613
CALL-000884,P-00326,P-00135,2026-02-06T17:09:42.725836,488
CALL-000885,P-00080,P-00338,2025-10-23T14:52:55.725836,496
CALL-000886,P-00422,P-00012,2025-09-05T07:48:46.725836,1376
CALL-000887,P-00126,P-00412,2025-09-13T09:26:08.725836,388
CALL-000888,P-00331,P-00206,2025-11-10T21:23:10.725836,1648
CALL-000889,P-00333,P-00531,2026-04-12T15:09:52.725836,994
CALL-000890,P-00351,P-00231,2026-04-30T09:47:52.725836,1744
CALL-000891,P-00316,P-00223,2025-12-30T04:59:23.725836,431
CALL-000892,P-00131,P-00581,2025-11-28T14:23:44.725836,1449
CALL-000893,P-00109,P-00491,2026-06-24T12:50:52.725836,597
CALL-000894,P-00464,P-00490,2026-02-10T18:08:38.725836,1462
CALL-000895,P-00462,P-00475,2026-05-09T15:53:31.725836,1517
CALL-000896,P-00104,P-00588,2025-12-28T03:38:12.725836,758
CALL-000897,P-00082,P-00303,2025-08-26T02:39:38.725836,1060
CALL-000898,P-00303,P-00507,2026-01-19T15:07:55.725836,959
CALL-000899,P-00156,P-00390,2025-11-25T21:50:15.725836,1193
CALL-000900,P-00532,P-00317,2025-10-22T21:55:28.725836,781
CALL-000901,P-00036,P-00071,2026-01-28T05:01:14.725836,1728
CALL-000902,P-00099,P-00071,2026-07-01T15:07:07.725836,530
CALL-000903,P-00056,P-00549,2026-05-14T17:41:26.725836,1149
CALL-000904,P-00167,P-00527,2026-05-19T02:51:12.725836,1593
CALL-000905,P-00149,P-00390,2025-08-19T03:51:51.725836,1531
CALL-000906,P-00240,P-00311,2025-12-28T22:45:22.725836,1630
CALL-000907,P-00566,P-00570,2025-09-12T20:34:45.725836,932
CALL-000908,P-00003,P-00186,2025-10-30T23:31:38.725836,832
CALL-000909,P-00249,P-00435,2026-06-03T04:20:28.725836,459
CALL-000910,P-00594,P-00438,2026-03-19T21:20:38.725836,255
CALL-000911,P-00565,P-00461,2026-05-10T23:45:10.725836,79
CALL-000912,P-00338,P-00538,2025-11-07T06:13:43.725836,686
CALL-000913,P-00518,P-00399,2025-10-29T05:20:33.725836,275
CALL-000914,P-00082,P-00459,2026-01-26T17:06:24.725836,1762
CALL-000915,P-00117,P-00388,2025-09-21T09:30:55.725836,504
CALL-000916,P-00195,P-00188,2025-08-06T14:38:25.725836,456
CALL-000917,P-00494,P-00429,2025-08-18T16:49:53.725836,164
CALL-000918,P-00526,P-00076,2025-08-01T20:29:33.725836,330
CALL-000919,P-00052,P-00358,2025-08-19T04:12:06.725836,378
CALL-000920,P-00188,P-00414,2025-08-23T01:12:47.725836,343
CALL-000921,P-00010,P-00315,2025-11-14T16:47:43.725836,858
CALL-000922,P-00449,P-00364,2026-06-16T08:32:41.725836,1697
CALL-000923,P-00253,P-00407,2026-04-23T03:46:29.725836,1354
CALL-000924,P-00193,P-00258,2025-11-29T02:38:44.725836,1601
CALL-000925,P-00064,P-00399,2026-04-18T06:26:02.725836,1588
CALL-000926,P-00561,P-00322,2026-07-06T18:10:07.725836,1192
CALL-000927,P-00596,P-00194,2026-02-14T10:30:31.725836,893
CALL-000928,P-00403,P-00367,2025-08-20T05:29:48.725836,1054
CALL-000929,P-00439,P-00244,2026-06-03T14:34:56.725836,76
CALL-000930,P-00020,P-00400,2026-04-25T17:31:03.725836,224
CALL-000931,P-00049,P-00599,2026-02-06T08:19:35.725836,642
CALL-000932,P-00334,P-00181,2026-07-08T23:23:46.725836,1762
CALL-000933,P-00425,P-00090,2026-03-18T10:02:59.725836,1521
CALL-000934,P-00555,P-00550,2025-07-30T12:45:08.725836,360
CALL-000935,P-00593,P-00117,2026-07-17T15:24:37.725836,993
CALL-000936,P-00207,P-00073,2026-05-10T13:40:35.725836,1081
CALL-000937,P-00130,P-00275,2025-10-19T10:26:12.725836,669
CALL-000938,P-00265,P-00525,2025-09-07T20:07:24.725836,1725
CALL-000939,P-00299,P-00558,2025-12-09T18:25:33.725836,480
CALL-000940,P-00407,P-00522,2025-10-11T14:01:07.725836,173
CALL-000941,P-00174,P-00287,2026-03-23T12:11:58.725836,1308
CALL-000942,P-00351,P-00161,2026-07-16T10:00:06.725836,1002
CALL-000943,P-00565,P-00336,2026-01-15T04:30:54.725836,407
CALL-000944,P-00170,P-00413,2025-12-18T20:27:55.725836,748
CALL-000945,P-00391,P-00070,2026-04-13T16:07:52.725836,1208
CALL-000946,P-00553,P-00059,2025-12-23T22:28:32.725836,485
CALL-000947,P-00165,P-00351,2026-02-24T15:01:32.725836,975
CALL-000948,P-00481,P-00450,2025-09-27T19:13:56.725836,776
CALL-000949,P-00467,P-00558,2026-02-02T00:14:37.725836,856
CALL-000950,P-00425,P-00379,2026-02-06T13:07:46.725836,337
CALL-000951,P-00526,P-00094,2026-02-25T09:45:02.725836,286
CALL-000952,P-00331,P-00372,2025-10-22T23:15:44.725836,1469
CALL-000953,P-00455,P-00176,2025-11-12T21:18:55.725836,1587
CALL-000954,P-00056,P-00448,2025-09-28T11:56:29.725836,1406
CALL-000955,P-00424,P-00354,2025-09-25T06:34:08.725836,1107
CALL-000956,P-00041,P-00367,2026-05-05T02:02:59.725836,1363
CALL-000957,P-00071,P-00534,2026-02-15T03:24:15.725836,193
CALL-000958,P-00234,P-00405,2026-04-27T21:09:35.725836,1415
CALL-000959,P-00152,P-00471,2026-03-11T22:10:22.725836,1436
CALL-000960,P-00292,P-00109,2025-12-03T20:23:45.725836,738
CALL-000961,P-00432,P-00340,2025-11-23T22:19:29.725836,397
CALL-000962,P-00538,P-00297,2026-01-22T08:02:31.725836,123
CALL-000963,P-00503,P-00235,2026-02-08T12:56:37.725836,1249
CALL-000964,P-00429,P-00087,2026-04-12T08:26:17.725836,192
CALL-000965,P-00155,P-00524,2025-08-31T12:14:12.725836,217
CALL-000966,P-00419,P-00568,2025-08-08T04:57:58.725836,1667
CALL-000967,P-00481,P-00389,2026-04-01T21:23:30.725836,1332
CALL-000968,P-00467,P-00109,2025-08-01T19:23:23.725836,856
CALL-000969,P-00375,P-00108,2026-04-09T00:57:25.725836,562
CALL-000970,P-00195,P-00034,2025-11-01T23:42:39.725836,1757
CALL-000971,P-00550,P-00577,2025-08-07T09:02:02.725836,370
CALL-000972,P-00461,P-00456,2025-10-03T04:44:50.725836,127
CALL-000973,P-00307,P-00495,2025-09-15T09:58:13.725836,1758
CALL-000974,P-00144,P-00486,2026-01-11T16:41:40.725836,1347
CALL-000975,P-00429,P-00062,2025-09-08T00:20:21.725836,972
CALL-000976,P-00419,P-00170,2026-05-20T11:55:26.725836,1539
CALL-000977,P-00334,P-00123,2026-03-08T14:35:27.725836,1099
CALL-000978,P-00138,P-00523,2026-05-18T14:38:33.725836,927
CALL-000979,P-00192,P-00399,2025-12-01T01:45:26.725836,1229
CALL-000980,P-00148,P-00397,2026-03-02T19:43:42.725836,1024
CALL-000981,P-00489,P-00155,2026-07-18T03:27:23.725836,1610
CALL-000982,P-00108,P-00444,2026-07-13T17:15:37.725836,1193
CALL-000983,P-00076,P-00410,2026-02-17T00:28:51.725836,918
CALL-000984,P-00353,P-00272,2026-05-26T12:42:12.725836,1719
CALL-000985,P-00122,P-00088,2026-02-12T00:55:41.725836,608
CALL-000986,P-00511,P-00406,2025-09-29T14:37:47.725836,1218
CALL-000987,P-00266,P-00587,2026-06-16T23:00:20.725836,520
CALL-000988,P-00096,P-00416,2026-05-02T13:53:49.725836,244
CALL-000989,P-00082,P-00001,2025-10-04T05:25:55.725836,1438
CALL-000990,P-00441,P-00252,2026-07-12T18:57:13.725836,1562
CALL-000991,P-00581,P-00053,2025-09-07T23:32:02.725836,1566
CALL-000992,P-00368,P-00500,2025-10-22T09:24:55.725836,1500
CALL-000993,P-00263,P-00110,2025-10-07T15:58:50.725836,173
CALL-000994,P-00206,P-00263,2026-04-10T00:32:15.725836,435
CALL-000995,P-00322,P-00496,2025-11-16T08:28:45.725836,843
CALL-000996,P-00385,P-00389,2025-11-27T14:04:24.725836,1658
CALL-000997,P-00060,P-00447,2026-02-19T10:29:00.725836,822
CALL-000998,P-00581,P-00214,2025-12-07T09:17:28.725836,1687
CALL-000999,P-00041,P-00375,2025-10-11T01:44:59.725836,237
CALL-001000,P-00065,P-00314,2025-11-07T20:55:10.725836,1481
CALL-001001,P-00074,P-00027,2025-09-26T11:16:26.725836,1381
CALL-001002,P-00543,P-00041,2026-03-28T15:08:58.725836,189
CALL-001003,P-00217,P-00588,2026-06-25T17:54:31.725836,632
CALL-001004,P-00495,P-00081,2026-03-23T20:46:51.725836,466
CALL-001005,P-00396,P-00238,2026-02-10T19:43:03.725836,1550
CALL-001006,P-00011,P-00312,2026-02-13T20:10:55.725836,703
CALL-001007,P-00576,P-00593,2026-04-05T20:51:50.725836,431
CALL-001008,P-00533,P-00092,2026-04-17T13:21:39.725836,419
CALL-001009,P-00564,P-00108,2026-06-06T01:37:50.725836,1575
CALL-001010,P-00139,P-00491,2025-11-09T12:28:07.725836,905
CALL-001011,P-00042,P-00191,2025-08-21T18:29:45.725836,1389
CALL-001012,P-00460,P-00060,2025-09-14T15:21:23.725836,683
CALL-001013,P-00208,P-00559,2026-05-28T10:42:58.725836,1438
CALL-001014,P-00310,P-00596,2026-07-07T03:26:00.725836,1488
CALL-001015,P-00595,P-00510,2026-05-23T10:06:07.725836,929
CALL-001016,P-00018,P-00185,2026-04-09T16:46:11.725836,276
CALL-001017,P-00010,P-00575,2026-03-17T12:59:20.725836,812
CALL-001018,P-00520,P-00166,2026-06-28T11:03:46.725836,1293
CALL-001019,P-00352,P-00504,2025-11-13T03:44:08.725836,1278
CALL-001020,P-00273,P-00272,2026-03-05T08:47:02.725836,1619
CALL-001021,P-00366,P-00196,2026-05-09T03:27:53.725836,615
CALL-001022,P-00342,P-00555,2026-05-04T08:30:40.725836,1359
CALL-001023,P-00439,P-00234,2025-09-18T13:33:59.725836,459
CALL-001024,P-00111,P-00244,2026-02-02T12:09:25.725836,1551
CALL-001025,P-00248,P-00306,2025-10-05T19:49:22.725836,532
CALL-001026,P-00454,P-00558,2025-08-27T20:22:01.725836,308
CALL-001027,P-00256,P-00389,2026-02-19T01:20:28.725836,709
CALL-001028,P-00434,P-00275,2026-06-05T21:49:43.725836,410
CALL-001029,P-00101,P-00195,2026-06-08T06:22:59.725836,769
CALL-001030,P-00224,P-00591,2026-04-22T05:18:55.725836,295
CALL-001031,P-00060,P-00508,2026-01-28T10:19:05.725836,131
CALL-001032,P-00202,P-00374,2026-06-18T04:42:17.725836,1348
CALL-001033,P-00312,P-00188,2025-11-29T01:09:14.725836,204
CALL-001034,P-00459,P-00388,2026-07-17T10:48:37.725836,641
CALL-001035,P-00258,P-00374,2026-04-20T21:10:12.725836,524
CALL-001036,P-00194,P-00054,2026-05-10T01:18:26.725836,408
CALL-001037,P-00064,P-00434,2025-11-29T18:33:21.725836,1443
CALL-001038,P-00109,P-00401,2025-09-10T06:08:25.725836,274
CALL-001039,P-00399,P-00202,2025-08-18T03:13:59.725836,1001
CALL-001040,P-00375,P-00188,2026-04-25T19:04:58.725836,1171
CALL-001041,P-00429,P-00011,2026-01-16T14:40:23.725836,1125
CALL-001042,P-00182,P-00313,2025-10-19T22:55:17.725836,402
CALL-001043,P-00128,P-00413,2025-07-27T11:03:32.725836,1512
CALL-001044,P-00205,P-00064,2025-10-02T14:03:16.725836,745
CALL-001045,P-00244,P-00398,2026-06-27T12:28:22.725836,1536
CALL-001046,P-00392,P-00563,2026-07-23T13:26:09.725836,311
CALL-001047,P-00058,P-00396,2026-05-19T17:38:01.725836,434
CALL-001048,P-00238,P-00293,2026-05-04T17:50:12.725836,894
CALL-001049,P-00068,P-00111,2026-02-01T18:21:57.725836,592
CALL-001050,P-00370,P-00233,2026-02-15T18:06:58.725836,909
CALL-001051,P-00583,P-00536,2026-03-14T13:34:53.725836,928
CALL-001052,P-00311,P-00291,2025-10-15T03:32:44.725836,477
CALL-001053,P-00121,P-00234,2025-11-10T20:29:31.725836,1006
CALL-001054,P-00390,P-00019,2026-02-26T00:22:51.725836,52
CALL-001055,P-00457,P-00161,2026-04-16T23:13:05.725836,967
CALL-001056,P-00131,P-00214,2025-09-12T10:57:03.725836,634
CALL-001057,P-00075,P-00552,2026-05-01T15:13:10.725836,220
CALL-001058,P-00151,P-00322,2025-08-02T08:19:20.725836,1015
CALL-001059,P-00329,P-00193,2026-01-13T08:14:56.725836,444
CALL-001060,P-00245,P-00334,2025-07-28T14:32:02.725836,1654
CALL-001061,P-00013,P-00443,2026-01-27T19:58:20.725836,1485
CALL-001062,P-00157,P-00207,2026-04-12T23:46:30.725836,1126
CALL-001063,P-00465,P-00542,2025-09-05T13:07:29.725836,526
CALL-001064,P-00398,P-00501,2025-12-20T06:32:17.725836,966
CALL-001065,P-00425,P-00397,2025-10-29T21:55:43.725836,1134
CALL-001066,P-00413,P-00405,2026-06-21T03:02:57.725836,1633
CALL-001067,P-00520,P-00494,2026-04-27T00:47:11.725836,1553
CALL-001068,P-00201,P-00519,2025-08-20T20:25:22.725836,1733
CALL-001069,P-00195,P-00278,2025-12-16T13:28:49.725836,1009
CALL-001070,P-00036,P-00139,2025-11-09T20:31:59.725836,1214
CALL-001071,P-00104,P-00229,2026-01-01T09:25:43.725836,1163
CALL-001072,P-00168,P-00376,2026-03-17T01:48:19.725836,1359
CALL-001073,P-00400,P-00081,2026-01-11T08:14:10.725836,876
CALL-001074,P-00009,P-00073,2026-01-31T20:59:07.725836,551
CALL-001075,P-00059,P-00043,2025-09-09T12:22:42.725836,1460
CALL-001076,P-00483,P-00139,2026-07-25T05:44:19.725836,1150
CALL-001077,P-00522,P-00232,2026-07-19T11:46:11.725836,407
CALL-001078,P-00060,P-00573,2026-01-08T06:49:18.725836,1689
CALL-001079,P-00450,P-00089,2025-11-23T03:56:52.725836,878
CALL-001080,P-00492,P-00064,2025-10-09T08:35:38.725836,1570
CALL-001081,P-00388,P-00301,2026-05-20T19:10:30.725836,1227
CALL-001082,P-00255,P-00146,2025-09-12T04:30:10.725836,578
CALL-001083,P-00351,P-00170,2025-12-08T00:18:11.725836,376
CALL-001084,P-00310,P-00232,2026-04-30T21:59:54.725836,1105
CALL-001085,P-00190,P-00147,2026-07-14T10:25:27.725836,347
CALL-001086,P-00494,P-00060,2026-04-12T18:53:30.725836,720
CALL-001087,P-00050,P-00453,2025-12-03T04:14:23.725836,948
CALL-001088,P-00009,P-00274,2026-01-30T06:46:02.725836,1690
CALL-001089,P-00278,P-00067,2025-09-26T09:34:14.725836,1594
CALL-001090,P-00104,P-00414,2026-06-27T20:32:14.725836,1074
CALL-001091,P-00463,P-00053,2025-12-16T09:50:40.725836,1518
CALL-001092,P-00147,P-00431,2026-05-23T19:14:31.725836,1057
CALL-001093,P-00395,P-00425,2026-01-23T04:10:59.725836,1227
CALL-001094,P-00302,P-00393,2026-07-21T21:59:09.725836,1431
CALL-001095,P-00095,P-00405,2025-09-03T10:18:18.725836,1450
CALL-001096,P-00280,P-00108,2025-09-17T08:38:55.725836,349
CALL-001097,P-00557,P-00337,2026-04-14T03:35:55.725836,166
CALL-001098,P-00431,P-00263,2025-09-14T22:11:49.725836,842
CALL-001099,P-00357,P-00193,2025-10-12T19:11:53.725836,58
CALL-001100,P-00321,P-00336,2026-05-22T05:06:27.725836,453
CALL-001101,P-00331,P-00292,2025-11-03T11:30:41.725836,979
CALL-001102,P-00364,P-00434,2026-02-12T07:25:00.725836,1380
CALL-001103,P-00240,P-00193,2025-09-25T20:22:01.725836,964
CALL-001104,P-00497,P-00128,2026-07-03T15:28:51.725836,1156
CALL-001105,P-00321,P-00080,2026-01-10T01:42:31.725836,1096
CALL-001106,P-00499,P-00042,2025-08-01T22:51:22.725836,135
CALL-001107,P-00280,P-00559,2025-11-12T17:48:57.725836,737
CALL-001108,P-00529,P-00037,2025-10-21T15:09:56.725836,761
CALL-001109,P-00435,P-00119,2025-08-24T10:59:42.725836,713
CALL-001110,P-00057,P-00325,2026-02-20T16:04:53.725836,1013
CALL-001111,P-00130,P-00120,2026-04-22T08:34:54.725836,374
CALL-001112,P-00143,P-00401,2025-12-25T16:46:04.725836,240
CALL-001113,P-00543,P-00127,2026-01-15T15:22:09.725836,1579
CALL-001114,P-00190,P-00167,2025-08-15T18:44:48.725836,1274
CALL-001115,P-00036,P-00178,2025-08-15T05:31:01.725836,825
CALL-001116,P-00567,P-00222,2026-01-08T21:48:41.725836,1240
CALL-001117,P-00190,P-00393,2026-03-26T01:03:57.725836,1387
CALL-001118,P-00102,P-00251,2026-05-19T03:40:25.725836,1014
CALL-001119,P-00405,P-00549,2026-02-01T20:15:57.725836,1420
CALL-001120,P-00461,P-00048,2026-05-16T11:51:49.725836,1425
CALL-001121,P-00142,P-00306,2025-10-28T15:25:35.725836,322
CALL-001122,P-00246,P-00041,2026-04-20T07:11:09.725836,1602
CALL-001123,P-00081,P-00090,2025-10-31T14:25:11.725836,1624
CALL-001124,P-00556,P-00074,2026-04-02T02:00:24.725836,1143
CALL-001125,P-00353,P-00429,2026-01-23T23:18:03.725836,1401
CALL-001126,P-00154,P-00288,2026-06-08T12:58:05.725836,1289
CALL-001127,P-00071,P-00460,2025-11-02T14:59:46.725836,379
CALL-001128,P-00424,P-00325,2025-11-01T22:02:03.725836,1151
CALL-001129,P-00116,P-00055,2025-09-06T05:00:59.725836,7
CALL-001130,P-00065,P-00117,2026-05-31T07:29:47.725836,456
CALL-001131,P-00276,P-00042,2026-01-17T15:40:31.725836,1040
CALL-001132,P-00130,P-00310,2026-04-14T03:57:49.725836,1571
CALL-001133,P-00254,P-00177,2026-07-20T10:33:10.725836,1011
CALL-001134,P-00143,P-00194,2026-02-10T23:23:11.725836,975
CALL-001135,P-00483,P-00176,2025-11-30T05:44:01.725836,1364
CALL-001136,P-00457,P-00375,2026-02-21T05:56:15.725836,1589
CALL-001137,P-00596,P-00599,2026-01-11T23:34:08.725836,502
CALL-001138,P-00172,P-00396,2026-06-18T00:52:16.725836,900
CALL-001139,P-00308,P-00177,2026-03-05T13:03:54.725836,940
CALL-001140,P-00268,P-00160,2025-09-24T21:39:49.725836,579
CALL-001141,P-00527,P-00326,2025-12-09T17:38:51.725836,429
CALL-001142,P-00435,P-00495,2026-01-23T21:56:47.725836,746
CALL-001143,P-00108,P-00101,2026-05-14T15:36:06.725836,20
CALL-001144,P-00369,P-00167,2026-05-12T20:57:19.725836,691
CALL-001145,P-00065,P-00062,2026-01-13T22:44:01.725836,1654
CALL-001146,P-00062,P-00154,2025-11-17T16:17:13.725836,997
CALL-001147,P-00419,P-00489,2026-06-20T05:32:14.725836,1740
CALL-001148,P-00006,P-00481,2026-07-01T05:51:13.725836,1364
CALL-001149,P-00190,P-00070,2025-11-05T18:22:42.725836,991
CALL-001150,P-00266,P-00370,2026-06-21T23:14:13.725836,651
CALL-001151,P-00083,P-00280,2026-05-10T18:21:22.725836,1137
CALL-001152,P-00144,P-00211,2026-06-02T18:03:03.725836,568
CALL-001153,P-00578,P-00230,2025-09-12T11:34:26.725836,1097
CALL-001154,P-00244,P-00478,2026-04-22T12:10:21.725836,907
CALL-001155,P-00143,P-00081,2026-01-16T19:20:32.725836,119
CALL-001156,P-00508,P-00570,2025-10-11T07:10:47.725836,796
CALL-001157,P-00436,P-00018,2026-04-17T02:24:23.725836,807
CALL-001158,P-00533,P-00467,2026-03-07T00:15:33.725836,1267
CALL-001159,P-00129,P-00530,2025-12-22T01:42:31.725836,500
CALL-001160,P-00548,P-00176,2025-11-28T18:09:28.725836,1602
CALL-001161,P-00227,P-00037,2025-08-02T23:31:22.725836,723
CALL-001162,P-00062,P-00278,2026-06-10T02:27:26.725836,1688
CALL-001163,P-00008,P-00276,2025-08-15T04:54:42.725836,546
CALL-001164,P-00147,P-00171,2026-06-28T13:35:08.725836,341
CALL-001165,P-00475,P-00570,2026-06-24T17:04:58.725836,897
CALL-001166,P-00446,P-00431,2025-08-03T16:36:19.725836,1599
CALL-001167,P-00415,P-00259,2025-08-13T04:28:16.725836,775
CALL-001168,P-00120,P-00351,2026-02-16T08:55:15.725836,1140
CALL-001169,P-00436,P-00417,2025-10-12T21:59:22.725836,1061
CALL-001170,P-00152,P-00148,2025-09-05T02:08:22.725836,400
CALL-001171,P-00483,P-00377,2026-02-18T01:24:56.725836,1415
CALL-001172,P-00049,P-00473,2026-01-18T11:55:40.725836,798
CALL-001173,P-00361,P-00553,2025-10-28T06:37:18.725836,230
CALL-001174,P-00483,P-00463,2025-08-31T15:21:40.725836,300
CALL-001175,P-00523,P-00371,2025-12-04T04:00:53.725836,317
CALL-001176,P-00271,P-00538,2026-04-11T20:04:45.725836,1267
CALL-001177,P-00563,P-00518,2026-05-31T19:07:49.725836,1413
CALL-001178,P-00418,P-00128,2026-07-01T12:04:52.725836,1452
CALL-001179,P-00152,P-00438,2025-12-12T13:24:17.725836,665
CALL-001180,P-00217,P-00056,2025-11-29T21:06:12.725836,553
CALL-001181,P-00081,P-00412,2026-06-12T13:24:17.725836,1356
CALL-001182,P-00265,P-00509,2026-02-26T14:52:24.725836,119
CALL-001183,P-00525,P-00074,2026-05-17T00:03:40.725836,1019
CALL-001184,P-00518,P-00411,2026-03-15T16:27:34.725836,999
CALL-001185,P-00153,P-00561,2026-02-18T21:58:07.725836,939
CALL-001186,P-00443,P-00029,2025-12-15T02:11:58.725836,220
CALL-001187,P-00002,P-00206,2025-12-11T03:04:32.725836,438
CALL-001188,P-00172,P-00454,2026-03-22T12:00:00.725836,675
CALL-001189,P-00382,P-00060,2025-08-16T01:38:37.725836,58
CALL-001190,P-00581,P-00444,2025-10-09T21:11:42.725836,179
CALL-001191,P-00033,P-00587,2026-02-18T04:13:49.725836,1486
CALL-001192,P-00249,P-00203,2026-05-05T21:31:02.725836,163
CALL-001193,P-00400,P-00356,2026-03-24T08:20:22.725836,465
CALL-001194,P-00224,P-00326,2025-08-15T07:48:33.725836,192
CALL-001195,P-00155,P-00393,2025-08-12T01:04:18.725836,27
CALL-001196,P-00491,P-00443,2025-12-03T21:22:57.725836,1030
CALL-001197,P-00486,P-00205,2025-07-29T13:52:36.725836,260
CALL-001198,P-00307,P-00285,2026-06-30T07:40:28.725836,256
CALL-001199,P-00572,P-00161,2025-10-27T09:47:04.725836,576
CALL-001200,P-00156,P-00178,2025-11-18T18:25:38.725836,950
CALL-001201,P-00474,P-00240,2026-04-24T19:45:14.725836,249
CALL-001202,P-00245,P-00463,2025-09-26T11:01:50.725836,1055
CALL-001203,P-00291,P-00572,2026-05-18T19:18:09.725836,1192
CALL-001204,P-00536,P-00451,2026-05-04T22:08:49.725836,196
CALL-001205,P-00297,P-00463,2026-03-20T03:02:40.725836,1662
CALL-001206,P-00130,P-00121,2025-10-19T17:00:41.725836,1074
CALL-001207,P-00406,P-00072,2026-03-30T01:31:29.725836,1327
CALL-001208,P-00528,P-00495,2026-02-22T16:06:17.725836,484
CALL-001209,P-00512,P-00329,2025-09-21T05:21:45.725836,1521
CALL-001210,P-00103,P-00148,2026-03-09T09:07:27.725836,1387
CALL-001211,P-00009,P-00288,2025-09-26T02:44:35.725836,592
CALL-001212,P-00126,P-00379,2025-11-14T07:25:17.725836,787
CALL-001213,P-00399,P-00103,2026-01-07T09:59:46.725836,1688
CALL-001214,P-00170,P-00152,2026-03-31T18:47:17.725836,975
CALL-001215,P-00448,P-00053,2025-08-08T16:54:21.725836,1214
CALL-001216,P-00126,P-00457,2026-03-16T13:26:11.725836,1490
CALL-001217,P-00232,P-00049,2025-11-04T11:03:37.725836,209
CALL-001218,P-00208,P-00055,2025-12-25T09:52:24.725836,480
CALL-001219,P-00208,P-00351,2026-06-07T07:23:51.725836,812
CALL-001220,P-00021,P-00051,2026-05-02T16:32:33.725836,1259
CALL-001221,P-00219,P-00280,2025-08-24T16:55:51.725836,1769
CALL-001222,P-00077,P-00321,2026-03-01T20:00:14.725836,1426
CALL-001223,P-00041,P-00393,2026-03-25T08:56:22.725836,862
CALL-001224,P-00477,P-00258,2025-12-25T16:01:31.725836,503
CALL-001225,P-00543,P-00431,2025-11-16T23:34:39.725836,708
CALL-001226,P-00205,P-00439,2025-09-14T13:25:18.725836,219
CALL-001227,P-00196,P-00420,2025-08-24T17:40:15.725836,1472
CALL-001228,P-00244,P-00195,2025-10-21T21:15:09.725836,1045
CALL-001229,P-00101,P-00469,2025-09-14T20:29:21.725836,896
CALL-001230,P-00469,P-00564,2026-04-04T01:46:13.725836,861
CALL-001231,P-00364,P-00461,2026-05-20T21:19:29.725836,1530
CALL-001232,P-00210,P-00276,2025-11-30T15:24:56.725836,1158
CALL-001233,P-00120,P-00312,2025-10-14T04:08:19.725836,763
CALL-001234,P-00213,P-00341,2026-05-30T23:11:09.725836,261
CALL-001235,P-00172,P-00469,2026-04-25T18:20:10.725836,943
CALL-001236,P-00397,P-00041,2026-01-30T23:18:53.725836,876
CALL-001237,P-00558,P-00566,2025-08-13T20:09:54.725836,1580
CALL-001238,P-00418,P-00327,2026-07-02T01:30:33.725836,632
CALL-001239,P-00538,P-00549,2026-07-18T22:34:41.725836,1292
CALL-001240,P-00326,P-00274,2025-11-14T02:11:43.725836,1184
CALL-001241,P-00064,P-00336,2026-01-10T03:22:47.725836,613
CALL-001242,P-00226,P-00554,2026-03-12T07:18:54.725836,497
CALL-001243,P-00176,P-00413,2025-11-03T12:39:35.725836,1093
CALL-001244,P-00559,P-00486,2026-01-05T13:02:42.725836,157
CALL-001245,P-00056,P-00475,2026-07-18T02:13:38.725836,652
CALL-001246,P-00551,P-00146,2026-07-06T11:35:49.725836,974
CALL-001247,P-00429,P-00040,2026-07-02T22:07:40.725836,1138
CALL-001248,P-00115,P-00218,2025-08-30T13:59:15.725836,1525
CALL-001249,P-00160,P-00523,2025-12-07T18:20:44.725836,1054
CALL-001250,P-00156,P-00001,2026-02-13T12:44:50.725836,329
CALL-001251,P-00561,P-00494,2026-04-08T20:06:47.725836,1372
CALL-001252,P-00397,P-00024,2026-07-24T03:59:47.725836,1557
CALL-001253,P-00540,P-00532,2026-04-16T23:32:45.725836,1294
CALL-001254,P-00393,P-00265,2026-01-30T22:36:50.725836,1098
CALL-001255,P-00092,P-00355,2026-06-09T16:27:46.725836,1550
CALL-001256,P-00263,P-00251,2026-03-24T21:40:53.725836,445
CALL-001257,P-00546,P-00564,2026-04-16T20:46:42.725836,1797
CALL-001258,P-00388,P-00312,2026-07-21T14:31:57.725836,1189
CALL-001259,P-00342,P-00006,2025-11-19T10:40:17.725836,618
CALL-001260,P-00277,P-00215,2026-04-28T05:24:25.725836,110
CALL-001261,P-00187,P-00049,2026-01-24T02:02:58.725836,1361
CALL-001262,P-00192,P-00559,2025-09-25T18:06:47.725836,1431
CALL-001263,P-00231,P-00581,2026-02-18T13:36:10.725836,98
CALL-001264,P-00548,P-00524,2026-05-19T22:03:57.725836,1376
CALL-001265,P-00341,P-00231,2026-01-28T22:18:41.725836,942
CALL-001266,P-00517,P-00282,2026-03-26T02:35:10.725836,429
CALL-001267,P-00565,P-00509,2025-12-05T13:49:18.725836,1682
CALL-001268,P-00517,P-00265,2026-02-19T21:32:48.725836,1466
CALL-001269,P-00412,P-00231,2026-03-16T23:20:57.725836,1729
CALL-001270,P-00042,P-00063,2025-12-19T09:01:45.725836,1796
CALL-001271,P-00143,P-00369,2025-08-23T10:13:59.725836,1091
CALL-001272,P-00532,P-00052,2026-06-04T18:30:48.725836,1402
CALL-001273,P-00014,P-00372,2026-01-25T13:24:21.725836,1049
CALL-001274,P-00233,P-00595,2026-03-05T23:33:39.725836,1692
CALL-001275,P-00557,P-00477,2025-08-04T04:50:23.725836,1512
CALL-001276,P-00104,P-00546,2025-08-26T16:46:36.725836,597
CALL-001277,P-00542,P-00220,2025-12-01T17:16:50.725836,96
CALL-001278,P-00174,P-00435,2026-05-21T08:26:56.725836,728
CALL-001279,P-00399,P-00364,2026-03-05T23:36:53.725836,77
CALL-001280,P-00460,P-00228,2025-07-28T14:30:44.725836,1527
CALL-001281,P-00459,P-00453,2026-02-01T03:28:01.725836,1150
CALL-001282,P-00400,P-00549,2026-02-25T11:57:27.725836,223
CALL-001283,P-00275,P-00321,2025-12-05T23:40:31.725836,1797
CALL-001284,P-00015,P-00009,2025-10-13T01:09:58.725836,205
CALL-001285,P-00600,P-00400,2025-09-25T09:37:27.725836,162
CALL-001286,P-00210,P-00588,2025-10-03T02:06:05.725836,408
CALL-001287,P-00123,P-00412,2025-12-14T04:37:37.725836,178
CALL-001288,P-00106,P-00462,2025-11-01T06:17:24.725836,439
CALL-001289,P-00207,P-00119,2026-03-31T05:45:22.725836,1274
CALL-001290,P-00491,P-00564,2025-11-22T20:49:37.725836,23
CALL-001291,P-00339,P-00211,2025-10-25T12:53:23.725836,1122
CALL-001292,P-00265,P-00120,2025-11-19T19:13:17.725836,925
CALL-001293,P-00269,P-00110,2026-03-17T23:15:00.725836,955
CALL-001294,P-00334,P-00095,2026-02-20T02:50:50.725836,1118
CALL-001295,P-00185,P-00532,2025-12-17T19:04:51.725836,426
CALL-001296,P-00108,P-00151,2026-05-20T01:06:30.725836,1619
CALL-001297,P-00105,P-00357,2025-09-12T10:57:42.725836,328
CALL-001298,P-00494,P-00242,2025-11-08T10:01:30.725836,1660
CALL-001299,P-00544,P-00452,2026-02-22T00:24:03.725836,1350
CALL-001300,P-00044,P-00538,2026-01-15T10:21:54.725836,642
CALL-001301,P-00395,P-00500,2025-11-05T23:43:02.725836,126
CALL-001302,P-00010,P-00390,2025-09-06T23:25:28.725836,554
CALL-001303,P-00558,P-00280,2026-04-15T06:55:16.725836,1298
CALL-001304,P-00062,P-00020,2026-02-20T10:31:57.725836,318
CALL-001305,P-00464,P-00065,2025-09-07T05:51:46.725836,254
CALL-001306,P-00016,P-00532,2025-10-07T06:05:31.725836,1580
CALL-001307,P-00303,P-00523,2026-01-05T16:53:44.725836,1328
CALL-001308,P-00090,P-00226,2025-08-26T04:59:50.725836,843
CALL-001309,P-00244,P-00573,2026-06-11T04:20:54.725836,1581
CALL-001310,P-00353,P-00496,2026-02-07T09:22:48.725836,1079
CALL-001311,P-00081,P-00214,2025-12-08T13:38:39.725836,1671
CALL-001312,P-00468,P-00294,2026-01-28T19:28:25.725836,500
CALL-001313,P-00419,P-00337,2026-02-17T03:31:11.725836,1324
CALL-001314,P-00511,P-00396,2026-01-28T21:00:51.725836,1578
CALL-001315,P-00582,P-00580,2026-06-05T13:52:48.725836,1705
CALL-001316,P-00195,P-00379,2026-01-21T02:44:34.725836,1157
CALL-001317,P-00241,P-00205,2025-08-27T18:33:13.725836,1580
CALL-001318,P-00588,P-00451,2026-07-04T12:08:21.725836,712
CALL-001319,P-00378,P-00256,2025-08-19T22:50:48.725836,1335
CALL-001320,P-00334,P-00205,2026-01-23T23:27:38.725836,1706
CALL-001321,P-00379,P-00202,2026-07-13T22:29:05.725836,1765
CALL-001322,P-00510,P-00101,2025-10-17T06:33:04.725836,160
CALL-001323,P-00159,P-00433,2026-01-02T14:55:08.725836,1168
CALL-001324,P-00301,P-00077,2026-03-04T02:50:31.725836,1358
CALL-001325,P-00561,P-00122,2026-07-12T23:02:20.725836,1397
CALL-001326,P-00477,P-00238,2025-08-10T09:04:56.725836,910
CALL-001327,P-00047,P-00268,2026-01-14T03:11:03.725836,688
CALL-001328,P-00062,P-00579,2026-03-31T23:04:40.725836,903
CALL-001329,P-00581,P-00103,2025-11-05T18:19:00.725836,1749
CALL-001330,P-00229,P-00240,2025-08-07T18:02:47.725836,204
CALL-001331,P-00101,P-00342,2026-03-16T18:22:26.725836,736
CALL-001332,P-00254,P-00074,2026-06-26T06:19:30.725836,1130
CALL-001333,P-00557,P-00494,2025-08-24T01:41:52.725836,1225
CALL-001334,P-00328,P-00089,2025-12-29T15:59:12.725836,551
CALL-001335,P-00334,P-00400,2025-11-30T11:19:02.725836,1791
CALL-001336,P-00587,P-00311,2026-05-05T05:08:18.725836,525
CALL-001337,P-00474,P-00388,2025-09-25T11:50:09.725836,1770
CALL-001338,P-00558,P-00518,2025-08-04T03:17:11.725836,1058
CALL-001339,P-00500,P-00268,2026-02-26T14:08:21.725836,1578
CALL-001340,P-00543,P-00509,2025-11-24T03:54:18.725836,347
CALL-001341,P-00528,P-00226,2026-05-06T23:59:15.725836,1673
CALL-001342,P-00575,P-00123,2025-10-25T15:34:37.725836,1646
CALL-001343,P-00342,P-00112,2026-07-12T03:06:12.725836,1245
CALL-001344,P-00372,P-00326,2025-09-12T12:27:08.725836,1051
CALL-001345,P-00487,P-00233,2025-07-28T10:50:55.725836,1073
CALL-001346,P-00461,P-00281,2025-10-02T21:45:25.725836,780
CALL-001347,P-00454,P-00464,2025-10-04T15:08:23.725836,552
CALL-001348,P-00263,P-00081,2025-10-28T10:58:14.725836,1661
CALL-001349,P-00043,P-00077,2026-01-22T11:42:47.725836,566
CALL-001350,P-00474,P-00105,2025-10-14T02:54:55.725836,1311
CALL-001351,P-00266,P-00080,2025-09-14T13:08:47.725836,662
CALL-001352,P-00276,P-00121,2026-02-13T13:29:13.725836,1212
CALL-001353,P-00019,P-00536,2026-07-01T23:34:57.725836,236
CALL-001354,P-00409,P-00277,2026-02-26T07:54:30.725836,988
CALL-001355,P-00485,P-00207,2026-07-04T06:20:39.725836,1227
CALL-001356,P-00575,P-00390,2025-11-25T19:36:15.725836,213
CALL-001357,P-00214,P-00573,2026-04-03T04:28:19.725836,730
CALL-001358,P-00143,P-00372,2025-09-20T15:58:12.725836,1398
CALL-001359,P-00301,P-00464,2025-07-30T21:38:02.725836,579
CALL-001360,P-00337,P-00463,2025-08-30T22:55:26.725836,1308
CALL-001361,P-00452,P-00469,2026-03-30T04:21:37.725836,1392
CALL-001362,P-00580,P-00337,2026-05-18T06:19:33.725836,1100
CALL-001363,P-00183,P-00584,2026-04-15T02:09:16.725836,480
CALL-001364,P-00005,P-00593,2026-06-06T09:19:41.725836,1108
CALL-001365,P-00585,P-00569,2026-05-25T18:45:05.725836,172
CALL-001366,P-00018,P-00195,2026-02-08T01:33:04.725836,351
CALL-001367,P-00213,P-00384,2025-11-25T04:20:50.725836,1554
CALL-001368,P-00238,P-00175,2026-05-26T13:19:57.725836,1738
CALL-001369,P-00369,P-00412,2026-07-14T02:33:57.725836,1074
CALL-001370,P-00016,P-00141,2025-09-16T14:29:02.725836,142
CALL-001371,P-00463,P-00194,2026-06-01T14:08:39.725836,528
CALL-001372,P-00319,P-00106,2026-05-08T03:53:55.725836,874
CALL-001373,P-00390,P-00391,2026-03-24T10:54:07.725836,1348
CALL-001374,P-00347,P-00583,2025-11-24T22:10:11.725836,1041
CALL-001375,P-00528,P-00024,2026-01-27T20:32:02.725836,567
CALL-001376,P-00437,P-00438,2026-06-16T05:28:39.725836,245
CALL-001377,P-00363,P-00266,2026-04-22T19:06:00.725836,1564
CALL-001378,P-00388,P-00437,2026-01-25T21:10:44.725836,548
CALL-001379,P-00192,P-00367,2025-12-29T08:27:27.725836,320
CALL-001380,P-00100,P-00074,2026-07-11T13:13:46.725836,1560
CALL-001381,P-00123,P-00244,2026-03-22T01:10:53.725836,805
CALL-001382,P-00413,P-00145,2026-06-30T15:49:24.725836,1064
CALL-001383,P-00071,P-00446,2026-01-08T23:27:22.725836,1498
CALL-001384,P-00566,P-00528,2026-07-22T18:01:10.725836,269
CALL-001385,P-00285,P-00075,2026-07-17T15:59:00.725836,785
CALL-001386,P-00353,P-00148,2026-02-08T23:29:53.725836,1362
CALL-001387,P-00567,P-00013,2025-11-30T13:31:40.725836,898
CALL-001388,P-00280,P-00121,2025-09-13T04:39:06.725836,948
CALL-001389,P-00338,P-00429,2025-10-06T21:31:45.725836,879
CALL-001390,P-00151,P-00212,2025-10-21T11:08:25.725836,1595
CALL-001391,P-00253,P-00068,2025-09-22T05:48:01.725836,631
CALL-001392,P-00495,P-00385,2026-06-16T21:33:32.725836,1026
CALL-001393,P-00199,P-00449,2026-03-07T07:07:36.725836,1775
CALL-001394,P-00021,P-00003,2026-04-11T02:29:05.725836,1036
CALL-001395,P-00469,P-00155,2026-02-11T01:48:08.725836,575
CALL-001396,P-00121,P-00378,2026-04-20T06:33:49.725836,1252
CALL-001397,P-00593,P-00569,2026-02-25T20:07:00.725836,215
CALL-001398,P-00106,P-00121,2026-04-12T04:23:14.725836,136
CALL-001399,P-00425,P-00265,2025-11-10T02:57:50.725836,404
CALL-001400,P-00170,P-00598,2026-03-04T04:16:01.725836,55
CALL-001401,P-00244,P-00158,2026-01-06T04:24:04.725836,225
CALL-001402,P-00160,P-00396,2026-04-12T15:40:00.725836,22
CALL-001403,P-00238,P-00384,2026-03-13T21:28:08.725836,681
CALL-001404,P-00187,P-00460,2026-01-29T17:16:03.725836,1062
CALL-001405,P-00226,P-00300,2025-08-19T15:27:44.725836,1730
CALL-001406,P-00501,P-00297,2026-01-05T08:52:07.725836,725
CALL-001407,P-00317,P-00474,2026-05-09T04:27:53.725836,508
CALL-001408,P-00543,P-00183,2025-10-23T21:41:13.725836,350
CALL-001409,P-00550,P-00040,2026-02-24T16:29:31.725836,780
CALL-001410,P-00494,P-00077,2025-12-12T12:52:32.725836,329
CALL-001411,P-00101,P-00455,2026-01-14T09:01:35.725836,849
CALL-001412,P-00444,P-00400,2025-09-30T07:49:03.725836,1662
CALL-001413,P-00040,P-00197,2025-12-04T09:16:00.725836,845
CALL-001414,P-00064,P-00579,2025-11-06T06:05:29.725836,564
CALL-001415,P-00504,P-00557,2026-03-09T16:13:40.725836,762
CALL-001416,P-00051,P-00052,2025-11-02T23:01:38.725836,1750
CALL-001417,P-00423,P-00156,2026-01-01T11:29:43.725836,278
CALL-001418,P-00399,P-00454,2026-01-31T16:38:56.725836,838
CALL-001419,P-00278,P-00469,2026-02-27T18:40:40.725836,304
CALL-001420,P-00575,P-00571,2026-05-31T17:58:35.725836,162
CALL-001421,P-00145,P-00558,2025-08-21T16:31:15.725836,11
CALL-001422,P-00110,P-00500,2026-03-29T08:21:57.725836,817
CALL-001423,P-00158,P-00119,2025-12-09T08:29:17.725836,815
CALL-001424,P-00329,P-00524,2026-02-24T09:31:12.725836,780
CALL-001425,P-00161,P-00176,2026-07-17T14:32:06.725836,874
CALL-001426,P-00353,P-00095,2026-07-19T22:36:45.725836,566
CALL-001427,P-00084,P-00240,2025-12-27T03:44:49.725836,501
CALL-001428,P-00375,P-00326,2026-01-10T18:04:31.725836,374
CALL-001429,P-00397,P-00006,2025-09-02T02:10:56.725836,1071
CALL-001430,P-00569,P-00353,2026-06-05T19:45:26.725836,1153
CALL-001431,P-00103,P-00561,2026-06-23T11:35:26.725836,944
CALL-001432,P-00401,P-00367,2025-08-19T19:51:42.725836,146
CALL-001433,P-00009,P-00297,2026-06-28T18:08:39.725836,741
CALL-001434,P-00006,P-00291,2025-12-27T01:50:28.725836,1704
CALL-001435,P-00485,P-00337,2025-12-16T11:16:02.725836,656
CALL-001436,P-00389,P-00448,2026-01-12T03:16:46.725836,816
CALL-001437,P-00064,P-00240,2026-06-30T14:14:57.725836,740
CALL-001438,P-00072,P-00053,2026-06-15T23:57:22.725836,943
CALL-001439,P-00575,P-00287,2025-12-08T09:44:50.725836,1307
CALL-001440,P-00195,P-00480,2025-10-16T00:26:51.725836,1075
CALL-001441,P-00078,P-00539,2026-04-22T00:56:48.725836,67
CALL-001442,P-00048,P-00568,2025-07-31T14:24:48.725836,1218
CALL-001443,P-00565,P-00152,2026-04-14T00:24:00.725836,1639
CALL-001444,P-00577,P-00305,2026-06-04T20:53:41.725836,541
CALL-001445,P-00228,P-00154,2026-04-06T07:14:09.725836,327
CALL-001446,P-00506,P-00536,2025-11-04T04:51:30.725836,1748
CALL-001447,P-00081,P-00471,2025-12-30T03:57:24.725836,847
CALL-001448,P-00097,P-00501,2026-06-16T16:47:59.725836,748
CALL-001449,P-00193,P-00088,2026-04-09T03:00:07.725836,426
CALL-001450,P-00282,P-00206,2026-04-22T16:09:46.725836,1350
CALL-001451,P-00406,P-00190,2025-09-06T01:23:54.725836,1312
CALL-001452,P-00505,P-00389,2025-11-05T19:03:16.725836,112
CALL-001453,P-00573,P-00170,2025-09-21T14:02:52.725836,962
CALL-001454,P-00452,P-00384,2026-05-27T07:10:37.725836,140
CALL-001455,P-00527,P-00110,2025-09-01T16:13:09.725836,1737
CALL-001456,P-00217,P-00321,2026-02-14T04:58:58.725836,136
CALL-001457,P-00541,P-00412,2026-04-17T12:37:31.725836,733
CALL-001458,P-00043,P-00401,2025-12-26T16:51:55.725836,370
CALL-001459,P-00280,P-00312,2026-03-07T00:12:20.725836,1623
CALL-001460,P-00065,P-00334,2025-08-07T08:49:02.725836,28
CALL-001461,P-00097,P-00558,2026-05-28T17:06:53.725836,1090
CALL-001462,P-00281,P-00473,2026-04-25T19:36:39.725836,1580
CALL-001463,P-00462,P-00575,2025-12-27T18:48:43.725836,337
CALL-001464,P-00474,P-00020,2026-02-17T06:12:40.725836,228
CALL-001465,P-00419,P-00245,2026-05-16T15:53:06.725836,809
CALL-001466,P-00005,P-00429,2026-05-02T02:22:03.725836,843
CALL-001467,P-00412,P-00306,2026-02-26T20:05:09.725836,1377
CALL-001468,P-00052,P-00263,2026-06-11T18:32:18.725836,565
CALL-001469,P-00564,P-00447,2026-04-11T03:05:05.725836,1233
CALL-001470,P-00509,P-00359,2026-06-16T21:37:49.725836,1569
CALL-001471,P-00064,P-00444,2025-09-10T02:34:18.725836,1152
CALL-001472,P-00278,P-00388,2026-02-06T12:01:03.725836,1288
CALL-001473,P-00180,P-00049,2025-11-23T08:29:41.725836,440
CALL-001474,P-00464,P-00527,2026-02-11T23:26:13.725836,1623
CALL-001475,P-00475,P-00580,2025-11-26T16:42:27.725836,1091
CALL-001476,P-00062,P-00014,2026-02-21T00:36:32.725836,1428
CALL-001477,P-00398,P-00329,2025-09-19T21:42:11.725836,1510
CALL-001478,P-00457,P-00368,2026-04-08T01:44:24.725836,1480
CALL-001479,P-00037,P-00455,2026-02-25T08:47:05.725836,1383
CALL-001480,P-00425,P-00551,2025-11-06T14:20:32.725836,619
CALL-001481,P-00543,P-00049,2026-03-30T01:47:04.725836,1473
CALL-001482,P-00364,P-00158,2025-11-09T14:59:01.725836,28
CALL-001483,P-00337,P-00064,2026-01-23T10:11:25.725836,1266
CALL-001484,P-00350,P-00466,2025-12-06T12:26:38.725836,1504
CALL-001485,P-00438,P-00193,2025-12-29T23:59:11.725836,414
CALL-001486,P-00062,P-00273,2025-10-04T10:07:27.725836,26
CALL-001487,P-00191,P-00373,2026-06-27T09:29:54.725836,1798
CALL-001488,P-00135,P-00568,2025-09-19T08:05:02.725836,683
CALL-001489,P-00303,P-00551,2026-06-29T15:21:32.725836,348
CALL-001490,P-00404,P-00467,2026-05-06T16:45:46.725836,1338
CALL-001491,P-00456,P-00386,2026-05-28T09:01:31.725836,821
CALL-001492,P-00282,P-00073,2026-06-10T05:59:39.725836,16
CALL-001493,P-00051,P-00074,2025-09-16T19:00:04.725836,1042
CALL-001494,P-00194,P-00202,2026-07-24T05:41:52.725836,1271
CALL-001495,P-00064,P-00499,2026-03-27T23:11:41.725836,483
CALL-001496,P-00024,P-00522,2025-10-19T03:37:59.725836,1426
CALL-001497,P-00021,P-00546,2026-03-21T20:28:20.725836,1772
CALL-001498,P-00155,P-00375,2026-02-03T07:39:09.725836,1281
CALL-001499,P-00547,P-00328,2025-08-20T23:07:01.725836,1254
CALL-001500,P-00368,P-00157,2026-02-21T10:49:16.725836,608
CALL-001501,P-00217,P-00060,2025-12-22T05:26:26.725836,566
CALL-001502,P-00501,P-00480,2026-01-12T01:27:52.725836,1113
CALL-001503,P-00585,P-00060,2025-10-17T06:15:25.725836,307
CALL-001504,P-00539,P-00306,2026-02-28T21:09:02.725836,240
CALL-001505,P-00016,P-00020,2025-07-30T10:47:22.725836,207
CALL-001506,P-00583,P-00398,2026-03-15T10:50:29.725836,1657
CALL-001507,P-00258,P-00195,2025-08-27T23:34:38.725836,1206
CALL-001508,P-00215,P-00180,2026-07-19T10:41:41.725836,90
CALL-001509,P-00571,P-00592,2026-03-14T17:25:12.725836,511
CALL-001510,P-00332,P-00336,2025-11-26T09:22:04.725836,349
CALL-001511,P-00303,P-00126,2025-12-31T18:42:07.725836,1464
CALL-001512,P-00151,P-00334,2026-06-25T14:35:11.725836,1437
CALL-001513,P-00076,P-00325,2026-01-19T19:19:02.725836,1428
CALL-001514,P-00584,P-00237,2026-02-04T14:42:54.725836,1431
CALL-001515,P-00399,P-00364,2025-09-19T05:17:12.725836,1785
CALL-001516,P-00549,P-00103,2026-01-23T17:52:21.725836,1037
CALL-001517,P-00172,P-00212,2026-04-14T05:45:10.725836,1525
CALL-001518,P-00195,P-00229,2026-03-01T01:19:53.725836,925
CALL-001519,P-00320,P-00480,2025-12-25T09:17:47.725836,1233
CALL-001520,P-00246,P-00145,2025-12-01T21:51:34.725836,1518
CALL-001521,P-00388,P-00051,2025-11-13T16:12:30.725836,587
CALL-001522,P-00032,P-00139,2025-12-10T07:03:12.725836,1385
CALL-001523,P-00471,P-00104,2026-02-16T18:32:57.725836,88
CALL-001524,P-00545,P-00570,2025-08-09T07:04:53.725836,1167
CALL-001525,P-00002,P-00160,2025-12-06T14:16:11.725836,1326
CALL-001526,P-00273,P-00109,2025-10-31T13:05:31.725836,636
CALL-001527,P-00292,P-00454,2026-07-23T14:07:01.725836,1544
CALL-001528,P-00151,P-00267,2025-11-20T22:43:54.725836,1195
CALL-001529,P-00495,P-00553,2026-02-04T19:03:36.725836,1291
CALL-001530,P-00181,P-00444,2026-02-10T22:57:22.725836,738
CALL-001531,P-00374,P-00015,2025-12-13T03:48:29.725836,1415
CALL-001532,P-00208,P-00172,2026-07-09T11:42:59.725836,24
CALL-001533,P-00220,P-00181,2026-04-06T03:33:34.725836,1686
CALL-001534,P-00207,P-00303,2025-11-06T17:55:10.725836,1545
CALL-001535,P-00119,P-00043,2025-10-23T05:06:35.725836,1259
CALL-001536,P-00043,P-00258,2026-07-13T20:37:03.725836,514
CALL-001537,P-00253,P-00105,2026-04-05T15:11:07.725836,1621
CALL-001538,P-00302,P-00249,2026-05-29T10:03:02.725836,1009
CALL-001539,P-00190,P-00436,2026-04-01T02:51:25.725836,355
CALL-001540,P-00471,P-00422,2025-11-20T09:24:12.725836,1612
CALL-001541,P-00596,P-00478,2025-10-08T07:46:26.725836,1107
CALL-001542,P-00342,P-00191,2025-08-30T05:26:48.725836,610
CALL-001543,P-00468,P-00342,2026-01-27T23:22:35.725836,1756
CALL-001544,P-00294,P-00020,2025-10-01T21:20:48.725836,1581
CALL-001545,P-00291,P-00289,2025-08-15T07:44:23.725836,1748
CALL-001546,P-00110,P-00296,2025-10-10T01:57:10.725836,371
CALL-001547,P-00326,P-00278,2026-02-16T00:22:24.725836,1057
CALL-001548,P-00161,P-00364,2025-09-28T11:41:51.725836,220
CALL-001549,P-00569,P-00534,2026-06-20T03:42:34.725836,902
CALL-001550,P-00305,P-00079,2026-05-12T23:44:27.725836,723
CALL-001551,P-00049,P-00375,2025-12-29T16:40:58.725836,1147
CALL-001552,P-00142,P-00571,2026-07-18T15:29:10.725836,805
CALL-001553,P-00054,P-00487,2025-11-01T08:52:33.725836,1098
CALL-001554,P-00139,P-00425,2026-02-09T18:17:23.725836,774
CALL-001555,P-00376,P-00342,2025-11-14T14:03:41.725836,293
CALL-001556,P-00403,P-00176,2026-06-21T20:22:29.725836,1165
CALL-001557,P-00369,P-00551,2025-10-06T11:00:40.725836,1706
CALL-001558,P-00022,P-00546,2025-08-31T04:49:04.725836,962
CALL-001559,P-00272,P-00478,2025-12-09T10:44:31.725836,1569
CALL-001560,P-00384,P-00422,2025-10-21T06:14:10.725836,1215
CALL-001561,P-00177,P-00352,2026-03-05T09:52:05.725836,795
CALL-001562,P-00167,P-00334,2025-11-17T13:49:04.725836,215
CALL-001563,P-00087,P-00108,2026-06-14T11:23:49.725836,375
CALL-001564,P-00254,P-00581,2025-11-27T08:17:40.725836,1755
CALL-001565,P-00112,P-00411,2026-01-26T18:48:19.725836,417
CALL-001566,P-00508,P-00442,2026-06-30T22:56:46.725836,366
CALL-001567,P-00176,P-00046,2025-10-02T18:11:35.725836,199
CALL-001568,P-00565,P-00229,2025-09-14T20:51:34.725836,501
CALL-001569,P-00240,P-00274,2026-04-17T21:38:36.725836,914
CALL-001570,P-00202,P-00152,2026-01-23T13:55:31.725836,577
CALL-001571,P-00467,P-00369,2026-04-06T22:07:15.725836,1599
CALL-001572,P-00017,P-00389,2026-03-30T20:42:40.725836,264
CALL-001573,P-00022,P-00145,2025-09-28T12:32:07.725836,907
CALL-001574,P-00265,P-00414,2026-03-25T18:51:55.725836,696
CALL-001575,P-00368,P-00154,2026-06-26T10:02:28.725836,1761
CALL-001576,P-00193,P-00258,2026-04-15T03:04:04.725836,1347
CALL-001577,P-00112,P-00258,2025-09-27T09:46:20.725836,618
CALL-001578,P-00447,P-00214,2026-01-29T00:20:02.725836,201
CALL-001579,P-00588,P-00437,2026-07-12T20:09:57.725836,1253
CALL-001580,P-00093,P-00172,2025-11-03T10:25:00.725836,1206
CALL-001581,P-00398,P-00552,2026-02-20T03:50:56.725836,1409
CALL-001582,P-00066,P-00126,2025-09-06T04:27:07.725836,1601
CALL-001583,P-00071,P-00439,2026-01-17T09:40:22.725836,1690
CALL-001584,P-00149,P-00439,2026-03-23T03:18:35.725836,558
CALL-001585,P-00065,P-00564,2025-08-30T04:13:24.725836,930
CALL-001586,P-00213,P-00260,2026-04-07T03:23:19.725836,872
CALL-001587,P-00170,P-00396,2025-07-29T02:16:43.725836,1168
CALL-001588,P-00172,P-00090,2026-02-03T21:34:28.725836,221
CALL-001589,P-00490,P-00093,2026-02-17T20:24:17.725836,119
CALL-001590,P-00582,P-00155,2026-06-04T15:09:07.725836,157
CALL-001591,P-00194,P-00334,2026-03-19T08:02:21.725836,318
CALL-001592,P-00429,P-00048,2025-10-20T13:07:13.725836,1449
CALL-001593,P-00393,P-00482,2026-02-03T03:42:42.725836,1601
CALL-001594,P-00493,P-00083,2026-02-10T14:24:45.725836,645
CALL-001595,P-00280,P-00518,2026-01-25T17:03:13.725836,240
CALL-001596,P-00464,P-00459,2026-05-03T12:46:07.725836,1078
CALL-001597,P-00504,P-00170,2025-10-06T01:47:35.725836,70
CALL-001598,P-00031,P-00481,2026-04-16T12:01:21.725836,474
CALL-001599,P-00372,P-00366,2026-02-11T10:13:08.725836,405
CALL-001600,P-00079,P-00025,2026-01-12T05:37:39.725836,312
CALL-001601,P-00165,P-00526,2026-06-08T21:20:40.725836,1032
CALL-001602,P-00116,P-00423,2026-05-16T03:47:23.725836,1215
CALL-001603,P-00190,P-00429,2025-12-19T16:30:35.725836,497
CALL-001604,P-00341,P-00024,2026-02-21T14:25:34.725836,1444
CALL-001605,P-00513,P-00162,2026-03-24T17:51:03.725836,18
CALL-001606,P-00100,P-00413,2026-01-06T12:31:31.725836,23
CALL-001607,P-00064,P-00595,2026-04-05T18:22:49.725836,235
CALL-001608,P-00396,P-00444,2025-12-06T10:29:01.725836,1490
CALL-001609,P-00572,P-00375,2025-12-30T19:32:42.725836,296
CALL-001610,P-00245,P-00148,2026-02-12T17:57:41.725836,1650
CALL-001611,P-00053,P-00038,2025-11-07T11:59:52.725836,319
CALL-001612,P-00520,P-00372,2025-12-28T00:13:37.725836,651
CALL-001613,P-00097,P-00251,2026-07-05T05:04:04.725836,974
CALL-001614,P-00497,P-00165,2026-02-01T21:31:02.725836,668
CALL-001615,P-00364,P-00538,2026-06-14T18:35:32.725836,169
CALL-001616,P-00005,P-00110,2025-10-09T13:54:12.725836,1575
CALL-001617,P-00294,P-00358,2026-03-20T02:10:47.725836,1720
CALL-001618,P-00160,P-00497,2025-11-09T14:11:25.725836,1581
CALL-001619,P-00433,P-00176,2026-04-12T02:41:38.725836,218
CALL-001620,P-00488,P-00547,2025-11-26T21:03:33.725836,730
CALL-001621,P-00334,P-00302,2025-07-28T23:40:10.725836,680
CALL-001622,P-00567,P-00119,2026-01-18T15:47:41.725836,799
CALL-001623,P-00448,P-00009,2025-09-24T02:09:23.725836,1242
CALL-001624,P-00034,P-00389,2025-09-13T20:30:15.725836,198
CALL-001625,P-00587,P-00379,2026-04-06T10:51:26.725836,1626
CALL-001626,P-00039,P-00414,2025-11-08T13:01:34.725836,1725
CALL-001627,P-00343,P-00599,2026-01-08T21:13:18.725836,479
CALL-001628,P-00400,P-00397,2026-02-01T18:35:56.725836,1313
CALL-001629,P-00399,P-00353,2026-03-15T04:40:53.725836,1088
CALL-001630,P-00183,P-00196,2026-07-06T23:18:13.725836,716
CALL-001631,P-00317,P-00527,2025-08-03T09:18:36.725836,1622
CALL-001632,P-00519,P-00398,2026-07-13T14:16:23.725836,129
CALL-001633,P-00481,P-00014,2025-12-03T09:00:54.725836,730
CALL-001634,P-00307,P-00468,2026-03-08T07:03:58.725836,1332
CALL-001635,P-00160,P-00189,2025-12-17T05:01:03.725836,240
CALL-001636,P-00246,P-00159,2026-02-10T11:27:40.725836,89
CALL-001637,P-00119,P-00369,2026-02-21T07:29:45.725836,1420
CALL-001638,P-00583,P-00064,2026-05-22T21:28:20.725836,276
CALL-001639,P-00098,P-00063,2025-11-03T11:51:27.725836,209
CALL-001640,P-00112,P-00048,2026-03-16T09:30:11.725836,957
CALL-001641,P-00175,P-00203,2026-04-16T06:52:42.725836,810
CALL-001642,P-00328,P-00574,2025-11-19T23:53:28.725836,1665
CALL-001643,P-00300,P-00018,2026-05-13T22:23:23.725836,1586
CALL-001644,P-00255,P-00451,2025-10-14T10:47:15.725836,1750
CALL-001645,P-00393,P-00035,2026-02-27T13:33:12.725836,1687
CALL-001646,P-00521,P-00181,2026-02-19T18:22:13.725836,909
CALL-001647,P-00207,P-00549,2026-02-27T19:56:16.725836,760
CALL-001648,P-00338,P-00414,2026-01-05T15:28:12.725836,758
CALL-001649,P-00399,P-00306,2026-05-13T21:21:56.725836,287
CALL-001650,P-00494,P-00475,2025-12-21T05:25:04.725836,450
CALL-001651,P-00389,P-00345,2026-02-13T02:33:15.725836,85
CALL-001652,P-00467,P-00190,2026-02-25T13:07:24.725836,1359
CALL-001653,P-00094,P-00417,2026-02-28T09:51:21.725836,1743
CALL-001654,P-00480,P-00501,2025-11-23T19:57:13.725836,133
CALL-001655,P-00356,P-00119,2025-08-27T17:45:58.725836,892
CALL-001656,P-00201,P-00207,2025-09-04T04:51:47.725836,1159
CALL-001657,P-00232,P-00050,2026-07-01T04:17:13.725836,1353
CALL-001658,P-00519,P-00412,2026-02-09T14:09:24.725836,1269
CALL-001659,P-00367,P-00375,2026-01-14T10:06:47.725836,1423
CALL-001660,P-00593,P-00139,2025-12-09T15:02:31.725836,1468
CALL-001661,P-00125,P-00582,2026-03-12T02:39:26.725836,705
CALL-001662,P-00055,P-00172,2025-08-06T06:46:17.725836,859
CALL-001663,P-00374,P-00432,2026-03-21T13:13:03.725836,612
CALL-001664,P-00506,P-00313,2026-06-09T18:51:44.725836,1318
CALL-001665,P-00320,P-00332,2025-09-05T20:27:28.725836,1089
CALL-001666,P-00405,P-00373,2025-09-06T09:31:32.725836,1715
CALL-001667,P-00389,P-00247,2026-06-02T13:12:13.725836,586
CALL-001668,P-00299,P-00345,2026-03-10T12:08:26.725836,368
CALL-001669,P-00517,P-00095,2025-10-30T03:06:18.725836,605
CALL-001670,P-00156,P-00057,2025-10-01T21:10:35.725836,579
CALL-001671,P-00203,P-00513,2026-07-05T01:32:49.725836,492
CALL-001672,P-00056,P-00131,2026-02-26T06:23:24.725836,1294
CALL-001673,P-00218,P-00332,2025-10-24T20:57:29.725836,1348
CALL-001674,P-00126,P-00109,2026-01-14T13:08:48.725836,486
CALL-001675,P-00076,P-00473,2026-02-23T01:48:56.725836,630
CALL-001676,P-00372,P-00246,2026-02-25T12:02:27.725836,790
CALL-001677,P-00570,P-00336,2026-01-27T00:04:54.725836,560
CALL-001678,P-00087,P-00568,2025-09-07T15:17:52.725836,854
CALL-001679,P-00401,P-00439,2025-12-28T20:39:15.725836,143
CALL-001680,P-00143,P-00527,2026-01-08T05:25:32.725836,1786
CALL-001681,P-00545,P-00372,2025-11-14T00:42:54.725836,1453
CALL-001682,P-00172,P-00431,2026-02-22T08:02:21.725836,1201
CALL-001683,P-00547,P-00039,2026-03-23T16:17:36.725836,16
CALL-001684,P-00050,P-00307,2026-05-23T19:36:56.725836,491
CALL-001685,P-00100,P-00375,2026-05-11T11:41:25.725836,1167
CALL-001686,P-00588,P-00564,2026-07-15T23:37:08.725836,1791
CALL-001687,P-00487,P-00007,2025-11-07T01:26:59.725836,836
CALL-001688,P-00400,P-00064,2025-12-01T19:01:01.725836,1240
CALL-001689,P-00158,P-00558,2026-06-29T01:42:43.725836,778
CALL-001690,P-00225,P-00047,2025-09-09T05:36:13.725836,1377
CALL-001691,P-00421,P-00008,2026-01-03T04:14:19.725836,577
CALL-001692,P-00282,P-00388,2026-05-30T12:54:16.725836,171
CALL-001693,P-00253,P-00352,2026-05-04T22:51:59.725836,1487
CALL-001694,P-00501,P-00439,2026-07-24T23:17:55.725836,494
CALL-001695,P-00117,P-00582,2026-05-23T16:20:36.725836,906
CALL-001696,P-00175,P-00123,2026-02-07T06:43:29.725836,511
CALL-001697,P-00089,P-00417,2025-08-10T07:45:39.725836,1045
CALL-001698,P-00308,P-00369,2026-06-05T22:01:47.725836,499
CALL-001699,P-00396,P-00528,2026-01-17T15:26:38.725836,1137
CALL-001700,P-00220,P-00532,2025-12-05T05:33:54.725836,1101
CALL-001701,P-00337,P-00350,2026-04-28T02:53:53.725836,289
CALL-001702,P-00412,P-00464,2026-03-09T07:09:42.725836,711
CALL-001703,P-00223,P-00329,2026-07-23T14:04:55.725836,711
CALL-001704,P-00574,P-00043,2026-04-02T15:31:52.725836,696
CALL-001705,P-00120,P-00237,2025-12-03T07:42:40.725836,1020
CALL-001706,P-00364,P-00478,2025-11-24T19:09:36.725836,1562
CALL-001707,P-00558,P-00498,2026-06-08T15:10:59.725836,808
CALL-001708,P-00045,P-00314,2025-10-06T00:36:11.725836,371
CALL-001709,P-00165,P-00311,2025-11-12T16:54:34.725836,1610
CALL-001710,P-00396,P-00453,2025-08-16T19:16:56.725836,355
CALL-001711,P-00503,P-00035,2026-04-27T10:42:23.725836,271
CALL-001712,P-00276,P-00032,2025-09-21T01:37:42.725836,536
CALL-001713,P-00116,P-00521,2026-01-30T07:17:55.725836,1179
CALL-001714,P-00518,P-00333,2026-03-12T13:29:05.725836,1717
CALL-001715,P-00397,P-00495,2026-05-06T00:04:11.725836,1410
CALL-001716,P-00317,P-00375,2026-05-22T05:43:21.725836,1407
CALL-001717,P-00431,P-00073,2026-07-05T02:50:06.725836,888
CALL-001718,P-00571,P-00016,2025-08-30T04:17:42.725836,750
CALL-001719,P-00589,P-00570,2026-02-28T16:03:16.725836,673
CALL-001720,P-00065,P-00463,2025-09-04T08:56:47.725836,1098
CALL-001721,P-00278,P-00153,2025-12-13T14:57:44.725836,1293
CALL-001722,P-00208,P-00014,2025-11-26T00:04:05.725836,1732
CALL-001723,P-00454,P-00244,2026-02-12T22:58:46.725836,1158
CALL-001724,P-00453,P-00090,2026-03-28T20:16:15.725836,976
CALL-001725,P-00263,P-00110,2026-07-18T11:58:03.725836,225
CALL-001726,P-00285,P-00111,2026-06-08T10:46:26.725836,110
CALL-001727,P-00352,P-00105,2026-07-09T19:26:14.725836,1620
CALL-001728,P-00488,P-00419,2026-06-16T02:00:58.725836,865
CALL-001729,P-00491,P-00041,2025-08-15T22:06:56.725836,914
CALL-001730,P-00155,P-00121,2026-04-26T07:24:58.725836,1559
CALL-001731,P-00566,P-00565,2026-06-10T12:31:31.725836,1108
CALL-001732,P-00380,P-00458,2026-07-09T12:58:59.725836,320
CALL-001733,P-00161,P-00527,2025-11-28T00:26:39.725836,1343
CALL-001734,P-00106,P-00145,2025-09-09T11:05:19.725836,695
CALL-001735,P-00362,P-00381,2025-08-15T11:37:32.725836,1312
CALL-001736,P-00285,P-00412,2025-08-16T04:36:36.725836,600
CALL-001737,P-00559,P-00466,2026-06-08T21:40:06.725836,1542
CALL-001738,P-00025,P-00298,2025-09-15T18:36:17.725836,1431
CALL-001739,P-00494,P-00433,2026-07-13T21:36:57.725836,359
CALL-001740,P-00352,P-00281,2026-01-18T08:57:20.725836,1687
CALL-001741,P-00503,P-00086,2026-07-18T18:04:10.725836,995
CALL-001742,P-00568,P-00172,2025-08-08T10:43:55.725836,1730
CALL-001743,P-00392,P-00124,2026-03-30T18:28:41.725836,938
CALL-001744,P-00288,P-00314,2025-11-02T20:38:57.725836,760
CALL-001745,P-00090,P-00494,2026-05-23T03:25:43.725836,79
CALL-001746,P-00151,P-00282,2026-05-05T05:37:20.725836,1475
CALL-001747,P-00229,P-00251,2026-06-07T21:19:51.725836,1226
CALL-001748,P-00244,P-00414,2026-05-25T20:25:24.725836,522
CALL-001749,P-00509,P-00048,2025-09-09T01:38:20.725836,477
CALL-001750,P-00250,P-00287,2026-02-26T11:14:55.725836,982
CALL-001751,P-00185,P-00134,2026-02-03T05:28:43.725836,562
CALL-001752,P-00221,P-00336,2025-09-21T01:44:40.725836,621
CALL-001753,P-00298,P-00234,2026-03-12T14:22:14.725836,1077
CALL-001754,P-00020,P-00120,2025-08-05T06:25:27.725836,629
CALL-001755,P-00573,P-00534,2025-07-30T16:14:41.725836,931
CALL-001756,P-00399,P-00382,2025-08-17T03:38:50.725836,234
CALL-001757,P-00472,P-00433,2025-10-24T23:29:16.725836,925
CALL-001758,P-00515,P-00401,2025-10-01T20:52:53.725836,1137
CALL-001759,P-00161,P-00325,2025-08-07T01:22:21.725836,1306
CALL-001760,P-00306,P-00141,2025-11-09T02:15:07.725836,1495
CALL-001761,P-00072,P-00314,2025-12-11T17:47:34.725836,377
CALL-001762,P-00598,P-00584,2026-03-12T02:51:09.725836,1398
CALL-001763,P-00598,P-00086,2025-11-02T16:05:03.725836,389
CALL-001764,P-00008,P-00062,2025-11-08T09:01:20.725836,1344
CALL-001765,P-00143,P-00396,2026-05-01T20:09:05.725836,1123
CALL-001766,P-00518,P-00316,2026-01-14T03:22:38.725836,661
CALL-001767,P-00090,P-00525,2025-12-26T16:52:39.725836,699
CALL-001768,P-00388,P-00113,2025-11-01T18:30:52.725836,49
CALL-001769,P-00194,P-00335,2025-11-09T11:03:55.725836,1335
CALL-001770,P-00582,P-00588,2025-12-30T22:07:57.725836,1778
CALL-001771,P-00245,P-00158,2025-10-06T01:56:13.725836,735
CALL-001772,P-00482,P-00304,2026-02-20T01:54:06.725836,1634
CALL-001773,P-00459,P-00375,2025-08-22T09:07:43.725836,336
CALL-001774,P-00302,P-00459,2026-07-12T14:17:57.725836,1504
CALL-001775,P-00216,P-00378,2026-01-23T09:08:36.725836,932
CALL-001776,P-00321,P-00414,2025-10-16T12:03:02.725836,1292
CALL-001777,P-00139,P-00462,2026-01-15T09:59:34.725836,111
CALL-001778,P-00249,P-00300,2025-12-11T03:21:13.725836,981
CALL-001779,P-00008,P-00459,2025-09-04T22:25:41.725836,218
CALL-001780,P-00119,P-00240,2026-05-07T19:30:26.725836,1438
CALL-001781,P-00400,P-00352,2026-01-17T09:56:45.725836,1378
CALL-001782,P-00334,P-00170,2026-04-14T12:50:34.725836,405
CALL-001783,P-00075,P-00460,2026-05-12T08:05:08.725836,1587
CALL-001784,P-00010,P-00362,2025-08-11T05:55:31.725836,526
CALL-001785,P-00390,P-00374,2026-01-14T16:18:02.725836,1123
CALL-001786,P-00285,P-00593,2026-05-12T16:35:26.725836,780
CALL-001787,P-00321,P-00094,2025-10-14T04:53:00.725836,135
CALL-001788,P-00214,P-00053,2025-09-06T18:28:12.725836,474
CALL-001789,P-00188,P-00407,2025-12-07T11:03:20.725836,507
CALL-001790,P-00232,P-00579,2026-06-24T20:08:10.725836,925
CALL-001791,P-00053,P-00255,2026-01-13T07:00:08.725836,746
CALL-001792,P-00181,P-00256,2025-12-18T00:51:53.725836,1649
CALL-001793,P-00269,P-00189,2025-08-11T21:11:05.725836,1056
CALL-001794,P-00509,P-00240,2025-08-09T06:55:21.725836,245
CALL-001795,P-00201,P-00311,2025-11-21T19:42:44.725836,446
CALL-001796,P-00380,P-00577,2025-09-08T00:29:38.725836,1551
CALL-001797,P-00119,P-00379,2026-01-06T09:25:11.725836,1627
CALL-001798,P-00454,P-00238,2026-01-12T15:23:17.725836,1403
CALL-001799,P-00080,P-00280,2026-04-05T10:09:12.725836,280
CALL-001800,P-00495,P-00055,2025-11-10T19:54:31.725836,1527
CALL-001801,P-00379,P-00104,2025-10-08T16:53:51.725836,216
CALL-001802,P-00228,P-00542,2025-11-03T03:03:35.725836,458
CALL-001803,P-00419,P-00390,2025-08-24T08:44:22.725836,1774
CALL-001804,P-00200,P-00369,2026-04-21T05:22:48.725836,1048
CALL-001805,P-00558,P-00565,2025-11-09T22:29:22.725836,738
CALL-001806,P-00478,P-00328,2025-08-05T09:59:26.725836,343
CALL-001807,P-00465,P-00360,2026-04-12T08:00:18.725836,1591
CALL-001808,P-00559,P-00008,2026-05-24T23:30:19.725836,131
CALL-001809,P-00065,P-00401,2025-09-04T13:51:53.725836,1175
CALL-001810,P-00024,P-00265,2025-10-01T04:25:16.725836,1113
CALL-001811,P-00419,P-00438,2025-10-23T14:52:45.725836,1483
CALL-001812,P-00548,P-00160,2025-09-04T00:55:43.725836,28
CALL-001813,P-00072,P-00042,2026-02-08T06:05:44.725836,984
CALL-001814,P-00506,P-00567,2026-07-22T09:53:20.725836,92
CALL-001815,P-00512,P-00305,2025-12-04T10:28:38.725836,839
CALL-001816,P-00352,P-00462,2026-03-31T08:07:16.725836,1737
CALL-001817,P-00121,P-00545,2026-02-25T16:35:51.725836,495
CALL-001818,P-00429,P-00155,2026-05-15T15:05:03.725836,82
CALL-001819,P-00236,P-00572,2025-12-19T09:35:13.725836,1291
CALL-001820,P-00055,P-00117,2025-09-24T13:29:54.725836,305
CALL-001821,P-00279,P-00158,2026-04-24T09:02:25.725836,1647
CALL-001822,P-00413,P-00478,2025-10-05T16:10:53.725836,1430
CALL-001823,P-00075,P-00059,2026-05-17T23:05:14.725836,733
CALL-001824,P-00082,P-00570,2026-05-23T22:34:18.725836,477
CALL-001825,P-00504,P-00234,2025-08-30T22:22:20.725836,316
CALL-001826,P-00518,P-00482,2026-02-23T17:07:22.725836,446
CALL-001827,P-00520,P-00255,2025-10-22T02:00:03.725836,1278
CALL-001828,P-00220,P-00293,2026-01-10T12:17:12.725836,300
CALL-001829,P-00190,P-00109,2025-11-01T23:37:33.725836,26
CALL-001830,P-00108,P-00496,2025-11-12T02:57:06.725836,1663
CALL-001831,P-00454,P-00090,2025-11-13T02:06:52.725836,1420
CALL-001832,P-00364,P-00176,2026-02-25T00:14:58.725836,415
CALL-001833,P-00218,P-00410,2026-01-27T11:35:08.725836,87
CALL-001834,P-00167,P-00530,2025-08-02T17:06:57.725836,1401
CALL-001835,P-00594,P-00355,2026-05-31T07:31:16.725836,839
CALL-001836,P-00108,P-00593,2025-11-23T19:49:40.725836,1303
CALL-001837,P-00419,P-00462,2025-11-18T08:22:19.725836,1024
CALL-001838,P-00454,P-00112,2025-08-02T15:09:38.725836,80
CALL-001839,P-00246,P-00543,2026-02-04T02:00:36.725836,1147
CALL-001840,P-00424,P-00554,2026-01-29T18:26:18.725836,1388
CALL-001841,P-00123,P-00124,2026-01-11T05:09:03.725836,580
CALL-001842,P-00129,P-00313,2026-06-01T03:03:12.725836,1743
CALL-001843,P-00522,P-00583,2026-01-12T01:22:59.725836,1790
CALL-001844,P-00145,P-00467,2025-12-26T23:53:21.725836,1344
CALL-001845,P-00410,P-00221,2025-08-15T00:41:22.725836,919
CALL-001846,P-00403,P-00336,2025-09-14T22:50:29.725836,958
CALL-001847,P-00364,P-00466,2026-03-30T07:22:25.725836,448
CALL-001848,P-00414,P-00130,2026-04-14T21:55:48.725836,1523
CALL-001849,P-00204,P-00077,2026-05-29T06:28:02.725836,463
CALL-001850,P-00280,P-00555,2025-08-18T22:12:11.725836,924
CALL-001851,P-00500,P-00291,2025-12-30T16:28:00.725836,1511
CALL-001852,P-00142,P-00163,2025-09-28T12:29:42.725836,282
CALL-001853,P-00227,P-00278,2026-07-12T02:46:55.725836,1649
CALL-001854,P-00253,P-00413,2026-06-30T13:30:12.725836,1350
CALL-001855,P-00480,P-00454,2026-04-22T23:35:21.725836,283
CALL-001856,P-00422,P-00094,2026-03-17T02:17:22.725836,992
CALL-001857,P-00425,P-00285,2025-10-11T06:02:14.725836,406
CALL-001858,P-00581,P-00217,2025-08-31T12:04:19.725836,648
CALL-001859,P-00575,P-00265,2026-06-08T18:12:21.725836,558
CALL-001860,P-00470,P-00264,2026-02-19T07:01:35.725836,1359
CALL-001861,P-00319,P-00464,2025-09-06T02:24:41.725836,1489
CALL-001862,P-00510,P-00381,2026-05-13T02:10:17.725836,798
CALL-001863,P-00294,P-00523,2025-12-14T13:20:53.725836,1312
CALL-001864,P-00575,P-00256,2026-05-29T23:12:54.725836,1496
CALL-001865,P-00569,P-00384,2026-02-07T07:27:52.725836,1233
CALL-001866,P-00564,P-00084,2025-11-30T10:21:02.725836,658
CALL-001867,P-00280,P-00549,2025-11-17T17:20:31.725836,125
CALL-001868,P-00221,P-00364,2026-04-05T08:59:54.725836,790
CALL-001869,P-00438,P-00289,2026-04-16T07:02:46.725836,1321
CALL-001870,P-00258,P-00501,2026-07-11T04:26:11.725836,1171
CALL-001871,P-00237,P-00082,2025-11-19T21:00:03.725836,1548
CALL-001872,P-00376,P-00466,2025-09-18T09:55:15.725836,1314
CALL-001873,P-00575,P-00103,2025-12-20T18:31:14.725836,75
CALL-001874,P-00333,P-00430,2025-08-13T12:27:08.725836,669
CALL-001875,P-00334,P-00073,2026-07-05T02:04:23.725836,857
CALL-001876,P-00470,P-00566,2026-05-07T23:11:14.725836,1641
CALL-001877,P-00509,P-00400,2026-01-19T14:48:42.725836,1496
CALL-001878,P-00226,P-00125,2025-11-22T01:06:22.725836,1128
CALL-001879,P-00194,P-00569,2026-02-01T17:30:37.725836,1697
CALL-001880,P-00437,P-00042,2025-11-29T16:36:44.725836,1378
CALL-001881,P-00159,P-00048,2025-12-27T15:39:52.725836,693
CALL-001882,P-00336,P-00108,2026-06-04T11:18:19.725836,56
CALL-001883,P-00469,P-00481,2025-09-08T17:38:52.725836,1753
CALL-001884,P-00028,P-00360,2025-10-18T02:49:17.725836,778
CALL-001885,P-00151,P-00439,2026-05-28T15:46:19.725836,801
CALL-001886,P-00240,P-00538,2026-01-09T20:13:07.725836,1236
CALL-001887,P-00469,P-00158,2025-12-20T09:46:50.725836,320
CALL-001888,P-00483,P-00292,2025-12-17T08:50:55.725836,581
CALL-001889,P-00108,P-00056,2025-09-07T02:07:07.725836,1617
CALL-001890,P-00491,P-00051,2026-05-27T21:33:00.725836,974
CALL-001891,P-00129,P-00108,2026-07-26T05:28:30.725836,224
CALL-001892,P-00431,P-00280,2025-10-28T02:42:33.725836,1362
CALL-001893,P-00445,P-00034,2025-12-27T13:23:22.725836,964
CALL-001894,P-00194,P-00350,2026-04-21T07:14:16.725836,1429
CALL-001895,P-00367,P-00569,2026-04-05T08:51:26.725836,148
CALL-001896,P-00334,P-00475,2026-06-14T15:04:56.725836,347
CALL-001897,P-00543,P-00405,2026-01-27T15:29:42.725836,224
CALL-001898,P-00471,P-00580,2025-10-02T06:24:22.725836,1617
CALL-001899,P-00363,P-00257,2025-09-23T05:55:26.725836,1339
CALL-001900,P-00595,P-00028,2025-08-04T14:28:08.725836,764
CALL-001901,P-00227,P-00064,2026-06-20T21:17:07.725836,1068
CALL-001902,P-00577,P-00307,2026-04-10T15:22:42.725836,428
CALL-001903,P-00041,P-00208,2025-11-09T03:12:07.725836,1111
CALL-001904,P-00062,P-00352,2026-07-04T19:43:55.725836,394
CALL-001905,P-00046,P-00023,2026-03-01T02:23:31.725836,810
CALL-001906,P-00495,P-00560,2026-01-22T23:12:48.725836,1187
CALL-001907,P-00055,P-00287,2025-09-02T07:49:16.725836,1557
CALL-001908,P-00190,P-00106,2026-03-26T00:53:01.725836,1184
CALL-001909,P-00152,P-00110,2025-08-25T05:59:41.725836,737
CALL-001910,P-00432,P-00430,2026-07-12T13:28:31.725836,1316
CALL-001911,P-00581,P-00188,2026-05-14T00:54:53.725836,995
CALL-001912,P-00462,P-00367,2025-10-31T12:21:35.725836,1512
CALL-001913,P-00246,P-00460,2026-07-25T22:26:54.725836,69
CALL-001914,P-00216,P-00289,2026-03-01T00:38:33.725836,667
CALL-001915,P-00429,P-00495,2025-12-02T14:40:36.725836,1101
CALL-001916,P-00471,P-00425,2026-03-14T12:33:51.725836,12
CALL-001917,P-00490,P-00263,2026-03-13T06:33:19.725836,1215
CALL-001918,P-00247,P-00334,2026-05-31T20:47:22.725836,1162
CALL-001919,P-00056,P-00517,2026-02-08T04:00:24.725836,770
CALL-001920,P-00543,P-00071,2025-12-21T12:33:40.725836,812
CALL-001921,P-00357,P-00058,2025-11-16T18:35:48.725836,474
CALL-001922,P-00277,P-00553,2025-11-16T15:35:06.725836,825
CALL-001923,P-00114,P-00110,2026-01-15T13:34:51.725836,1656
CALL-001924,P-00418,P-00156,2025-10-26T16:05:23.725836,119
CALL-001925,P-00208,P-00388,2025-09-25T00:05:18.725836,1177
CALL-001926,P-00096,P-00217,2026-04-20T07:37:18.725836,1782
CALL-001927,P-00104,P-00518,2026-02-03T11:51:55.725836,305
CALL-001928,P-00366,P-00492,2025-12-04T08:49:42.725836,343
CALL-001929,P-00130,P-00234,2025-11-26T17:42:54.725836,610
CALL-001930,P-00122,P-00325,2026-07-05T16:39:12.725836,1610
CALL-001931,P-00144,P-00583,2025-10-18T04:30:28.725836,81
CALL-001932,P-00113,P-00099,2026-02-01T11:49:33.725836,1233
CALL-001933,P-00561,P-00265,2025-09-02T05:41:22.725836,1756
CALL-001934,P-00060,P-00543,2026-06-28T02:27:46.725836,1125
CALL-001935,P-00459,P-00471,2025-08-25T23:10:04.725836,291
CALL-001936,P-00297,P-00561,2026-01-09T23:45:29.725836,891
CALL-001937,P-00055,P-00060,2025-09-07T03:37:49.725836,700
CALL-001938,P-00243,P-00119,2025-11-07T13:49:41.725836,438
CALL-001939,P-00019,P-00106,2025-11-23T01:23:50.725836,447
CALL-001940,P-00163,P-00015,2026-05-01T21:19:13.725836,625
CALL-001941,P-00414,P-00208,2025-11-27T13:33:07.725836,1102
CALL-001942,P-00082,P-00566,2026-06-28T07:09:25.725836,188
CALL-001943,P-00126,P-00507,2026-06-21T19:21:20.725836,1236
CALL-001944,P-00173,P-00057,2026-01-21T01:09:15.725836,985
CALL-001945,P-00372,P-00364,2026-07-12T12:01:06.725836,1493
CALL-001946,P-00481,P-00384,2025-10-09T02:19:06.725836,454
CALL-001947,P-00467,P-00242,2026-01-05T19:44:30.725836,752
CALL-001948,P-00157,P-00313,2025-12-25T05:49:05.725836,63
CALL-001949,P-00111,P-00538,2026-02-10T20:44:20.725836,1701
CALL-001950,P-00267,P-00351,2025-10-06T10:46:06.725836,1542
CALL-001951,P-00596,P-00237,2025-10-22T15:56:52.725836,1030
CALL-001952,P-00511,P-00185,2026-01-08T10:36:00.725836,1205
CALL-001953,P-00491,P-00051,2026-01-26T16:39:42.725836,1695
CALL-001954,P-00470,P-00011,2026-02-23T18:04:03.725836,998
CALL-001955,P-00474,P-00517,2025-10-07T14:16:28.725836,1099
CALL-001956,P-00386,P-00489,2026-04-16T02:42:34.725836,736
CALL-001957,P-00419,P-00167,2026-04-21T15:48:59.725836,1057
CALL-001958,P-00354,P-00357,2026-03-01T06:15:48.725836,1248
CALL-001959,P-00118,P-00211,2026-06-18T22:25:27.725836,676
CALL-001960,P-00504,P-00295,2026-04-02T20:09:02.725836,709
CALL-001961,P-00143,P-00533,2026-03-04T03:29:12.725836,946
CALL-001962,P-00230,P-00254,2026-03-21T09:39:40.725836,1656
CALL-001963,P-00414,P-00575,2026-02-27T13:11:26.725836,873
CALL-001964,P-00053,P-00120,2026-07-10T16:25:33.725836,700
CALL-001965,P-00471,P-00439,2026-02-16T02:06:53.725836,346
CALL-001966,P-00450,P-00434,2026-05-13T16:50:58.725836,1175
CALL-001967,P-00455,P-00092,2025-11-13T17:59:21.725836,893
CALL-001968,P-00588,P-00548,2026-03-20T16:41:24.725836,813
CALL-001969,P-00202,P-00134,2026-01-23T23:49:38.725836,952
CALL-001970,P-00202,P-00014,2026-06-28T22:11:36.725836,677
CALL-001971,P-00043,P-00580,2026-02-23T04:28:46.725836,1302
CALL-001972,P-00194,P-00412,2025-11-10T17:37:34.725836,10
CALL-001973,P-00573,P-00104,2026-02-26T18:44:56.725836,1229
CALL-001974,P-00332,P-00290,2025-11-24T10:05:08.725836,537
CALL-001975,P-00129,P-00545,2026-05-04T03:26:06.725836,1230
CALL-001976,P-00592,P-00172,2026-05-10T11:56:14.725836,831
CALL-001977,P-00542,P-00128,2025-09-20T07:02:25.725836,1360
CALL-001978,P-00517,P-00403,2025-11-26T21:22:31.725836,1152
CALL-001979,P-00342,P-00225,2026-06-09T04:56:32.725836,426
CALL-001980,P-00168,P-00379,2026-01-12T22:29:12.725836,1412
CALL-001981,P-00396,P-00356,2026-06-12T21:01:17.725836,41
CALL-001982,P-00354,P-00135,2025-11-27T17:19:17.725836,810
CALL-001983,P-00062,P-00542,2025-07-28T20:00:28.725836,106
CALL-001984,P-00038,P-00244,2026-04-20T22:21:02.725836,1125
CALL-001985,P-00026,P-00464,2025-11-09T17:12:10.725836,230
CALL-001986,P-00471,P-00551,2025-08-14T08:38:34.725836,23
CALL-001987,P-00092,P-00055,2025-10-21T12:33:38.725836,155
CALL-001988,P-00048,P-00334,2026-04-12T00:56:41.725836,1288
CALL-001989,P-00509,P-00580,2026-03-20T18:29:02.725836,1408
CALL-001990,P-00289,P-00463,2025-11-02T17:14:02.725836,787
CALL-001991,P-00166,P-00182,2025-12-31T06:45:58.725836,1609
CALL-001992,P-00292,P-00037,2026-02-05T07:24:17.725836,794
CALL-001993,P-00405,P-00282,2025-10-21T08:08:45.725836,1294
CALL-001994,P-00294,P-00167,2025-11-02T21:26:34.725836,691
CALL-001995,P-00322,P-00311,2026-05-26T08:52:06.725836,970
CALL-001996,P-00034,P-00462,2026-02-03T16:26:19.725836,1029
CALL-001997,P-00231,P-00005,2026-01-14T09:53:00.725836,235
CALL-001998,P-00536,P-00499,2026-03-03T18:44:33.725836,22
CALL-001999,P-00372,P-00517,2026-01-08T08:04:55.725836,299
CALL-002000,P-00244,P-00382,2026-02-11T07:53:16.725836,965
CALL-002001,P-00207,P-00238,2026-04-13T21:28:26.725836,87
CALL-002002,P-00238,P-00255,2025-09-07T04:16:55.725836,763
CALL-002003,P-00272,P-00122,2026-04-17T00:23:05.725836,1464
CALL-002004,P-00556,P-00131,2025-09-22T05:06:14.725836,75
CALL-002005,P-00094,P-00190,2026-04-17T22:42:32.725836,1023
CALL-002006,P-00320,P-00247,2026-03-14T12:48:42.725836,165
CALL-002007,P-00054,P-00008,2026-05-09T05:50:39.725836,1587
CALL-002008,P-00096,P-00134,2026-02-10T19:03:55.725836,555
CALL-002009,P-00101,P-00508,2025-09-19T05:24:00.725836,1759
CALL-002010,P-00504,P-00193,2025-12-26T09:59:27.725836,1488
CALL-002011,P-00588,P-00375,2025-09-28T08:24:42.725836,1570
CALL-002012,P-00555,P-00438,2026-07-01T02:48:25.725836,93
CALL-002013,P-00161,P-00414,2026-06-13T05:22:06.725836,1052
CALL-002014,P-00580,P-00237,2025-11-05T21:13:09.725836,316
CALL-002015,P-00131,P-00437,2025-08-26T17:14:13.725836,1216
CALL-002016,P-00521,P-00562,2025-08-12T02:17:37.725836,1436
CALL-002017,P-00494,P-00065,2026-03-15T03:00:22.725836,1128
CALL-002018,P-00069,P-00496,2026-06-11T21:43:41.725836,12
CALL-002019,P-00120,P-00384,2026-03-18T17:44:49.725836,238
CALL-002020,P-00477,P-00459,2025-07-30T02:17:39.725836,1601
CALL-002021,P-00278,P-00230,2026-03-28T06:08:22.725836,1372
CALL-002022,P-00485,P-00520,2026-07-17T07:05:52.725836,1763
CALL-002023,P-00593,P-00351,2026-04-14T21:52:56.725836,1499
CALL-002024,P-00569,P-00422,2025-09-09T12:21:46.725836,585
CALL-002025,P-00009,P-00258,2026-01-02T07:36:15.725836,1317
CALL-002026,P-00164,P-00017,2025-09-16T16:38:03.725836,577
CALL-002027,P-00227,P-00557,2025-09-24T17:20:51.725836,1076
CALL-002028,P-00351,P-00595,2026-06-12T00:47:54.725836,762
CALL-002029,P-00246,P-00121,2026-07-25T08:11:00.725836,1394
CALL-002030,P-00294,P-00140,2026-04-22T11:19:39.725836,111
CALL-002031,P-00580,P-00012,2025-11-16T05:30:33.725836,318
CALL-002032,P-00357,P-00545,2026-04-28T23:08:40.725836,1705
CALL-002033,P-00130,P-00464,2026-03-16T16:07:22.725836,1173
CALL-002034,P-00527,P-00364,2026-06-27T08:43:41.725836,1141
CALL-002035,P-00375,P-00107,2025-09-25T05:05:29.725836,568
CALL-002036,P-00208,P-00556,2025-12-28T15:08:00.725836,458
CALL-002037,P-00350,P-00393,2026-02-26T20:30:18.725836,1750
CALL-002038,P-00290,P-00329,2026-06-01T00:58:51.725836,1283
CALL-002039,P-00240,P-00009,2026-01-12T09:14:32.725836,1257
CALL-002040,P-00568,P-00500,2025-12-19T02:56:32.725836,1089
CALL-002041,P-00155,P-00357,2026-02-01T09:28:54.725836,347
CALL-002042,P-00443,P-00117,2026-05-22T20:02:40.725836,766
CALL-002043,P-00517,P-00481,2026-01-04T22:43:55.725836,547
CALL-002044,P-00045,P-00405,2026-03-06T07:04:38.725836,876
CALL-002045,P-00454,P-00020,2025-09-08T21:43:15.725836,1699
CALL-002046,P-00302,P-00283,2026-04-11T02:19:29.725836,285
CALL-002047,P-00464,P-00010,2025-08-26T13:33:20.725836,1581
CALL-002048,P-00298,P-00072,2025-12-04T21:31:49.725836,1784
CALL-002049,P-00068,P-00046,2026-05-18T00:29:47.725836,717
CALL-002050,P-00114,P-00452,2026-02-01T02:24:43.725836,677
CALL-002051,P-00528,P-00387,2025-08-27T23:36:44.725836,1333
CALL-002052,P-00596,P-00275,2026-06-14T11:55:16.725836,1324
CALL-002053,P-00464,P-00388,2025-12-22T08:35:12.725836,330
CALL-002054,P-00053,P-00437,2025-08-28T20:28:59.725836,176
CALL-002055,P-00442,P-00247,2026-05-20T08:17:50.725836,341
CALL-002056,P-00561,P-00119,2025-12-18T20:08:35.725836,390
CALL-002057,P-00445,P-00218,2025-08-10T01:17:17.725836,1799
CALL-002058,P-00123,P-00216,2026-05-25T20:28:32.725836,1375
CALL-002059,P-00127,P-00402,2026-05-13T10:16:39.725836,1146
CALL-002060,P-00457,P-00540,2025-08-15T10:59:19.725836,506
CALL-002061,P-00518,P-00555,2025-09-16T19:33:17.725836,477
CALL-002062,P-00229,P-00429,2026-07-23T00:13:21.725836,693
CALL-002063,P-00262,P-00588,2025-08-25T23:08:04.725836,1683
CALL-002064,P-00506,P-00038,2025-11-28T17:58:24.725836,1129
CALL-002065,P-00221,P-00057,2026-01-30T07:14:02.725836,1628
CALL-002066,P-00219,P-00303,2025-08-11T15:56:20.725836,235
CALL-002067,P-00454,P-00247,2026-02-11T09:09:02.725836,974
CALL-002068,P-00220,P-00062,2026-05-21T14:00:39.725836,184
CALL-002069,P-00249,P-00587,2026-01-30T03:09:57.725836,1477
CALL-002070,P-00569,P-00158,2026-06-08T10:50:57.725836,163
CALL-002071,P-00379,P-00100,2026-05-27T22:39:19.725836,1186
CALL-002072,P-00400,P-00077,2026-05-25T12:23:21.725836,641
CALL-002073,P-00440,P-00598,2026-04-21T20:24:02.725836,1777
CALL-002074,P-00326,P-00517,2026-07-12T19:36:36.725836,789
CALL-002075,P-00582,P-00538,2025-09-22T03:43:25.725836,828
CALL-002076,P-00108,P-00291,2025-10-06T21:31:38.725836,540
CALL-002077,P-00401,P-00109,2026-03-29T21:01:31.725836,309
CALL-002078,P-00207,P-00139,2026-03-06T16:10:59.725836,691
CALL-002079,P-00275,P-00176,2026-02-23T22:21:57.725836,613
CALL-002080,P-00565,P-00130,2025-11-24T19:40:40.725836,66
CALL-002081,P-00321,P-00189,2026-05-03T03:13:53.725836,813
CALL-002082,P-00292,P-00301,2025-12-16T23:11:52.725836,1420
CALL-002083,P-00159,P-00103,2026-07-03T18:57:25.725836,208
CALL-002084,P-00504,P-00561,2025-07-27T12:44:33.725836,1280
CALL-002085,P-00245,P-00452,2026-01-28T23:47:27.725836,608
CALL-002086,P-00478,P-00461,2026-06-24T13:28:45.725836,173
CALL-002087,P-00271,P-00177,2025-09-27T03:29:43.725836,1045
CALL-002088,P-00126,P-00041,2025-11-24T16:04:33.725836,1613
CALL-002089,P-00509,P-00009,2026-03-31T02:45:11.725836,16
CALL-002090,P-00126,P-00170,2025-08-18T22:51:46.725836,656
CALL-002091,P-00195,P-00321,2026-02-22T09:35:35.725836,290
CALL-002092,P-00502,P-00201,2025-11-22T23:41:49.725836,1523
CALL-002093,P-00501,P-00151,2026-05-07T16:55:53.725836,1303
CALL-002094,P-00481,P-00234,2025-09-21T11:41:44.725836,1489
CALL-002095,P-00320,P-00566,2026-02-12T09:07:24.725836,501
CALL-002096,P-00347,P-00093,2026-03-25T06:25:59.725836,1235
CALL-002097,P-00326,P-00188,2026-01-24T00:04:46.725836,1709
CALL-002098,P-00015,P-00439,2025-09-29T02:45:42.725836,760
CALL-002099,P-00470,P-00504,2025-09-26T21:11:11.725836,591
CALL-002100,P-00588,P-00214,2025-11-06T10:20:43.725836,245
CALL-002101,P-00359,P-00216,2026-03-22T03:34:44.725836,774
CALL-002102,P-00034,P-00540,2026-05-25T23:09:22.725836,844
CALL-002103,P-00229,P-00388,2026-03-15T17:44:53.725836,1183
CALL-002104,P-00464,P-00071,2026-02-28T23:42:51.725836,755
CALL-002105,P-00220,P-00565,2026-03-08T12:52:43.725836,876
CALL-002106,P-00471,P-00200,2025-12-26T13:40:11.725836,1117
CALL-002107,P-00304,P-00325,2025-12-22T02:28:58.725836,182
CALL-002108,P-00066,P-00241,2025-11-14T16:07:55.725836,1273
CALL-002109,P-00095,P-00392,2026-07-01T04:59:40.725836,969
CALL-002110,P-00495,P-00024,2026-04-01T19:49:53.725836,431
CALL-002111,P-00110,P-00001,2026-03-21T10:30:19.725836,413
CALL-002112,P-00558,P-00527,2025-10-05T17:40:34.725836,1271
CALL-002113,P-00145,P-00337,2026-03-23T13:43:36.725836,973
CALL-002114,P-00554,P-00294,2026-05-15T20:09:37.725836,998
CALL-002115,P-00533,P-00572,2026-05-20T18:47:43.725836,46
CALL-002116,P-00600,P-00421,2026-07-15T19:02:05.725836,339
CALL-002117,P-00087,P-00194,2025-09-15T03:32:39.725836,215
CALL-002118,P-00477,P-00130,2026-07-14T17:57:48.725836,681
CALL-002119,P-00202,P-00009,2025-11-10T01:40:00.725836,539
CALL-002120,P-00220,P-00001,2026-06-19T11:59:38.725836,942
CALL-002121,P-00091,P-00075,2026-06-21T21:48:10.725836,1682
CALL-002122,P-00180,P-00328,2026-03-11T13:07:44.725836,779
CALL-002123,P-00407,P-00464,2026-06-25T21:06:46.725836,1180
CALL-002124,P-00362,P-00421,2025-09-02T19:16:19.725836,258
CALL-002125,P-00143,P-00517,2025-12-10T03:49:10.725836,496
CALL-002126,P-00437,P-00159,2026-05-28T13:35:59.725836,829
CALL-002127,P-00222,P-00220,2026-03-08T17:09:56.725836,688
CALL-002128,P-00373,P-00488,2026-01-26T21:56:31.725836,1036
CALL-002129,P-00496,P-00505,2026-05-01T18:39:30.725836,1794
CALL-002130,P-00122,P-00321,2026-06-14T18:08:21.725836,1601
CALL-002131,P-00116,P-00263,2026-04-21T16:38:01.725836,1224
CALL-002132,P-00531,P-00588,2026-06-07T19:10:59.725836,226
CALL-002133,P-00580,P-00431,2026-01-01T20:46:26.725836,1242
CALL-002134,P-00202,P-00077,2026-02-10T13:18:02.725836,143
CALL-002135,P-00247,P-00423,2025-12-31T18:38:39.725836,1787
CALL-002136,P-00297,P-00281,2026-06-13T09:34:59.725836,878
CALL-002137,P-00122,P-00555,2025-08-11T01:05:29.725836,170
CALL-002138,P-00336,P-00202,2025-12-15T21:38:06.725836,237
CALL-002139,P-00518,P-00544,2026-06-07T11:54:11.725836,1544
CALL-002140,P-00271,P-00458,2026-01-20T18:55:31.725836,458
CALL-002141,P-00095,P-00073,2026-05-05T18:49:30.725836,68
CALL-002142,P-00003,P-00237,2025-07-29T02:06:06.725836,1540
CALL-002143,P-00342,P-00599,2026-01-26T15:13:25.725836,463
CALL-002144,P-00399,P-00118,2025-10-02T22:34:05.725836,1722
CALL-002145,P-00273,P-00258,2025-09-09T21:00:46.725836,1191
CALL-002146,P-00062,P-00160,2026-05-28T03:04:34.725836,1524
CALL-002147,P-00469,P-00107,2026-01-06T10:04:17.725836,890
CALL-002148,P-00342,P-00044,2026-03-17T13:21:19.725836,1112
CALL-002149,P-00364,P-00463,2026-06-14T17:12:42.725836,1479
CALL-002150,P-00364,P-00428,2026-03-04T17:21:18.725836,1538
CALL-002151,P-00528,P-00538,2025-08-10T03:13:19.725836,580
CALL-002152,P-00581,P-00405,2026-05-22T13:06:49.725836,1133
CALL-002153,P-00101,P-00193,2026-03-28T13:12:46.725836,435
CALL-002154,P-00126,P-00011,2025-08-13T21:11:27.725836,575
CALL-002155,P-00353,P-00127,2025-11-26T09:38:29.725836,1046
CALL-002156,P-00412,P-00231,2025-10-20T17:41:25.725836,1672
CALL-002157,P-00317,P-00384,2026-05-04T00:44:45.725836,762
CALL-002158,P-00398,P-00495,2026-06-10T11:50:11.725836,1292
CALL-002159,P-00564,P-00167,2025-08-07T03:32:14.725836,312
CALL-002160,P-00100,P-00080,2026-01-21T03:40:18.725836,1491
CALL-002161,P-00341,P-00448,2025-09-06T16:47:23.725836,1287
CALL-002162,P-00066,P-00169,2025-08-04T15:39:56.725836,769
CALL-002163,P-00195,P-00388,2025-10-11T13:35:49.725836,1594
CALL-002164,P-00464,P-00528,2026-01-22T12:46:33.725836,875
CALL-002165,P-00552,P-00136,2026-07-06T17:25:44.725836,708
CALL-002166,P-00161,P-00561,2026-07-04T07:22:36.725836,1456
CALL-002167,P-00075,P-00291,2026-04-17T16:46:38.725836,881
CALL-002168,P-00364,P-00353,2026-03-02T03:27:28.725836,1737
CALL-002169,P-00575,P-00292,2025-10-13T16:22:00.725836,1239
CALL-002170,P-00378,P-00452,2026-05-07T21:55:45.725836,1126
CALL-002171,P-00266,P-00453,2026-01-01T18:37:27.725836,1780
CALL-002172,P-00246,P-00226,2026-02-05T21:28:16.725836,774
CALL-002173,P-00274,P-00345,2025-10-17T18:31:15.725836,172
CALL-002174,P-00573,P-00382,2026-05-26T11:12:33.725836,859
CALL-002175,P-00130,P-00205,2026-01-08T14:45:13.725836,369
CALL-002176,P-00507,P-00576,2025-11-09T07:53:04.725836,1494
CALL-002177,P-00152,P-00208,2026-06-10T15:31:04.725836,979
CALL-002178,P-00041,P-00321,2026-03-28T11:05:06.725836,190
CALL-002179,P-00074,P-00450,2025-12-14T09:11:56.725836,990
CALL-002180,P-00239,P-00161,2025-09-21T13:45:58.725836,1139
CALL-002181,P-00099,P-00148,2026-02-13T23:23:34.725836,229
CALL-002182,P-00014,P-00482,2026-05-25T16:39:46.725836,114
CALL-002183,P-00367,P-00475,2025-10-29T04:16:49.725836,1412
CALL-002184,P-00005,P-00151,2026-01-01T08:34:00.725836,373
CALL-002185,P-00344,P-00400,2025-09-24T22:40:29.725836,1190
CALL-002186,P-00104,P-00531,2026-06-16T07:41:47.725836,1530
CALL-002187,P-00443,P-00160,2025-09-21T01:04:43.725836,884
CALL-002188,P-00339,P-00157,2026-06-21T14:07:57.725836,1414
CALL-002189,P-00107,P-00306,2026-04-15T20:17:16.725836,1663
CALL-002190,P-00256,P-00443,2026-06-20T01:18:10.725836,1728
CALL-002191,P-00109,P-00457,2026-05-17T20:45:39.725836,1341
CALL-002192,P-00558,P-00090,2026-01-12T10:46:09.725836,57
CALL-002193,P-00131,P-00295,2026-07-19T17:36:40.725836,1483
CALL-002194,P-00143,P-00310,2025-08-16T21:09:34.725836,407
CALL-002195,P-00553,P-00145,2026-01-25T09:29:46.725836,1064
CALL-002196,P-00570,P-00509,2026-01-15T05:38:47.725836,1467
CALL-002197,P-00397,P-00207,2026-03-10T11:32:00.725836,1155
CALL-002198,P-00364,P-00164,2026-02-14T12:13:24.725836,1728
CALL-002199,P-00048,P-00475,2026-07-02T00:04:51.725836,1461
CALL-002200,P-00112,P-00232,2026-02-10T16:26:10.725836,1186
CALL-002201,P-00373,P-00381,2025-10-07T01:07:27.725836,477
CALL-002202,P-00176,P-00242,2026-02-12T12:10:56.725836,1481
CALL-002203,P-00412,P-00520,2026-06-11T09:27:16.725836,714
CALL-002204,P-00401,P-00240,2026-03-28T21:59:59.725836,1573
CALL-002205,P-00208,P-00195,2026-06-05T02:46:08.725836,1756
CALL-002206,P-00051,P-00109,2025-08-14T06:18:58.725836,165
CALL-002207,P-00211,P-00152,2026-03-25T15:23:12.725836,124
CALL-002208,P-00231,P-00483,2026-05-20T03:33:26.725836,342
CALL-002209,P-00438,P-00474,2026-02-19T23:13:10.725836,1289
CALL-002210,P-00583,P-00224,2026-07-14T12:14:55.725836,1221
CALL-002211,P-00549,P-00043,2026-02-02T04:02:02.725836,401
CALL-002212,P-00131,P-00273,2026-01-05T13:02:23.725836,1429
CALL-002213,P-00074,P-00271,2026-07-05T08:01:25.725836,316
CALL-002214,P-00104,P-00099,2025-11-06T07:56:29.725836,1579
CALL-002215,P-00195,P-00431,2026-03-13T19:20:47.725836,1364
CALL-002216,P-00559,P-00582,2025-10-31T15:28:38.725836,1743
CALL-002217,P-00300,P-00129,2025-09-05T19:43:05.725836,1019
CALL-002218,P-00117,P-00122,2025-11-28T05:23:00.725836,263
CALL-002219,P-00103,P-00131,2026-02-20T14:59:44.725836,1338
CALL-002220,P-00301,P-00093,2026-06-02T05:17:36.725836,753
CALL-002221,P-00188,P-00471,2026-01-28T22:13:46.725836,774
CALL-002222,P-00482,P-00263,2026-06-06T04:10:56.725836,1172
CALL-002223,P-00369,P-00255,2026-05-16T07:21:29.725836,322
CALL-002224,P-00273,P-00169,2025-11-26T23:38:43.725836,1769
CALL-002225,P-00456,P-00366,2026-03-05T11:25:37.725836,667
CALL-002226,P-00178,P-00308,2026-06-11T06:55:42.725836,1190
CALL-002227,P-00558,P-00405,2026-03-25T17:00:05.725836,867
CALL-002228,P-00535,P-00469,2025-12-01T02:14:18.725836,346
CALL-002229,P-00185,P-00530,2025-09-12T15:27:10.725836,916
CALL-002230,P-00310,P-00106,2025-11-08T02:00:39.725836,649
CALL-002231,P-00132,P-00154,2025-11-18T05:58:47.725836,1691
CALL-002232,P-00083,P-00443,2026-07-01T00:00:25.725836,922
CALL-002233,P-00412,P-00167,2026-05-03T10:18:16.725836,1140
CALL-002234,P-00531,P-00307,2026-04-20T11:34:57.725836,1350
CALL-002235,P-00091,P-00021,2026-02-13T23:30:48.725836,840
CALL-002236,P-00131,P-00297,2026-06-02T09:12:25.725836,1345
CALL-002237,P-00082,P-00289,2025-07-31T15:33:06.725836,1608
CALL-002238,P-00448,P-00264,2025-09-17T11:08:43.725836,673
CALL-002239,P-00377,P-00343,2025-12-21T07:46:52.725836,1352
CALL-002240,P-00334,P-00245,2025-12-17T23:52:26.725836,1209
CALL-002241,P-00151,P-00413,2025-11-02T14:23:35.725836,241
CALL-002242,P-00446,P-00170,2025-09-08T21:26:23.725836,1250
CALL-002243,P-00123,P-00348,2025-12-18T14:30:55.725836,1295
CALL-002244,P-00194,P-00569,2026-02-11T04:15:50.725836,595
CALL-002245,P-00587,P-00463,2025-12-09T07:09:15.725836,1698
CALL-002246,P-00535,P-00301,2026-01-23T00:43:32.725836,452
CALL-002247,P-00246,P-00425,2026-06-09T06:25:31.725836,355
CALL-002248,P-00441,P-00442,2025-08-20T11:10:20.725836,256
CALL-002249,P-00207,P-00105,2026-05-01T22:43:58.725836,985
CALL-002250,P-00103,P-00242,2026-05-10T21:35:49.725836,1286
CALL-002251,P-00428,P-00375,2026-05-08T13:00:54.725836,1432
CALL-002252,P-00202,P-00509,2026-07-23T12:31:59.725836,1038
CALL-002253,P-00059,P-00570,2026-01-16T06:24:54.725836,337
CALL-002254,P-00293,P-00044,2025-09-11T23:38:42.725836,29
CALL-002255,P-00480,P-00402,2025-11-09T23:39:34.725836,1777
CALL-002256,P-00360,P-00282,2025-08-08T16:06:13.725836,738
CALL-002257,P-00169,P-00060,2026-07-24T18:28:53.725836,1471
CALL-002258,P-00065,P-00537,2026-01-14T12:33:04.725836,427
CALL-002259,P-00401,P-00593,2025-12-03T03:12:50.725836,1532
CALL-002260,P-00414,P-00461,2025-08-19T22:13:22.725836,1316
CALL-002261,P-00057,P-00359,2026-05-23T19:39:23.725836,1677
CALL-002262,P-00526,P-00016,2025-12-08T21:21:31.725836,1381
CALL-002263,P-00303,P-00242,2025-08-06T18:49:18.725836,1578
CALL-002264,P-00156,P-00300,2026-04-28T15:45:13.725836,53
CALL-002265,P-00212,P-00027,2026-01-27T03:43:49.725836,25
CALL-002266,P-00045,P-00568,2026-02-06T03:31:56.725836,1649
CALL-002267,P-00281,P-00190,2025-10-25T06:12:34.725836,1785
CALL-002268,P-00318,P-00531,2026-03-16T14:52:09.725836,1082
CALL-002269,P-00352,P-00467,2026-05-23T07:22:38.725836,850
CALL-002270,P-00243,P-00514,2026-03-12T05:51:24.725836,677
CALL-002271,P-00052,P-00529,2026-03-21T06:55:06.725836,1566
CALL-002272,P-00503,P-00193,2026-04-30T07:51:08.725836,1359
CALL-002273,P-00349,P-00300,2026-07-24T04:43:27.725836,1005
CALL-002274,P-00424,P-00061,2025-08-27T12:38:59.725836,1367
CALL-002275,P-00034,P-00419,2025-11-07T11:30:03.725836,1798
CALL-002276,P-00509,P-00437,2025-08-16T11:54:47.725836,1736
CALL-002277,P-00558,P-00588,2026-03-26T23:25:13.725836,1312
CALL-002278,P-00393,P-00379,2025-12-10T15:46:01.725836,218
CALL-002279,P-00015,P-00055,2025-09-19T03:34:06.725836,650
CALL-002280,P-00011,P-00459,2026-05-16T02:40:15.725836,744
CALL-002281,P-00528,P-00291,2025-08-11T03:31:13.725836,498
CALL-002282,P-00274,P-00314,2026-03-24T07:16:05.725836,1187
CALL-002283,P-00584,P-00374,2026-05-05T15:38:13.725836,1644
CALL-002284,P-00264,P-00004,2025-09-09T15:12:08.725836,929
CALL-002285,P-00368,P-00021,2025-10-09T02:43:57.725836,652
CALL-002286,P-00453,P-00494,2025-09-13T09:25:02.725836,647
CALL-002287,P-00229,P-00055,2025-11-26T18:58:21.725836,1615
CALL-002288,P-00096,P-00195,2025-11-29T22:56:14.725836,759
CALL-002289,P-00131,P-00475,2026-01-03T13:57:29.725836,1615
CALL-002290,P-00008,P-00027,2026-03-01T11:16:06.725836,1227
CALL-002291,P-00570,P-00457,2025-12-10T01:50:11.725836,664
CALL-002292,P-00561,P-00408,2026-07-25T13:02:52.725836,1115
CALL-002293,P-00403,P-00416,2026-01-07T15:20:43.725836,1582
CALL-002294,P-00024,P-00306,2026-01-17T08:51:46.725836,402
CALL-002295,P-00322,P-00042,2025-09-22T11:44:59.725836,981
CALL-002296,P-00560,P-00450,2026-04-01T19:45:02.725836,1710
CALL-002297,P-00282,P-00120,2026-05-19T01:49:43.725836,1728
CALL-002298,P-00220,P-00388,2025-08-23T06:32:46.725836,923
CALL-002299,P-00264,P-00341,2025-11-27T03:02:58.725836,1708
CALL-002300,P-00573,P-00122,2025-08-27T15:36:32.725836,863
CALL-002301,P-00367,P-00176,2026-04-05T02:48:26.725836,569
CALL-002302,P-00505,P-00299,2025-10-03T22:36:28.725836,385
CALL-002303,P-00594,P-00072,2025-11-15T19:22:38.725836,407
CALL-002304,P-00001,P-00481,2026-03-05T09:18:10.725836,905
CALL-002305,P-00367,P-00095,2026-03-30T21:33:06.725836,1529
CALL-002306,P-00464,P-00043,2026-05-19T13:12:23.725836,324
CALL-002307,P-00223,P-00292,2026-03-19T13:41:26.725836,370
CALL-002308,P-00453,P-00494,2025-12-30T03:22:27.725836,174
CALL-002309,P-00234,P-00019,2025-10-24T08:59:23.725836,1744
CALL-002310,P-00425,P-00178,2026-02-24T19:42:02.725836,1195
CALL-002311,P-00575,P-00237,2025-09-26T15:35:44.725836,1119
CALL-002312,P-00044,P-00057,2026-06-09T12:37:02.725836,953
CALL-002313,P-00143,P-00425,2026-06-24T04:17:05.725836,1366
CALL-002314,P-00214,P-00077,2026-04-16T15:36:33.725836,448
CALL-002315,P-00193,P-00566,2025-09-05T08:52:30.725836,1212
CALL-002316,P-00061,P-00053,2026-04-17T03:30:16.725836,368
CALL-002317,P-00247,P-00438,2026-04-21T08:06:59.725836,204
CALL-002318,P-00217,P-00267,2025-12-04T07:22:14.725836,437
CALL-002319,P-00306,P-00188,2026-04-01T12:20:26.725836,230
CALL-002320,P-00273,P-00403,2026-04-23T08:50:55.725836,1234
CALL-002321,P-00073,P-00545,2025-10-25T13:19:21.725836,255
CALL-002322,P-00167,P-00055,2026-05-13T03:49:34.725836,1408
CALL-002323,P-00565,P-00336,2025-08-03T16:41:16.725836,419
CALL-002324,P-00531,P-00064,2026-02-19T11:15:50.725836,1311
CALL-002325,P-00558,P-00056,2026-04-27T17:09:02.725836,620
CALL-002326,P-00504,P-00005,2026-02-04T15:20:30.725836,731
CALL-002327,P-00202,P-00545,2026-05-24T22:39:42.725836,78
CALL-002328,P-00462,P-00565,2026-05-17T03:58:48.725836,1315
CALL-002329,P-00461,P-00237,2026-02-27T23:02:30.725836,773
CALL-002330,P-00272,P-00324,2025-09-20T14:16:09.725836,825
CALL-002331,P-00272,P-00020,2026-01-27T04:18:07.725836,342
CALL-002332,P-00212,P-00094,2026-06-07T03:10:28.725836,1374
CALL-002333,P-00202,P-00095,2026-03-21T13:44:26.725836,206
CALL-002334,P-00156,P-00576,2026-02-11T15:52:30.725836,615
CALL-002335,P-00160,P-00275,2026-06-25T21:57:50.725836,1006
CALL-002336,P-00226,P-00068,2025-11-19T23:20:30.725836,1138
CALL-002337,P-00005,P-00539,2025-09-02T20:03:19.725836,108
CALL-002338,P-00411,P-00133,2025-10-25T12:52:19.725836,1316
CALL-002339,P-00109,P-00457,2026-06-19T01:35:29.725836,841
CALL-002340,P-00250,P-00021,2025-07-30T05:22:48.725836,274
CALL-002341,P-00453,P-00009,2025-12-24T09:18:40.725836,1741
CALL-002342,P-00155,P-00447,2026-05-07T21:57:27.725836,657
CALL-002343,P-00037,P-00024,2026-05-09T03:42:29.725836,1119
CALL-002344,P-00102,P-00487,2025-11-06T09:07:47.725836,629
CALL-002345,P-00082,P-00351,2025-08-11T21:19:44.725836,1576
CALL-002346,P-00247,P-00025,2026-07-26T00:21:44.725836,1474
CALL-002347,P-00303,P-00413,2025-12-31T06:20:37.725836,899
CALL-002348,P-00389,P-00065,2026-03-11T20:04:14.725836,1711
CALL-002349,P-00524,P-00532,2025-10-08T03:32:40.725836,713
CALL-002350,P-00282,P-00197,2025-11-10T17:43:39.725836,1303
CALL-002351,P-00352,P-00312,2026-05-18T12:09:24.725836,708
CALL-002352,P-00312,P-00014,2025-09-29T05:07:14.725836,1233
CALL-002353,P-00159,P-00015,2025-12-09T01:23:18.725836,1386
CALL-002354,P-00351,P-00062,2026-03-17T09:42:05.725836,1090
CALL-002355,P-00437,P-00561,2026-02-11T19:18:41.725836,1563
CALL-002356,P-00269,P-00271,2026-06-01T07:40:26.725836,838
CALL-002357,P-00107,P-00227,2026-03-29T16:10:17.725836,1701
CALL-002358,P-00136,P-00437,2025-12-11T07:45:13.725836,280
CALL-002359,P-00158,P-00056,2025-11-22T18:39:15.725836,92
CALL-002360,P-00160,P-00104,2025-12-08T18:50:49.725836,1507
CALL-002361,P-00578,P-00380,2025-12-23T02:10:31.725836,1218
CALL-002362,P-00015,P-00201,2025-12-16T22:59:10.725836,332
CALL-002363,P-00478,P-00094,2025-12-16T12:17:11.725836,585
CALL-002364,P-00457,P-00517,2026-04-26T11:08:05.725836,1181
CALL-002365,P-00396,P-00065,2026-04-23T19:13:07.725836,1116
CALL-002366,P-00494,P-00005,2025-09-09T07:50:41.725836,340
CALL-002367,P-00538,P-00211,2026-02-11T14:17:35.725836,1185
CALL-002368,P-00101,P-00070,2026-01-02T03:34:33.725836,404
CALL-002369,P-00011,P-00101,2026-06-20T12:43:57.725836,821
CALL-002370,P-00374,P-00258,2025-09-11T11:38:10.725836,1078
CALL-002371,P-00463,P-00482,2026-02-11T16:18:44.725836,563
CALL-002372,P-00483,P-00482,2025-10-16T22:19:24.725836,1289
CALL-002373,P-00219,P-00097,2026-01-26T22:52:50.725836,1362
CALL-002374,P-00091,P-00582,2026-01-27T11:57:24.725836,450
CALL-002375,P-00229,P-00467,2025-08-23T00:40:28.725836,197
CALL-002376,P-00048,P-00588,2026-03-24T17:21:34.725836,608
CALL-002377,P-00515,P-00587,2026-03-23T06:41:37.725836,19
CALL-002378,P-00422,P-00485,2026-03-17T22:36:37.725836,1531
CALL-002379,P-00344,P-00517,2026-07-03T13:55:56.725836,846
CALL-002380,P-00489,P-00448,2025-08-18T18:18:29.725836,1025
CALL-002381,P-00122,P-00551,2025-11-23T16:01:04.725836,1573
CALL-002382,P-00278,P-00191,2026-04-04T00:15:15.725836,208
CALL-002383,P-00428,P-00215,2025-10-19T07:47:20.725836,565
CALL-002384,P-00126,P-00442,2025-12-28T13:11:56.725836,513
CALL-002385,P-00087,P-00167,2026-03-16T06:22:30.725836,432
CALL-002386,P-00353,P-00145,2025-12-29T22:00:06.725836,160
CALL-002387,P-00590,P-00560,2025-11-17T11:04:19.725836,541
CALL-002388,P-00595,P-00516,2026-06-06T23:15:50.725836,420
CALL-002389,P-00372,P-00229,2026-04-05T05:24:52.725836,555
CALL-002390,P-00206,P-00124,2026-06-25T02:21:30.725836,289
CALL-002391,P-00062,P-00379,2026-06-26T19:06:40.725836,1502
CALL-002392,P-00554,P-00573,2025-09-06T08:16:07.725836,1643
CALL-002393,P-00428,P-00299,2026-07-13T00:08:26.725836,1564
CALL-002394,P-00575,P-00475,2026-03-31T20:06:13.725836,54
CALL-002395,P-00495,P-00564,2025-11-21T20:14:27.725836,1497
CALL-002396,P-00588,P-00055,2025-09-09T10:59:35.725836,1578
CALL-002397,P-00081,P-00205,2025-10-31T15:06:12.725836,1004
CALL-002398,P-00463,P-00195,2026-01-23T16:20:19.725836,1742
CALL-002399,P-00292,P-00108,2025-09-07T11:42:26.725836,1780
CALL-002400,P-00172,P-00064,2025-12-05T01:32:10.725836,964
CALL-002401,P-00432,P-00090,2025-12-10T12:20:06.725836,951
CALL-002402,P-00580,P-00160,2025-12-09T15:40:30.725836,675
CALL-002403,P-00230,P-00391,2025-11-03T18:37:26.725836,1616
CALL-002404,P-00017,P-00104,2026-06-14T14:33:38.725836,791
CALL-002405,P-00290,P-00381,2026-07-05T13:29:06.725836,292
CALL-002406,P-00441,P-00451,2026-04-04T06:23:02.725836,338
CALL-002407,P-00172,P-00219,2026-04-07T07:16:01.725836,1009
CALL-002408,P-00033,P-00084,2025-11-23T22:46:37.725836,1258
CALL-002409,P-00429,P-00090,2025-08-15T06:44:30.725836,1612
CALL-002410,P-00386,P-00512,2026-05-31T09:17:56.725836,642
CALL-002411,P-00152,P-00520,2026-03-23T17:20:57.725836,1707
CALL-002412,P-00292,P-00425,2025-08-08T10:28:36.725836,561
CALL-002413,P-00445,P-00291,2025-10-15T08:07:23.725836,130
CALL-002414,P-00531,P-00454,2026-01-24T06:29:00.725836,1569
CALL-002415,P-00441,P-00511,2026-07-22T10:39:29.725836,940
CALL-002416,P-00097,P-00324,2026-01-14T01:15:57.725836,795
CALL-002417,P-00369,P-00569,2026-04-09T00:42:38.725836,17
CALL-002418,P-00543,P-00082,2025-10-02T08:53:02.725836,1392
CALL-002419,P-00023,P-00147,2025-11-20T02:43:08.725836,406
CALL-002420,P-00414,P-00588,2025-08-28T05:01:59.725836,79
CALL-002421,P-00384,P-00120,2026-05-05T13:06:49.725836,1319
CALL-002422,P-00159,P-00158,2025-11-25T02:16:08.725836,455
CALL-002423,P-00453,P-00543,2025-11-14T22:35:56.725836,921
CALL-002424,P-00419,P-00103,2026-04-02T09:45:29.725836,837
CALL-002425,P-00170,P-00281,2025-12-02T12:44:11.725836,1714
CALL-002426,P-00342,P-00436,2026-01-22T05:23:02.725836,1434
CALL-002427,P-00490,P-00065,2025-11-11T22:20:59.725836,1456
CALL-002428,P-00446,P-00525,2026-05-14T20:58:54.725836,1500
CALL-002429,P-00195,P-00570,2026-03-07T21:11:19.725836,620
CALL-002430,P-00393,P-00405,2026-05-22T21:05:25.725836,1314
CALL-002431,P-00554,P-00053,2026-07-07T13:09:19.725836,1121
CALL-002432,P-00227,P-00209,2026-03-26T20:37:55.725836,1483
CALL-002433,P-00393,P-00043,2026-04-09T11:26:08.725836,1166
CALL-002434,P-00170,P-00477,2026-07-03T13:12:39.725836,397
CALL-002435,P-00401,P-00337,2026-03-09T18:25:25.725836,969
CALL-002436,P-00528,P-00516,2026-01-15T02:37:45.725836,313
CALL-002437,P-00437,P-00143,2026-06-05T06:22:21.725836,1376
CALL-002438,P-00311,P-00424,2026-02-21T06:23:13.725836,1358
CALL-002439,P-00433,P-00596,2026-04-27T14:35:30.725836,1034
CALL-002440,P-00041,P-00265,2025-11-26T09:36:35.725836,435
CALL-002441,P-00516,P-00382,2026-02-16T04:07:25.725836,447
CALL-002442,P-00076,P-00220,2025-11-22T05:31:43.725836,1660
CALL-002443,P-00495,P-00292,2025-08-13T07:42:17.725836,975
CALL-002444,P-00499,P-00473,2025-08-26T11:33:59.725836,705
CALL-002445,P-00399,P-00076,2025-10-28T19:15:24.725836,1332
CALL-002446,P-00393,P-00277,2026-03-15T11:18:50.725836,96
CALL-002447,P-00131,P-00389,2026-02-15T07:08:15.725836,1292
CALL-002448,P-00148,P-00143,2026-02-21T21:37:57.725836,472
CALL-002449,P-00054,P-00289,2025-08-14T13:18:46.725836,600
CALL-002450,P-00312,P-00091,2026-01-06T15:01:06.725836,232
CALL-002451,P-00297,P-00275,2025-09-28T02:11:11.725836,1110
CALL-002452,P-00199,P-00234,2026-06-22T20:07:03.725836,1606
CALL-002453,P-00505,P-00327,2026-05-11T14:12:53.725836,923
CALL-002454,P-00301,P-00379,2026-06-14T15:46:32.725836,1109
CALL-002455,P-00471,P-00469,2026-01-18T18:22:08.725836,554
CALL-002456,P-00375,P-00569,2026-01-18T03:34:39.725836,378
CALL-002457,P-00172,P-00425,2025-10-19T07:22:17.725836,578
CALL-002458,P-00214,P-00017,2025-10-22T03:26:44.725836,1264
CALL-002459,P-00105,P-00592,2025-11-11T19:13:04.725836,804
CALL-002460,P-00485,P-00537,2026-07-09T18:56:39.725836,953
CALL-002461,P-00247,P-00359,2026-07-24T10:46:41.725836,63
CALL-002462,P-00482,P-00396,2025-12-15T22:18:34.725836,553
CALL-002463,P-00306,P-00285,2025-12-11T08:03:14.725836,1740
CALL-002464,P-00074,P-00253,2025-10-01T05:48:56.725836,1527
CALL-002465,P-00400,P-00443,2026-01-19T00:57:19.725836,1330
CALL-002466,P-00090,P-00306,2025-09-30T19:56:15.725836,645
CALL-002467,P-00566,P-00349,2026-01-16T07:42:28.725836,1105
CALL-002468,P-00216,P-00306,2026-01-20T10:13:15.725836,678
CALL-002469,P-00008,P-00562,2026-07-12T20:57:17.725836,105
CALL-002470,P-00440,P-00066,2025-08-10T18:13:17.725836,645
CALL-002471,P-00156,P-00426,2026-04-06T18:24:39.725836,1431
CALL-002472,P-00110,P-00382,2026-07-12T07:11:17.725836,1401
CALL-002473,P-00263,P-00405,2026-04-27T19:19:32.725836,168
CALL-002474,P-00292,P-00238,2025-11-20T12:16:08.725836,471
CALL-002475,P-00022,P-00362,2025-08-27T15:26:19.725836,10
CALL-002476,P-00427,P-00529,2026-02-21T05:48:26.725836,780
CALL-002477,P-00450,P-00252,2026-02-14T09:49:57.725836,1798
CALL-002478,P-00142,P-00172,2025-12-23T19:18:28.725836,687
CALL-002479,P-00480,P-00573,2026-05-22T11:06:07.725836,1161
CALL-002480,P-00216,P-00109,2026-06-17T09:32:46.725836,278
CALL-002481,P-00253,P-00124,2026-07-07T08:14:45.725836,1616
CALL-002482,P-00183,P-00251,2026-07-20T17:17:38.725836,1551
CALL-002483,P-00023,P-00345,2026-07-15T03:07:13.725836,176
CALL-002484,P-00421,P-00363,2025-09-20T16:41:28.725836,1678
CALL-002485,P-00220,P-00581,2025-10-25T05:57:36.725836,143
CALL-002486,P-00387,P-00348,2026-05-11T04:20:59.725836,937
CALL-002487,P-00459,P-00454,2026-06-14T02:39:36.725836,1464
CALL-002488,P-00430,P-00299,2026-04-18T22:20:47.725836,1045
CALL-002489,P-00292,P-00139,2025-11-08T05:47:22.725836,1530
CALL-002490,P-00122,P-00302,2026-07-03T15:05:42.725836,413
CALL-002491,P-00011,P-00176,2025-11-01T15:49:22.725836,158
CALL-002492,P-00207,P-00310,2025-10-05T08:02:56.725836,726
CALL-002493,P-00588,P-00341,2026-05-14T14:10:42.725836,575
CALL-002494,P-00568,P-00382,2025-08-06T02:35:51.725836,1386
CALL-002495,P-00283,P-00202,2025-07-29T19:15:21.725836,700
CALL-002496,P-00328,P-00218,2025-11-11T01:36:32.725836,130
CALL-002497,P-00313,P-00422,2026-01-19T00:33:31.725836,589
CALL-002498,P-00282,P-00109,2025-08-30T00:35:52.725836,625
CALL-002499,P-00273,P-00582,2025-10-17T06:33:52.725836,459
CALL-002500,P-00067,P-00366,2026-04-01T15:37:52.725836,936
CALL-002501,P-00310,P-00014,2026-01-04T05:31:58.725836,1694
CALL-002502,P-00515,P-00027,2026-06-22T08:50:10.725836,1114
CALL-002503,P-00139,P-00192,2026-01-11T10:07:22.725836,1705
CALL-002504,P-00203,P-00004,2026-01-31T18:12:00.725836,1482
CALL-002505,P-00179,P-00585,2026-07-03T22:00:36.725836,748
CALL-002506,P-00110,P-00064,2025-11-25T18:50:50.725836,918
CALL-002507,P-00239,P-00102,2025-11-04T04:28:05.725836,1147
CALL-002508,P-00454,P-00346,2025-12-15T12:42:00.725836,1762
CALL-002509,P-00302,P-00384,2025-11-04T22:45:00.725836,246
CALL-002510,P-00425,P-00518,2025-09-15T04:08:35.725836,1752
CALL-002511,P-00570,P-00477,2025-12-04T01:52:06.725836,793
CALL-002512,P-00016,P-00568,2026-05-09T05:07:35.725836,1569
CALL-002513,P-00402,P-00131,2025-08-15T09:50:25.725836,319
CALL-002514,P-00199,P-00352,2025-09-16T15:06:35.725836,1572
CALL-002515,P-00387,P-00493,2026-05-24T03:55:10.725836,678
CALL-002516,P-00312,P-00352,2025-10-18T21:34:15.725836,1332
CALL-002517,P-00462,P-00581,2026-02-22T17:43:33.725836,1492
CALL-002518,P-00351,P-00090,2026-06-19T23:11:32.725836,566
CALL-002519,P-00391,P-00571,2025-11-28T07:12:05.725836,170
CALL-002520,P-00008,P-00478,2025-12-28T05:03:05.725836,1462
CALL-002521,P-00275,P-00109,2025-08-05T16:29:19.725836,1759
CALL-002522,P-00337,P-00034,2026-02-08T21:41:45.725836,456
CALL-002523,P-00539,P-00420,2025-08-06T21:23:56.725836,894
CALL-002524,P-00540,P-00279,2025-11-24T04:56:38.725836,1208
CALL-002525,P-00268,P-00088,2025-09-12T09:09:42.725836,1665
CALL-002526,P-00475,P-00561,2026-02-17T23:36:05.725836,1295
CALL-002527,P-00172,P-00495,2026-04-19T08:50:57.725836,17
CALL-002528,P-00280,P-00443,2026-02-28T21:05:12.725836,1605
CALL-002529,P-00445,P-00117,2026-03-19T12:30:51.725836,124
CALL-002530,P-00214,P-00237,2025-08-07T13:12:41.725836,905
CALL-002531,P-00219,P-00400,2025-12-30T13:15:07.725836,559
CALL-002532,P-00558,P-00483,2026-03-13T10:37:01.725836,1111
CALL-002533,P-00247,P-00438,2026-04-16T15:55:16.725836,704
CALL-002534,P-00338,P-00367,2025-11-08T10:40:14.725836,508
CALL-002535,P-00109,P-00073,2026-03-21T20:28:30.725836,1013
CALL-002536,P-00174,P-00019,2026-01-03T20:59:42.725836,456
CALL-002537,P-00530,P-00209,2025-09-30T08:43:34.725836,461
CALL-002538,P-00389,P-00306,2025-10-10T12:27:54.725836,547
CALL-002539,P-00375,P-00167,2025-09-04T02:09:56.725836,434
CALL-002540,P-00432,P-00492,2026-03-31T06:16:46.725836,644
CALL-002541,P-00321,P-00100,2025-11-02T07:17:34.725836,626
CALL-002542,P-00009,P-00477,2025-08-21T13:01:36.725836,505
CALL-002543,P-00257,P-00342,2026-06-02T16:26:05.725836,810
CALL-002544,P-00370,P-00568,2025-12-20T18:13:14.725836,186
CALL-002545,P-00164,P-00286,2026-06-21T07:49:08.725836,1035
CALL-002546,P-00160,P-00570,2026-05-25T02:55:19.725836,1133
CALL-002547,P-00223,P-00238,2026-04-22T05:25:11.725836,89
CALL-002548,P-00258,P-00293,2026-03-03T03:09:29.725836,1527
CALL-002549,P-00535,P-00327,2026-06-16T05:18:40.725836,1063
CALL-002550,P-00109,P-00158,2026-05-13T07:35:35.725836,1309
CALL-002551,P-00402,P-00466,2025-10-19T23:24:45.725836,1220
CALL-002552,P-00395,P-00028,2025-08-06T01:13:35.725836,1083
CALL-002553,P-00001,P-00499,2026-02-15T08:05:45.725836,72
CALL-002554,P-00433,P-00041,2025-10-19T15:56:55.725836,431
CALL-002555,P-00538,P-00483,2026-06-21T09:48:42.725836,1668
CALL-002556,P-00094,P-00130,2026-05-31T22:07:40.725836,1374
CALL-002557,P-00106,P-00480,2026-01-12T18:37:07.725836,875
CALL-002558,P-00213,P-00417,2026-06-26T18:54:37.725836,976
CALL-002559,P-00246,P-00591,2025-08-03T02:18:56.725836,1137
CALL-002560,P-00058,P-00533,2025-11-30T07:21:35.725836,532
CALL-002561,P-00043,P-00101,2026-06-27T17:49:07.725836,307
CALL-002562,P-00177,P-00494,2025-10-09T09:34:18.725836,182
CALL-002563,P-00111,P-00081,2026-06-19T08:12:40.725836,273
CALL-002564,P-00400,P-00351,2025-08-15T13:45:46.725836,835
CALL-002565,P-00350,P-00568,2025-08-16T04:42:52.725836,375
CALL-002566,P-00267,P-00274,2026-05-03T16:05:05.725836,755
CALL-002567,P-00437,P-00399,2025-09-12T21:05:42.725836,609
CALL-002568,P-00566,P-00382,2025-11-18T13:59:48.725836,1104
CALL-002569,P-00272,P-00489,2025-07-31T04:09:06.725836,101
CALL-002570,P-00531,P-00345,2025-08-31T16:19:47.725836,888
CALL-002571,P-00016,P-00326,2025-09-18T12:27:14.725836,1581
CALL-002572,P-00251,P-00341,2025-11-02T19:57:03.725836,260
CALL-002573,P-00161,P-00334,2026-05-28T04:45:31.725836,311
CALL-002574,P-00388,P-00104,2025-10-05T08:26:47.725836,733
CALL-002575,P-00399,P-00321,2026-04-01T15:53:38.725836,1683
CALL-002576,P-00190,P-00397,2025-08-11T01:59:32.725836,887
CALL-002577,P-00474,P-00573,2025-11-05T22:51:34.725836,1723
CALL-002578,P-00292,P-00389,2025-08-11T08:15:31.725836,338
CALL-002579,P-00020,P-00372,2025-08-04T13:50:44.725836,374
CALL-002580,P-00449,P-00139,2026-05-18T09:31:44.725836,1349
CALL-002581,P-00111,P-00516,2026-06-26T15:13:47.725836,1099
CALL-002582,P-00241,P-00537,2026-06-22T18:06:18.725836,243
CALL-002583,P-00457,P-00011,2026-06-30T15:43:34.725836,1240
CALL-002584,P-00014,P-00472,2026-03-28T04:53:53.725836,1082
CALL-002585,P-00551,P-00413,2026-04-21T09:24:32.725836,171
CALL-002586,P-00219,P-00214,2025-09-01T06:32:28.725836,154
CALL-002587,P-00554,P-00504,2025-11-05T10:25:49.725836,1162
CALL-002588,P-00257,P-00288,2026-04-06T14:46:27.725836,1122
CALL-002589,P-00481,P-00043,2026-03-16T14:29:26.725836,857
CALL-002590,P-00590,P-00389,2025-11-28T22:27:15.725836,536
CALL-002591,P-00055,P-00056,2026-06-19T15:12:30.725836,48
CALL-002592,P-00519,P-00025,2026-02-01T17:30:44.725836,501
CALL-002593,P-00082,P-00242,2026-04-07T05:20:55.725836,452
CALL-002594,P-00214,P-00108,2026-03-10T00:34:43.725836,1605
CALL-002595,P-00572,P-00068,2025-11-22T07:25:51.725836,1155
CALL-002596,P-00538,P-00232,2026-06-12T02:58:52.725836,1208
CALL-002597,P-00001,P-00433,2025-08-06T09:53:31.725836,952
CALL-002598,P-00034,P-00104,2026-03-17T04:22:01.725836,56
CALL-002599,P-00531,P-00389,2025-08-10T11:06:23.725836,1691
CALL-002600,P-00230,P-00250,2026-06-19T19:58:10.725836,278
CALL-002601,P-00016,P-00118,2025-08-29T14:58:47.725836,1167
CALL-002602,P-00306,P-00524,2026-02-26T21:23:52.725836,391
CALL-002603,P-00209,P-00358,2026-06-20T10:45:03.725836,1753
CALL-002604,P-00510,P-00073,2026-03-26T09:08:02.725836,608
CALL-002605,P-00348,P-00346,2025-12-31T19:15:43.725836,1130
CALL-002606,P-00531,P-00549,2025-07-27T02:27:17.725836,848
CALL-002607,P-00549,P-00555,2025-11-19T17:46:01.725836,1674
CALL-002608,P-00405,P-00375,2025-11-27T16:15:18.725836,431
CALL-002609,P-00585,P-00388,2025-12-20T05:29:26.725836,317
CALL-002610,P-00234,P-00229,2025-12-24T03:46:02.725836,917
CALL-002611,P-00365,P-00225,2026-05-21T20:57:26.725836,1111
CALL-002612,P-00379,P-00443,2025-09-15T07:49:11.725836,1514
CALL-002613,P-00485,P-00295,2025-08-09T22:49:11.725836,1556
CALL-002614,P-00437,P-00143,2026-07-17T03:52:40.725836,942
CALL-002615,P-00573,P-00005,2026-06-01T22:47:25.725836,307
CALL-002616,P-00383,P-00377,2026-04-23T08:01:53.725836,293
CALL-002617,P-00524,P-00021,2025-08-11T08:15:55.725836,265
CALL-002618,P-00262,P-00404,2025-08-20T22:36:35.725836,597
CALL-002619,P-00104,P-00245,2026-03-01T00:46:04.725836,20
CALL-002620,P-00478,P-00388,2026-07-09T20:47:13.725836,543
CALL-002621,P-00369,P-00117,2025-09-09T04:56:59.725836,11
CALL-002622,P-00437,P-00285,2026-06-04T21:42:30.725836,1002
CALL-002623,P-00137,P-00532,2026-01-28T10:39:49.725836,1100
CALL-002624,P-00569,P-00399,2026-07-24T05:36:46.725836,746
CALL-002625,P-00566,P-00483,2026-05-21T20:23:37.725836,1092
CALL-002626,P-00221,P-00179,2026-05-03T09:34:08.725836,224
CALL-002627,P-00158,P-00437,2025-09-17T16:05:04.725836,866
CALL-002628,P-00372,P-00565,2025-10-06T12:08:03.725836,1564
CALL-002629,P-00259,P-00263,2025-11-03T20:13:10.725836,1398
CALL-002630,P-00055,P-00326,2026-01-15T14:27:16.725836,1696
CALL-002631,P-00131,P-00077,2025-11-17T23:06:20.725836,1228
CALL-002632,P-00048,P-00229,2026-04-14T02:14:45.725836,928
CALL-002633,P-00478,P-00419,2025-11-13T02:53:36.725836,635
CALL-002634,P-00354,P-00056,2026-04-23T15:14:38.725836,1712
CALL-002635,P-00338,P-00533,2025-11-29T14:12:36.725836,406
CALL-002636,P-00281,P-00106,2025-12-09T10:23:25.725836,1602
CALL-002637,P-00414,P-00352,2026-05-01T05:46:50.725836,194
CALL-002638,P-00297,P-00265,2026-07-12T14:22:01.725836,529
CALL-002639,P-00463,P-00192,2026-03-16T00:27:12.725836,1144
CALL-002640,P-00427,P-00243,2025-12-02T10:40:10.725836,997
CALL-002641,P-00393,P-00066,2025-09-04T04:30:24.725836,1556
CALL-002642,P-00543,P-00267,2025-11-25T06:54:43.725836,1789
CALL-002643,P-00143,P-00581,2026-05-29T02:51:47.725836,16
CALL-002644,P-00137,P-00590,2025-08-06T16:34:33.725836,485
CALL-002645,P-00549,P-00554,2026-04-23T14:23:23.725836,1480
CALL-002646,P-00138,P-00027,2026-03-20T08:39:22.725836,752
CALL-002647,P-00161,P-00356,2026-06-06T15:10:56.725836,65
CALL-002648,P-00510,P-00375,2026-03-30T04:45:55.725836,295
CALL-002649,P-00425,P-00364,2025-11-04T03:50:41.725836,1707
CALL-002650,P-00062,P-00053,2026-01-06T20:34:14.725836,1362
CALL-002651,P-00286,P-00400,2026-01-24T07:04:54.725836,884
CALL-002652,P-00292,P-00034,2026-07-18T10:05:07.725836,964
CALL-002653,P-00558,P-00014,2026-01-11T00:39:49.725836,1442
CALL-002654,P-00137,P-00064,2026-04-21T15:17:52.725836,277
CALL-002655,P-00573,P-00131,2026-04-05T10:00:57.725836,1776
CALL-002656,P-00401,P-00397,2025-12-16T22:26:11.725836,261
CALL-002657,P-00570,P-00282,2025-09-12T19:38:27.725836,775
CALL-002658,P-00577,P-00460,2026-03-07T05:25:15.725836,1134
CALL-002659,P-00492,P-00263,2025-08-06T19:05:14.725836,239
CALL-002660,P-00496,P-00419,2026-02-13T22:32:38.725836,239
CALL-002661,P-00020,P-00071,2026-07-10T13:33:59.725836,1624
CALL-002662,P-00240,P-00282,2026-04-16T04:58:45.725836,179
CALL-002663,P-00545,P-00461,2026-04-04T09:21:51.725836,1307
CALL-002664,P-00260,P-00172,2025-10-08T12:31:49.725836,821
CALL-002665,P-00580,P-00471,2026-01-07T23:47:45.725836,946
CALL-002666,P-00267,P-00459,2026-07-19T19:22:14.725836,1663
CALL-002667,P-00073,P-00228,2026-04-01T01:51:55.725836,444
CALL-002668,P-00087,P-00094,2026-01-29T18:23:46.725836,1630
CALL-002669,P-00150,P-00479,2025-09-16T21:59:03.725836,1162
CALL-002670,P-00256,P-00341,2026-05-06T20:06:40.725836,722
CALL-002671,P-00249,P-00159,2026-05-24T07:31:11.725836,1412
CALL-002672,P-00407,P-00563,2026-06-20T05:01:43.725836,995
CALL-002673,P-00474,P-00379,2025-11-25T09:28:59.725836,1564
CALL-002674,P-00582,P-00195,2026-02-08T02:59:43.725836,401
CALL-002675,P-00119,P-00145,2025-08-10T05:51:27.725836,1703
CALL-002676,P-00071,P-00482,2025-12-04T20:33:02.725836,700
CALL-002677,P-00530,P-00599,2026-05-11T17:27:43.725836,388
CALL-002678,P-00538,P-00216,2026-01-18T17:56:09.725836,1506
CALL-002679,P-00364,P-00186,2026-05-03T11:11:06.725836,311
CALL-002680,P-00357,P-00387,2025-12-12T12:41:21.725836,715
CALL-002681,P-00234,P-00565,2025-09-12T11:40:21.725836,1162
CALL-002682,P-00467,P-00242,2026-05-25T20:16:02.725836,1425
CALL-002683,P-00588,P-00001,2026-01-06T11:22:09.725836,997
CALL-002684,P-00258,P-00393,2026-05-14T16:42:05.725836,1092
CALL-002685,P-00282,P-00390,2025-09-22T09:19:11.725836,676
CALL-002686,P-00053,P-00300,2025-09-08T14:07:00.725836,1200
CALL-002687,P-00074,P-00071,2025-09-08T05:30:06.725836,1572
CALL-002688,P-00572,P-00002,2025-10-05T13:49:24.725836,1585
CALL-002689,P-00181,P-00337,2026-03-10T22:18:54.725836,729
CALL-002690,P-00265,P-00053,2025-11-09T12:48:13.725836,1289
CALL-002691,P-00220,P-00107,2026-01-07T14:07:00.725836,1375
CALL-002692,P-00202,P-00375,2025-08-30T23:29:20.725836,1478
CALL-002693,P-00296,P-00551,2026-03-03T01:17:07.725836,72
CALL-002694,P-00263,P-00598,2025-11-21T08:33:02.725836,1531
CALL-002695,P-00374,P-00206,2025-11-19T03:34:55.725836,484
CALL-002696,P-00056,P-00386,2025-12-26T12:55:25.725836,870
CALL-002697,P-00284,P-00348,2026-05-24T08:37:45.725836,1784
CALL-002698,P-00170,P-00303,2026-05-02T01:44:49.725836,1496
CALL-002699,P-00138,P-00224,2026-07-14T06:46:48.725836,1095
CALL-002700,P-00121,P-00041,2026-06-25T09:19:33.725836,766
CALL-002701,P-00258,P-00569,2026-02-19T19:22:09.725836,130
CALL-002702,P-00414,P-00561,2026-03-25T17:17:06.725836,541
CALL-002703,P-00563,P-00200,2026-07-10T08:20:25.725836,68
CALL-002704,P-00343,P-00237,2026-01-27T04:36:07.725836,1695
CALL-002705,P-00318,P-00019,2026-03-12T06:24:41.725836,1081
CALL-002706,P-00433,P-00517,2025-09-10T06:06:28.725836,1243
CALL-002707,P-00398,P-00284,2026-04-22T01:38:24.725836,1075
CALL-002708,P-00438,P-00286,2026-04-10T11:20:20.725836,889
CALL-002709,P-00583,P-00205,2025-12-15T00:59:10.725836,333
CALL-002710,P-00535,P-00374,2026-01-30T01:40:04.725836,1468
CALL-002711,P-00120,P-00103,2026-04-04T02:24:28.725836,323
CALL-002712,P-00497,P-00006,2025-09-10T10:21:46.725836,210
CALL-002713,P-00231,P-00348,2026-01-15T13:50:09.725836,492
CALL-002714,P-00216,P-00238,2026-07-12T15:03:55.725836,387
CALL-002715,P-00483,P-00041,2025-08-24T13:23:34.725836,1706
CALL-002716,P-00178,P-00162,2026-01-27T06:36:38.725836,1355
CALL-002717,P-00589,P-00440,2026-07-09T14:26:59.725836,1535
CALL-002718,P-00014,P-00231,2025-09-11T07:41:46.725836,30
CALL-002719,P-00151,P-00527,2026-02-03T16:22:42.725836,246
CALL-002720,P-00036,P-00542,2025-09-22T00:10:52.725836,47
CALL-002721,P-00254,P-00199,2026-01-20T08:14:32.725836,1389
CALL-002722,P-00344,P-00225,2025-08-25T13:00:59.725836,323
CALL-002723,P-00458,P-00259,2025-10-30T02:56:15.725836,457
CALL-002724,P-00551,P-00461,2025-09-19T21:34:29.725836,169
CALL-002725,P-00264,P-00260,2026-05-07T08:02:12.725836,590
CALL-002726,P-00012,P-00478,2026-04-14T07:52:10.725836,531
CALL-002727,P-00071,P-00364,2026-02-12T10:34:50.725836,1026
CALL-002728,P-00233,P-00029,2025-08-14T23:54:09.725836,710
CALL-002729,P-00365,P-00176,2026-06-04T05:43:38.725836,691
CALL-002730,P-00525,P-00196,2025-12-21T07:55:04.725836,586
CALL-002731,P-00138,P-00569,2026-04-30T14:12:32.725836,1244
CALL-002732,P-00413,P-00572,2025-08-26T00:13:15.725836,21
CALL-002733,P-00235,P-00009,2025-08-02T11:54:55.725836,989
CALL-002734,P-00169,P-00100,2026-02-28T19:21:35.725836,1751
CALL-002735,P-00292,P-00491,2025-12-07T09:09:39.725836,510
CALL-002736,P-00344,P-00234,2026-02-22T10:59:28.725836,335
CALL-002737,P-00393,P-00095,2025-08-06T16:42:36.725836,1118
CALL-002738,P-00576,P-00419,2026-05-17T12:47:26.725836,1722
CALL-002739,P-00107,P-00457,2026-07-09T19:05:02.725836,563
CALL-002740,P-00239,P-00179,2025-08-26T11:03:05.725836,1693
CALL-002741,P-00219,P-00433,2025-10-23T06:50:29.725836,1491
CALL-002742,P-00429,P-00229,2025-09-09T20:16:29.725836,13
CALL-002743,P-00381,P-00529,2026-01-24T23:22:17.725836,1498
CALL-002744,P-00500,P-00446,2026-04-07T10:35:00.725836,1213
CALL-002745,P-00493,P-00588,2025-12-27T12:32:40.725836,1661
CALL-002746,P-00334,P-00060,2026-03-20T19:43:06.725836,1212
CALL-002747,P-00210,P-00376,2025-11-07T23:38:40.725836,1439
CALL-002748,P-00306,P-00104,2026-03-17T12:46:07.725836,437
CALL-002749,P-00463,P-00352,2025-08-09T16:00:05.725836,1008
CALL-002750,P-00134,P-00248,2026-04-09T05:46:49.725836,76
CALL-002751,P-00440,P-00441,2026-03-09T06:16:42.725836,606
CALL-002752,P-00139,P-00041,2025-10-31T13:34:16.725836,234
CALL-002753,P-00433,P-00103,2025-12-01T13:46:12.725836,1738
CALL-002754,P-00108,P-00320,2026-06-09T01:58:36.725836,390
CALL-002755,P-00448,P-00292,2025-09-09T04:00:47.725836,795
CALL-002756,P-00265,P-00020,2025-12-14T02:00:30.725836,1401
CALL-002757,P-00244,P-00082,2026-05-19T06:08:47.725836,1063
CALL-002758,P-00209,P-00523,2026-04-27T02:30:57.725836,825
CALL-002759,P-00480,P-00557,2025-08-02T16:26:52.725836,43
CALL-002760,P-00584,P-00570,2025-09-17T17:32:48.725836,341
CALL-002761,P-00560,P-00249,2025-09-21T02:45:10.725836,1692
CALL-002762,P-00016,P-00012,2025-12-30T19:57:09.725836,650
CALL-002763,P-00226,P-00121,2025-11-10T00:07:57.725836,657
CALL-002764,P-00543,P-00071,2026-03-15T12:43:04.725836,932
CALL-002765,P-00172,P-00422,2025-12-28T12:32:26.725836,213
CALL-002766,P-00298,P-00171,2026-04-10T09:30:51.725836,1596
CALL-002767,P-00527,P-00126,2026-01-12T15:06:16.725836,212
CALL-002768,P-00172,P-00181,2025-12-27T20:01:15.725836,1575
CALL-002769,P-00377,P-00200,2026-02-14T05:06:47.725836,1576
CALL-002770,P-00288,P-00261,2025-11-26T19:10:48.725836,345
CALL-002771,P-00302,P-00018,2026-04-01T01:08:35.725836,666
CALL-002772,P-00070,P-00225,2025-09-27T07:03:52.725836,422
CALL-002773,P-00366,P-00248,2025-12-16T14:31:14.725836,1751
CALL-002774,P-00348,P-00236,2026-03-19T15:53:57.725836,1430
CALL-002775,P-00245,P-00474,2025-12-15T12:40:24.725836,1242
CALL-002776,P-00561,P-00112,2026-05-01T23:05:16.725836,664
CALL-002777,P-00106,P-00327,2025-11-24T11:50:27.725836,971
CALL-002778,P-00247,P-00391,2026-07-08T08:09:28.725836,754
CALL-002779,P-00429,P-00172,2025-10-10T21:28:40.725836,828
CALL-002780,P-00109,P-00480,2025-07-27T06:21:49.725836,495
CALL-002781,P-00202,P-00295,2025-08-29T19:19:34.725836,295
CALL-002782,P-00368,P-00313,2026-06-16T10:56:35.725836,485
CALL-002783,P-00103,P-00211,2026-07-01T15:32:42.725836,1786
CALL-002784,P-00273,P-00461,2025-12-03T17:26:06.725836,872
CALL-002785,P-00032,P-00051,2025-09-04T06:46:39.725836,125
CALL-002786,P-00483,P-00246,2025-11-22T17:32:15.725836,996
CALL-002787,P-00244,P-00439,2025-11-10T10:29:36.725836,1769
CALL-002788,P-00193,P-00388,2026-05-19T03:10:50.725836,293
CALL-002789,P-00137,P-00222,2025-09-21T12:29:52.725836,1639
CALL-002790,P-00570,P-00420,2026-07-20T09:23:38.725836,1437
CALL-002791,P-00572,P-00516,2026-03-22T12:14:14.725836,141
CALL-002792,P-00404,P-00203,2025-12-10T06:40:45.725836,1575
CALL-002793,P-00076,P-00146,2026-06-05T02:44:09.725836,544
CALL-002794,P-00285,P-00197,2025-09-02T13:44:56.725836,1316
CALL-002795,P-00581,P-00034,2025-09-15T09:36:54.725836,1311
CALL-002796,P-00056,P-00457,2026-03-09T21:38:43.725836,203
CALL-002797,P-00157,P-00095,2025-11-06T07:06:20.725836,193
CALL-002798,P-00106,P-00024,2026-04-27T22:44:24.725836,167
CALL-002799,P-00327,P-00292,2025-08-16T20:24:52.725836,341
CALL-002800,P-00279,P-00558,2026-05-06T03:32:57.725836,129
CALL-002801,P-00178,P-00012,2025-11-24T07:51:51.725836,1754
CALL-002802,P-00570,P-00566,2026-05-02T13:45:35.725836,877
CALL-002803,P-00478,P-00122,2025-08-03T13:46:03.725836,1392
CALL-002804,P-00139,P-00317,2026-02-10T22:47:19.725836,451
CALL-002805,P-00058,P-00031,2026-01-21T17:14:47.725836,394
CALL-002806,P-00580,P-00341,2025-10-09T05:50:09.725836,1103
CALL-002807,P-00010,P-00120,2025-10-29T06:40:01.725836,1758
CALL-002808,P-00090,P-00088,2026-06-13T07:42:08.725836,1593
CALL-002809,P-00360,P-00041,2026-06-26T09:53:20.725836,1534
CALL-002810,P-00318,P-00455,2026-06-11T12:06:23.725836,731
CALL-002811,P-00481,P-00292,2025-09-01T09:01:27.725836,402
CALL-002812,P-00427,P-00074,2025-08-26T13:31:58.725836,114
CALL-002813,P-00406,P-00270,2026-01-19T04:12:03.725836,468
CALL-002814,P-00461,P-00176,2026-01-09T11:05:00.725836,212
CALL-002815,P-00538,P-00267,2025-08-09T09:42:43.725836,826
CALL-002816,P-00538,P-00565,2026-04-29T04:32:31.725836,1431
CALL-002817,P-00325,P-00279,2026-01-11T13:22:00.725836,1579
CALL-002818,P-00052,P-00526,2025-09-03T17:49:54.725836,145
CALL-002819,P-00411,P-00325,2025-07-29T11:28:19.725836,423
CALL-002820,P-00025,P-00463,2026-02-01T01:29:44.725836,1536
CALL-002821,P-00573,P-00545,2025-08-31T00:18:45.725836,677
CALL-002822,P-00560,P-00275,2026-03-22T01:40:35.725836,473
CALL-002823,P-00114,P-00291,2026-07-16T18:30:56.725836,912
CALL-002824,P-00287,P-00414,2025-10-22T19:17:30.725836,1608
CALL-002825,P-00236,P-00299,2026-02-23T22:04:09.725836,868
CALL-002826,P-00214,P-00029,2025-08-23T15:47:06.725836,1078
CALL-002827,P-00304,P-00320,2025-12-02T23:23:07.725836,1735
CALL-002828,P-00002,P-00166,2025-12-15T19:38:10.725836,1622
CALL-002829,P-00195,P-00160,2025-09-08T09:55:18.725836,316
CALL-002830,P-00579,P-00381,2025-11-09T12:40:15.725836,476
CALL-002831,P-00588,P-00538,2025-08-10T12:19:16.725836,495
CALL-002832,P-00564,P-00439,2026-06-28T03:30:25.725836,641
CALL-002833,P-00204,P-00590,2025-08-02T23:54:44.725836,25
CALL-002834,P-00385,P-00457,2025-10-06T11:09:46.725836,1054
CALL-002835,P-00162,P-00333,2025-09-30T10:27:30.725836,1726
CALL-002836,P-00192,P-00131,2026-07-01T20:18:49.725836,427
CALL-002837,P-00557,P-00082,2026-04-05T04:22:04.725836,181
CALL-002838,P-00336,P-00367,2025-10-16T07:40:48.725836,572
CALL-002839,P-00321,P-00317,2026-05-04T01:28:31.725836,1189
CALL-002840,P-00579,P-00489,2025-08-15T14:32:11.725836,1780
CALL-002841,P-00570,P-00274,2025-12-15T09:28:06.725836,344
CALL-002842,P-00144,P-00031,2025-12-01T04:17:34.725836,1178
CALL-002843,P-00541,P-00545,2025-11-11T11:17:13.725836,1377
CALL-002844,P-00376,P-00321,2025-11-21T17:55:54.725836,336
CALL-002845,P-00225,P-00004,2025-12-08T12:33:44.725836,1064
CALL-002846,P-00170,P-00527,2026-03-28T05:07:11.725836,1706
CALL-002847,P-00519,P-00078,2026-03-31T07:57:18.725836,1071
CALL-002848,P-00183,P-00536,2025-09-10T11:03:16.725836,734
CALL-002849,P-00470,P-00183,2026-01-10T09:05:56.725836,920
CALL-002850,P-00530,P-00492,2026-05-24T19:32:39.725836,1676
CALL-002851,P-00476,P-00413,2025-08-09T12:41:48.725836,703
CALL-002852,P-00139,P-00463,2026-03-03T16:27:36.725836,1666
CALL-002853,P-00142,P-00513,2026-02-25T06:36:04.725836,300
CALL-002854,P-00310,P-00151,2025-12-08T11:39:36.725836,1143
CALL-002855,P-00354,P-00224,2025-09-20T23:21:26.725836,151
CALL-002856,P-00414,P-00242,2025-12-10T00:00:37.725836,798
CALL-002857,P-00367,P-00282,2026-02-23T17:51:26.725836,27
CALL-002858,P-00400,P-00108,2026-06-10T03:27:45.725836,1229
CALL-002859,P-00176,P-00433,2026-02-08T12:15:52.725836,1118
CALL-002860,P-00534,P-00378,2025-08-27T14:48:41.725836,730
CALL-002861,P-00090,P-00438,2025-12-26T02:17:36.725836,685
CALL-002862,P-00572,P-00079,2026-01-01T17:56:22.725836,1327
CALL-002863,P-00479,P-00155,2026-06-28T13:17:01.725836,1567
CALL-002864,P-00190,P-00501,2025-08-05T15:43:46.725836,547
CALL-002865,P-00188,P-00256,2025-11-21T20:42:51.725836,1068
CALL-002866,P-00352,P-00048,2025-10-05T01:23:00.725836,882
CALL-002867,P-00527,P-00596,2026-05-10T16:25:04.725836,1348
CALL-002868,P-00014,P-00245,2026-02-25T06:55:12.725836,346
CALL-002869,P-00176,P-00247,2026-01-17T17:27:17.725836,602
CALL-002870,P-00292,P-00067,2026-02-16T21:13:38.725836,220
CALL-002871,P-00301,P-00439,2026-04-10T03:10:06.725836,1592
CALL-002872,P-00464,P-00048,2026-07-07T08:45:13.725836,979
CALL-002873,P-00308,P-00073,2026-05-28T19:28:39.725836,769
CALL-002874,P-00056,P-00262,2026-01-05T00:45:15.725836,724
CALL-002875,P-00080,P-00100,2026-02-26T03:52:51.725836,920
CALL-002876,P-00152,P-00516,2026-04-27T00:21:25.725836,1542
CALL-002877,P-00210,P-00340,2026-03-25T09:10:18.725836,961
CALL-002878,P-00049,P-00199,2025-12-19T07:58:00.725836,787
CALL-002879,P-00064,P-00303,2026-06-21T04:58:04.725836,1229
CALL-002880,P-00433,P-00004,2026-02-03T05:32:36.725836,1663
CALL-002881,P-00534,P-00307,2026-05-14T10:58:18.725836,63
CALL-002882,P-00481,P-00024,2025-12-18T23:46:05.725836,1467
CALL-002883,P-00343,P-00250,2025-10-04T02:29:03.725836,746
CALL-002884,P-00520,P-00369,2026-02-14T10:23:26.725836,60
CALL-002885,P-00108,P-00278,2026-06-05T02:17:46.725836,929
CALL-002886,P-00438,P-00302,2025-12-24T09:11:39.725836,1153
CALL-002887,P-00226,P-00554,2026-03-13T16:06:16.725836,1673
CALL-002888,P-00582,P-00337,2025-11-08T06:24:04.725836,776
CALL-002889,P-00335,P-00449,2026-01-04T10:44:00.725836,1165
CALL-002890,P-00301,P-00471,2025-11-30T04:57:10.725836,1088
CALL-002891,P-00061,P-00215,2026-05-14T00:52:14.725836,684
CALL-002892,P-00108,P-00065,2026-07-10T11:43:12.725836,354
CALL-002893,P-00011,P-00353,2026-02-25T11:24:05.725836,632
CALL-002894,P-00352,P-00099,2025-08-14T00:04:35.725836,62
CALL-002895,P-00096,P-00328,2025-10-23T10:58:18.725836,1259
CALL-002896,P-00056,P-00193,2025-08-08T18:12:25.725836,1507
CALL-002897,P-00415,P-00205,2026-05-27T04:46:45.725836,924
CALL-002898,P-00065,P-00245,2026-02-07T11:35:20.725836,856
CALL-002899,P-00023,P-00314,2026-07-03T09:43:41.725836,746
CALL-002900,P-00120,P-00459,2025-10-17T00:46:36.725836,248
CALL-002901,P-00251,P-00466,2025-09-05T11:36:40.725836,1148
CALL-002902,P-00292,P-00566,2026-04-09T04:31:51.725836,489
CALL-002903,P-00280,P-00549,2025-10-28T10:27:02.725836,982
CALL-002904,P-00095,P-00117,2026-07-03T05:10:46.725836,886
CALL-002905,P-00499,P-00019,2026-01-13T20:38:44.725836,1237
CALL-002906,P-00207,P-00561,2025-09-14T15:10:36.725836,1073
CALL-002907,P-00400,P-00176,2025-08-29T17:05:55.725836,636
CALL-002908,P-00310,P-00400,2025-10-06T02:02:51.725836,1411
CALL-002909,P-00061,P-00275,2026-06-25T09:49:06.725836,44
CALL-002910,P-00596,P-00405,2025-07-31T10:09:04.725836,1353
CALL-002911,P-00287,P-00522,2025-07-30T08:20:23.725836,1391
CALL-002912,P-00424,P-00359,2026-03-24T09:06:54.725836,771
CALL-002913,P-00190,P-00558,2026-01-24T21:21:31.725836,1170
CALL-002914,P-00495,P-00396,2026-06-29T06:57:09.725836,674
CALL-002915,P-00159,P-00448,2026-01-12T13:36:32.725836,109
CALL-002916,P-00087,P-00161,2025-09-14T14:38:26.725836,189
CALL-002917,P-00462,P-00011,2026-05-09T18:28:07.725836,1752
CALL-002918,P-00122,P-00214,2026-01-21T17:52:16.725836,278
CALL-002919,P-00120,P-00151,2026-04-01T00:23:04.725836,267
CALL-002920,P-00308,P-00412,2026-05-29T11:59:53.725836,474
CALL-002921,P-00318,P-00541,2025-11-05T15:10:21.725836,179
CALL-002922,P-00579,P-00517,2026-01-12T03:56:53.725836,1279
CALL-002923,P-00323,P-00006,2025-09-21T06:45:30.725836,1097
CALL-002924,P-00376,P-00005,2025-09-04T10:24:22.725836,540
CALL-002925,P-00468,P-00449,2026-06-28T15:00:44.725836,449
CALL-002926,P-00489,P-00302,2026-06-28T23:46:50.725836,1551
CALL-002927,P-00528,P-00435,2026-04-19T03:18:36.725836,783
CALL-002928,P-00426,P-00066,2026-01-15T00:23:03.725836,1290
CALL-002929,P-00353,P-00351,2026-05-22T04:02:40.725836,720
CALL-002930,P-00080,P-00090,2025-08-03T13:55:49.725836,929
CALL-002931,P-00263,P-00539,2025-10-17T21:43:28.725836,651
CALL-002932,P-00517,P-00543,2026-01-04T05:14:27.725836,984
CALL-002933,P-00108,P-00027,2025-10-27T04:56:50.725836,1396
CALL-002934,P-00341,P-00429,2025-12-16T19:40:34.725836,1092
CALL-002935,P-00328,P-00281,2025-12-29T08:37:22.725836,987
CALL-002936,P-00215,P-00570,2026-06-13T05:35:25.725836,1326
CALL-002937,P-00350,P-00191,2026-05-12T08:17:19.725836,360
CALL-002938,P-00336,P-00306,2025-12-29T06:44:32.725836,1663
CALL-002939,P-00265,P-00593,2026-02-28T06:29:34.725836,1750
CALL-002940,P-00081,P-00445,2026-05-16T16:43:55.725836,1772
CALL-002941,P-00063,P-00419,2025-11-12T13:40:53.725836,689
CALL-002942,P-00056,P-00041,2026-07-17T10:16:32.725836,323
CALL-002943,P-00117,P-00437,2025-12-16T03:11:27.725836,1362
CALL-002944,P-00391,P-00389,2026-02-08T08:54:43.725836,55
CALL-002945,P-00064,P-00596,2026-03-28T10:07:19.725836,1190
CALL-002946,P-00111,P-00237,2026-04-08T17:48:41.725836,1625
CALL-002947,P-00297,P-00528,2026-01-14T23:42:32.725836,1654
CALL-002948,P-00395,P-00122,2026-07-16T17:57:12.725836,347
CALL-002949,P-00526,P-00350,2025-10-21T23:18:57.725836,153
CALL-002950,P-00501,P-00509,2025-07-28T03:12:49.725836,1423
CALL-002951,P-00033,P-00185,2025-10-25T01:12:31.725836,1652
CALL-002952,P-00439,P-00489,2025-10-17T12:11:39.725836,893
CALL-002953,P-00077,P-00326,2025-08-22T04:26:03.725836,484
CALL-002954,P-00291,P-00284,2025-12-04T16:45:10.725836,1252
CALL-002955,P-00183,P-00250,2026-01-07T16:46:44.725836,532
CALL-002956,P-00500,P-00553,2025-12-13T14:59:16.725836,170
CALL-002957,P-00295,P-00064,2026-04-29T16:55:50.725836,342
CALL-002958,P-00351,P-00355,2026-03-17T16:03:26.725836,653
CALL-002959,P-00191,P-00253,2025-08-21T22:29:22.725836,1071
CALL-002960,P-00116,P-00275,2026-06-05T05:13:15.725836,363
CALL-002961,P-00393,P-00039,2025-10-09T04:06:33.725836,741
CALL-002962,P-00419,P-00159,2026-01-26T02:32:02.725836,1618
CALL-002963,P-00249,P-00107,2026-02-06T14:57:35.725836,531
CALL-002964,P-00540,P-00425,2025-08-04T04:18:30.725836,888
CALL-002965,P-00242,P-00467,2025-08-02T11:42:40.725836,569
CALL-002966,P-00315,P-00526,2026-01-28T21:45:48.725836,644
CALL-002967,P-00041,P-00032,2026-05-09T09:40:34.725836,336
CALL-002968,P-00061,P-00518,2026-06-09T17:46:14.725836,1419
CALL-002969,P-00266,P-00059,2026-05-07T17:03:38.725836,1217
CALL-002970,P-00413,P-00386,2025-11-11T04:20:58.725836,375
CALL-002971,P-00214,P-00065,2026-02-22T14:12:36.725836,352
CALL-002972,P-00488,P-00331,2026-05-23T01:03:05.725836,610
CALL-002973,P-00223,P-00044,2026-01-23T17:37:30.725836,1470
CALL-002974,P-00462,P-00077,2026-01-16T14:33:44.725836,629
CALL-002975,P-00109,P-00375,2026-01-21T18:39:56.725836,567
CALL-002976,P-00409,P-00272,2026-01-21T08:03:39.725836,342
CALL-002977,P-00445,P-00402,2025-08-27T23:28:22.725836,1482
CALL-002978,P-00294,P-00065,2025-11-09T04:17:48.725836,1016
CALL-002979,P-00121,P-00334,2026-03-20T10:38:19.725836,1399
CALL-002980,P-00064,P-00261,2026-03-12T07:12:22.725836,1079
CALL-002981,P-00398,P-00074,2025-09-02T22:02:10.725836,217
CALL-002982,P-00274,P-00461,2026-04-16T20:09:11.725836,1470
CALL-002983,P-00565,P-00125,2025-11-03T02:05:15.725836,1366
CALL-002984,P-00246,P-00281,2026-07-18T03:36:23.725836,782
CALL-002985,P-00459,P-00467,2025-10-01T13:15:32.725836,517
CALL-002986,P-00003,P-00094,2026-05-03T21:44:52.725836,291
CALL-002987,P-00433,P-00382,2026-03-11T02:59:56.725836,1307
CALL-002988,P-00517,P-00229,2026-06-06T17:54:26.725836,1080
CALL-002989,P-00125,P-00472,2025-10-02T23:03:19.725836,834
CALL-002990,P-00233,P-00073,2026-04-11T11:45:55.725836,298
CALL-002991,P-00212,P-00291,2025-08-12T10:15:55.725836,523
CALL-002992,P-00096,P-00075,2026-01-24T21:51:06.725836,522
CALL-002993,P-00474,P-00306,2026-06-03T18:03:04.725836,128
CALL-002994,P-00302,P-00570,2026-01-26T03:48:25.725836,1738
CALL-002995,P-00034,P-00294,2025-09-22T19:58:09.725836,55
CALL-002996,P-00395,P-00208,2025-08-20T07:06:53.725836,909
CALL-002997,P-00568,P-00390,2025-11-02T04:37:02.725836,1135
CALL-002998,P-00462,P-00099,2026-07-04T14:38:16.725836,1741
CALL-002999,P-00256,P-00446,2026-01-02T19:59:57.725836,1579
CALL-003000,P-00040,P-00003,2026-03-07T20:07:02.725836,1725
CALL-003001,P-00462,P-00550,2025-07-26T20:16:28.725836,1383
CALL-003002,P-00062,P-00566,2026-07-16T07:20:55.725836,501
CALL-003003,P-00143,P-00219,2026-05-23T19:49:31.725836,1262
CALL-003004,P-00263,P-00367,2025-12-04T07:39:03.725836,184
CALL-003005,P-00419,P-00469,2026-05-02T06:46:32.725836,169
CALL-003006,P-00217,P-00053,2025-09-12T13:15:24.725836,1377
CALL-003007,P-00558,P-00015,2025-11-26T19:56:24.725836,1657
CALL-003008,P-00297,P-00422,2026-04-10T14:37:45.725836,675
CALL-003009,P-00104,P-00584,2026-02-01T14:31:25.725836,675
CALL-003010,P-00403,P-00425,2025-12-09T05:45:42.725836,606
CALL-003011,P-00429,P-00010,2026-03-08T00:44:44.725836,552
CALL-003012,P-00393,P-00281,2025-10-21T11:11:33.725836,219
CALL-003013,P-00586,P-00051,2025-10-30T01:29:10.725836,704
CALL-003014,P-00597,P-00061,2025-12-31T16:26:24.725836,374
CALL-003015,P-00274,P-00561,2026-05-18T01:58:53.725836,164
CALL-003016,P-00431,P-00489,2025-09-16T11:14:45.725836,1205
CALL-003017,P-00267,P-00191,2026-05-25T06:45:50.725836,1523
CALL-003018,P-00131,P-00504,2026-01-04T22:25:44.725836,663
CALL-003019,P-00495,P-00101,2026-05-09T18:25:08.725836,620
CALL-003020,P-00043,P-00573,2025-08-02T18:08:27.725836,1509
CALL-003021,P-00193,P-00121,2026-03-28T20:43:23.725836,53
CALL-003022,P-00272,P-00121,2025-12-20T10:41:54.725836,989
CALL-003023,P-00470,P-00439,2025-10-27T19:28:46.725836,1181
CALL-003024,P-00119,P-00475,2026-05-20T10:22:11.725836,153
CALL-003025,P-00482,P-00188,2025-11-01T22:49:11.725836,1462
CALL-003026,P-00035,P-00408,2025-09-15T17:18:35.725836,1039
CALL-003027,P-00190,P-00379,2026-03-27T22:35:38.725836,1242
CALL-003028,P-00077,P-00364,2026-04-29T01:24:21.725836,1533
CALL-003029,P-00083,P-00101,2025-11-06T15:10:42.725836,907
CALL-003030,P-00531,P-00527,2025-09-14T19:35:12.725836,629
CALL-003031,P-00555,P-00104,2026-06-16T08:09:42.725836,674
CALL-003032,P-00445,P-00286,2025-09-16T02:48:59.725836,821
CALL-003033,P-00148,P-00454,2026-04-12T17:20:14.725836,878
CALL-003034,P-00363,P-00112,2025-12-08T19:40:25.725836,237
CALL-003035,P-00390,P-00089,2025-10-29T21:22:23.725836,213
CALL-003036,P-00527,P-00451,2026-04-22T12:24:37.725836,155
CALL-003037,P-00586,P-00338,2025-12-03T07:44:59.725836,233
CALL-003038,P-00131,P-00188,2026-07-23T17:25:06.725836,42
CALL-003039,P-00119,P-00223,2026-02-03T04:53:58.725836,1647
CALL-003040,P-00413,P-00443,2026-06-03T11:38:07.725836,397
CALL-003041,P-00351,P-00292,2026-01-07T22:47:49.725836,762
CALL-003042,P-00422,P-00516,2025-12-13T07:35:17.725836,512
CALL-003043,P-00556,P-00220,2026-05-04T10:05:04.725836,1514
CALL-003044,P-00087,P-00491,2025-11-10T00:03:04.725836,1458
CALL-003045,P-00306,P-00478,2025-11-02T07:26:59.725836,1664
CALL-003046,P-00310,P-00425,2025-07-31T10:36:21.725836,336
CALL-003047,P-00310,P-00294,2026-01-05T13:36:45.725836,1545
CALL-003048,P-00364,P-00048,2025-09-13T15:57:10.725836,1181
CALL-003049,P-00078,P-00519,2026-03-06T10:11:47.725836,470
CALL-003050,P-00445,P-00193,2026-01-13T07:50:30.725836,1795
CALL-003051,P-00129,P-00247,2026-06-08T12:09:43.725836,685
CALL-003052,P-00531,P-00192,2026-02-15T14:46:22.725836,1087
CALL-003053,P-00490,P-00098,2026-03-21T09:13:03.725836,1390
CALL-003054,P-00413,P-00233,2025-08-31T18:52:47.725836,627
CALL-003055,P-00062,P-00399,2025-12-03T11:18:04.725836,158
CALL-003056,P-00281,P-00117,2025-09-08T02:35:35.725836,1716
CALL-003057,P-00154,P-00310,2025-10-23T12:58:25.725836,1170
CALL-003058,P-00396,P-00100,2025-12-11T00:55:28.725836,1246
CALL-003059,P-00193,P-00155,2025-11-07T21:34:21.725836,1149
CALL-003060,P-00193,P-00115,2026-03-20T11:21:08.725836,176
CALL-003061,P-00596,P-00193,2026-07-23T02:59:19.725836,386
CALL-003062,P-00402,P-00560,2026-03-14T21:42:33.725836,586
CALL-003063,P-00104,P-00438,2026-03-24T21:32:21.725836,1054
CALL-003064,P-00173,P-00415,2025-08-02T05:05:04.725836,1006
CALL-003065,P-00375,P-00593,2026-05-13T07:16:27.725836,47
CALL-003066,P-00454,P-00352,2025-09-17T07:29:38.725836,1595
CALL-003067,P-00333,P-00067,2026-04-21T19:38:26.725836,1543
CALL-003068,P-00104,P-00453,2025-08-02T12:47:56.725836,1158
CALL-003069,P-00476,P-00117,2025-10-27T08:53:15.725836,908
CALL-003070,P-00217,P-00566,2026-02-23T04:21:13.725836,578
CALL-003071,P-00327,P-00529,2025-10-08T12:52:39.725836,1403
CALL-003072,P-00264,P-00245,2025-11-28T11:52:15.725836,1149
CALL-003073,P-00375,P-00477,2026-04-24T10:28:22.725836,364
CALL-003074,P-00496,P-00477,2026-03-08T01:00:25.725836,192
CALL-003075,P-00263,P-00053,2026-03-08T04:51:32.725836,583
CALL-003076,P-00252,P-00148,2025-12-23T21:18:56.725836,161
CALL-003077,P-00280,P-00194,2025-12-04T07:55:50.725836,842
CALL-003078,P-00491,P-00313,2025-12-28T08:42:59.725836,1130
CALL-003079,P-00282,P-00351,2026-06-09T20:06:31.725836,1438
CALL-003080,P-00405,P-00252,2025-11-07T01:11:01.725836,76
CALL-003081,P-00400,P-00109,2026-05-15T21:21:34.725836,1415
CALL-003082,P-00037,P-00480,2025-08-14T17:10:57.725836,1518
CALL-003083,P-00433,P-00533,2025-10-15T15:44:12.725836,375
CALL-003084,P-00158,P-00483,2026-05-16T06:59:34.725836,741
CALL-003085,P-00292,P-00508,2025-08-28T15:24:15.725836,633
CALL-003086,P-00346,P-00246,2026-03-30T20:33:42.725836,632
CALL-003087,P-00113,P-00049,2026-03-07T00:41:28.725836,1184
CALL-003088,P-00404,P-00426,2026-04-06T09:37:27.725836,1479
CALL-003089,P-00266,P-00455,2026-03-05T15:38:44.725836,1248
CALL-003090,P-00013,P-00466,2026-04-28T23:59:00.725836,397
CALL-003091,P-00455,P-00279,2026-06-13T01:34:29.725836,414
CALL-003092,P-00326,P-00247,2026-04-19T13:00:07.725836,85
CALL-003093,P-00130,P-00422,2026-07-11T07:37:28.725836,1053
CALL-003094,P-00445,P-00301,2025-12-01T03:26:34.725836,697
CALL-003095,P-00294,P-00181,2026-05-03T03:01:57.725836,137
CALL-003096,P-00526,P-00335,2025-08-28T00:20:10.725836,1628
CALL-003097,P-00358,P-00504,2026-02-04T18:21:47.725836,323
CALL-003098,P-00433,P-00350,2026-06-30T00:15:32.725836,1273
CALL-003099,P-00384,P-00403,2025-10-29T00:24:01.725836,843
CALL-003100,P-00227,P-00275,2026-04-13T06:00:34.725836,808
CALL-003101,P-00230,P-00560,2026-05-31T17:20:27.725836,1492
CALL-003102,P-00292,P-00077,2025-09-12T04:16:59.725836,1785
CALL-003103,P-00591,P-00348,2026-02-13T13:21:21.725836,1467
CALL-003104,P-00166,P-00284,2025-09-17T04:36:44.725836,1432
CALL-003105,P-00546,P-00069,2026-06-19T20:55:09.725836,1751
CALL-003106,P-00550,P-00253,2025-08-17T03:57:32.725836,117
CALL-003107,P-00490,P-00369,2025-10-28T09:03:16.725836,994
CALL-003108,P-00291,P-00172,2025-09-28T00:25:15.725836,971
CALL-003109,P-00048,P-00249,2026-01-12T10:13:37.725836,347
CALL-003110,P-00581,P-00207,2025-11-10T06:08:53.725836,459
CALL-003111,P-00106,P-00588,2026-01-19T17:40:34.725836,1118
CALL-003112,P-00535,P-00352,2025-12-12T10:02:37.725836,996
CALL-003113,P-00556,P-00438,2025-09-14T17:42:17.725836,1693
CALL-003114,P-00564,P-00109,2026-01-31T07:58:23.725836,943
CALL-003115,P-00212,P-00019,2026-04-15T19:34:22.725836,279
CALL-003116,P-00310,P-00048,2025-10-27T23:30:56.725836,215
CALL-003117,P-00039,P-00527,2026-05-23T05:26:30.725836,926
CALL-003118,P-00354,P-00079,2026-02-04T18:30:33.725836,454
CALL-003119,P-00137,P-00037,2026-05-15T11:33:54.725836,647
CALL-003120,P-00074,P-00497,2026-04-07T04:36:50.725836,961
CALL-003121,P-00413,P-00412,2026-07-15T22:25:53.725836,940
CALL-003122,P-00192,P-00193,2026-07-07T06:33:49.725836,1471
CALL-003123,P-00101,P-00393,2025-09-11T20:53:45.725836,141
CALL-003124,P-00471,P-00483,2026-01-30T19:44:54.725836,501
CALL-003125,P-00459,P-00090,2026-04-25T23:52:33.725836,1416
CALL-003126,P-00453,P-00359,2026-05-15T04:59:28.725836,855
CALL-003127,P-00226,P-00180,2025-12-29T20:15:08.725836,1682
CALL-003128,P-00017,P-00275,2025-12-07T14:16:08.725836,1530
CALL-003129,P-00574,P-00460,2026-06-30T08:07:44.725836,865
CALL-003130,P-00220,P-00393,2026-07-12T01:09:06.725836,1729
CALL-003131,P-00190,P-00350,2026-06-02T05:35:21.725836,1464
CALL-003132,P-00135,P-00136,2025-10-15T13:09:42.725836,114
CALL-003133,P-00555,P-00396,2025-12-02T03:43:22.725836,1257
CALL-003134,P-00413,P-00379,2025-08-09T21:18:52.725836,740
CALL-003135,P-00498,P-00442,2026-02-11T11:56:11.725836,123
CALL-003136,P-00014,P-00151,2025-11-03T19:35:52.725836,913
CALL-003137,P-00180,P-00250,2025-10-29T13:55:09.725836,186
CALL-003138,P-00321,P-00412,2025-08-17T23:21:21.725836,1054
CALL-003139,P-00011,P-00574,2026-03-02T00:19:20.725836,1039
CALL-003140,P-00473,P-00063,2025-10-12T09:16:37.725836,634
CALL-003141,P-00396,P-00462,2026-07-23T18:17:08.725836,85
CALL-003142,P-00476,P-00486,2025-10-10T08:49:39.725836,1562
CALL-003143,P-00232,P-00298,2025-12-09T05:53:42.725836,391
CALL-003144,P-00160,P-00234,2026-03-13T14:27:50.725836,834
CALL-003145,P-00325,P-00408,2026-04-11T06:29:54.725836,1032
CALL-003146,P-00557,P-00589,2025-08-01T09:34:49.725836,717
CALL-003147,P-00119,P-00294,2026-05-16T01:29:51.725836,1046
CALL-003148,P-00499,P-00391,2025-12-16T11:15:06.725836,844
CALL-003149,P-00294,P-00005,2025-07-31T02:28:22.725836,1166
CALL-003150,P-00181,P-00351,2025-11-23T22:03:43.725836,1581
CALL-003151,P-00031,P-00445,2026-04-01T20:14:23.725836,462
CALL-003152,P-00275,P-00281,2026-07-09T01:55:13.725836,1708
CALL-003153,P-00274,P-00057,2025-10-25T12:36:05.725836,209
CALL-003154,P-00188,P-00396,2025-10-08T03:03:14.725836,975
CALL-003155,P-00479,P-00279,2025-09-29T12:58:41.725836,1134
CALL-003156,P-00275,P-00176,2026-05-28T21:18:31.725836,1086
CALL-003157,P-00090,P-00450,2026-03-27T07:08:20.725836,1018
CALL-003158,P-00439,P-00337,2025-12-28T11:15:55.725836,1691
CALL-003159,P-00393,P-00501,2025-11-01T19:43:50.725836,844
CALL-003160,P-00128,P-00559,2025-08-27T21:06:01.725836,800
CALL-003161,P-00193,P-00593,2026-06-03T06:31:06.725836,1704
CALL-003162,P-00241,P-00387,2026-02-10T20:57:50.725836,1495
CALL-003163,P-00121,P-00192,2025-11-30T20:11:48.725836,927
CALL-003164,P-00347,P-00094,2026-01-13T01:54:30.725836,98
CALL-003165,P-00217,P-00431,2025-12-14T11:55:08.725836,314
CALL-003166,P-00509,P-00388,2025-08-28T19:02:04.725836,793
CALL-003167,P-00181,P-00108,2026-05-08T17:14:42.725836,376
CALL-003168,P-00414,P-00448,2025-11-02T07:13:40.725836,363
CALL-003169,P-00340,P-00073,2026-07-24T20:54:30.725836,1193
CALL-003170,P-00480,P-00442,2025-09-18T14:45:47.725836,198
CALL-003171,P-00134,P-00403,2026-01-03T23:25:16.725836,495
CALL-003172,P-00002,P-00328,2026-05-28T07:32:48.725836,1770
CALL-003173,P-00003,P-00340,2026-03-08T06:19:29.725836,1557
CALL-003174,P-00551,P-00564,2026-01-27T08:20:37.725836,1036
CALL-003175,P-00419,P-00418,2026-03-26T17:26:54.725836,441
CALL-003176,P-00412,P-00581,2025-10-22T01:13:15.725836,419
CALL-003177,P-00543,P-00545,2026-04-16T14:47:02.725836,1364
CALL-003178,P-00366,P-00448,2025-09-27T14:37:29.725836,1002
CALL-003179,P-00217,P-00481,2025-09-01T03:43:50.725836,183
CALL-003180,P-00521,P-00158,2026-06-25T20:26:09.725836,1787
CALL-003181,P-00411,P-00003,2025-11-18T23:37:35.725836,728
CALL-003182,P-00024,P-00447,2026-01-11T01:33:42.725836,1598
CALL-003183,P-00521,P-00181,2025-10-14T05:52:13.725836,1339
CALL-003184,P-00064,P-00067,2026-05-22T17:43:53.725836,166
CALL-003185,P-00405,P-00122,2026-01-06T10:47:43.725836,759
CALL-003186,P-00087,P-00140,2026-02-19T22:48:48.725836,1323
CALL-003187,P-00567,P-00198,2026-06-29T18:45:20.725836,573
CALL-003188,P-00073,P-00589,2026-07-14T03:51:22.725836,697
CALL-003189,P-00320,P-00410,2025-10-25T16:43:00.725836,1250
CALL-003190,P-00014,P-00201,2025-12-02T09:06:52.725836,1698
CALL-003191,P-00357,P-00172,2026-03-26T21:08:57.725836,1169
CALL-003192,P-00055,P-00413,2025-12-02T02:56:42.725836,64
CALL-003193,P-00352,P-00111,2026-01-31T12:00:03.725836,494
CALL-003194,P-00509,P-00152,2025-09-30T12:29:05.725836,1197
CALL-003195,P-00429,P-00097,2025-09-07T16:28:14.725836,503
CALL-003196,P-00558,P-00401,2025-10-30T11:33:52.725836,471
CALL-003197,P-00517,P-00413,2026-03-18T14:45:19.725836,572
CALL-003198,P-00158,P-00461,2026-02-09T12:22:36.725836,486
CALL-003199,P-00081,P-00432,2026-06-26T14:21:35.725836,624
CALL-003200,P-00352,P-00294,2026-01-11T17:22:35.725836,229
CALL-003201,P-00414,P-00517,2025-08-17T00:12:20.725836,186
CALL-003202,P-00502,P-00310,2025-10-06T11:41:43.725836,744
CALL-003203,P-00512,P-00082,2025-09-03T02:45:40.725836,849
CALL-003204,P-00098,P-00313,2026-04-28T16:54:20.725836,271
CALL-003205,P-00334,P-00272,2025-11-20T00:39:57.725836,202
CALL-003206,P-00237,P-00593,2026-03-23T02:25:13.725836,929
CALL-003207,P-00384,P-00244,2026-04-30T04:43:36.725836,613
CALL-003208,P-00297,P-00278,2026-01-14T11:03:36.725836,226
CALL-003209,P-00454,P-00202,2025-11-07T13:24:23.725836,484
CALL-003210,P-00570,P-00238,2026-06-25T14:32:53.725836,546
CALL-003211,P-00518,P-00561,2026-05-11T07:55:32.725836,1162
CALL-003212,P-00436,P-00018,2026-06-07T04:00:55.725836,1175
CALL-003213,P-00264,P-00521,2025-10-09T12:55:40.725836,1079
CALL-003214,P-00589,P-00190,2026-04-20T19:33:49.725836,627
CALL-003215,P-00474,P-00568,2026-02-11T21:06:50.725836,143
CALL-003216,P-00474,P-00143,2026-03-27T10:57:12.725836,858
CALL-003217,P-00518,P-00159,2026-02-23T14:48:23.725836,1684
CALL-003218,P-00156,P-00519,2026-02-17T20:42:59.725836,933
CALL-003219,P-00554,P-00509,2025-10-13T03:54:40.725836,258
CALL-003220,P-00323,P-00014,2025-10-24T06:32:03.725836,717
CALL-003221,P-00265,P-00254,2025-10-29T11:21:47.725836,1189
CALL-003222,P-00028,P-00195,2026-07-01T00:39:04.725836,1205
CALL-003223,P-00523,P-00416,2025-10-22T16:56:33.725836,9
CALL-003224,P-00028,P-00474,2025-11-16T11:44:25.725836,219
CALL-003225,P-00513,P-00518,2026-02-15T08:23:42.725836,816
CALL-003226,P-00104,P-00541,2025-10-14T00:53:58.725836,806
CALL-003227,P-00421,P-00207,2025-10-28T21:58:56.725836,1378
CALL-003228,P-00054,P-00253,2025-11-17T12:07:19.725836,1794
CALL-003229,P-00397,P-00474,2026-05-21T23:15:39.725836,1642
CALL-003230,P-00106,P-00580,2026-06-26T09:27:39.725836,1353
CALL-003231,P-00570,P-00010,2026-04-01T01:05:45.725836,855
CALL-003232,P-00270,P-00573,2025-08-14T10:21:52.725836,406
CALL-003233,P-00299,P-00194,2026-05-21T18:51:39.725836,1534
CALL-003234,P-00457,P-00024,2026-05-26T21:57:40.725836,512
CALL-003235,P-00258,P-00278,2025-11-07T11:10:22.725836,1477
CALL-003236,P-00336,P-00139,2025-08-15T15:48:14.725836,1278
CALL-003237,P-00422,P-00101,2025-09-22T03:22:55.725836,352
CALL-003238,P-00574,P-00538,2025-08-03T05:27:00.725836,441
CALL-003239,P-00447,P-00223,2025-08-20T11:19:17.725836,34
CALL-003240,P-00570,P-00188,2026-06-04T04:37:41.725836,1047
CALL-003241,P-00574,P-00419,2025-09-27T05:01:57.725836,1238
CALL-003242,P-00387,P-00419,2025-10-01T08:22:56.725836,1247
CALL-003243,P-00101,P-00429,2025-09-05T09:59:05.725836,1313
CALL-003244,P-00294,P-00303,2026-01-14T08:52:42.725836,728
CALL-003245,P-00160,P-00403,2025-10-10T12:12:05.725836,972
CALL-003246,P-00330,P-00489,2026-03-15T11:46:45.725836,1557
CALL-003247,P-00520,P-00506,2026-04-13T17:44:57.725836,1796
CALL-003248,P-00243,P-00307,2026-07-02T12:23:15.725836,1658
CALL-003249,P-00509,P-00459,2026-07-02T15:36:43.725836,1737
CALL-003250,P-00245,P-00101,2026-02-26T02:37:38.725836,1592
CALL-003251,P-00142,P-00117,2026-07-08T18:12:33.725836,1594
CALL-003252,P-00466,P-00580,2026-05-28T04:16:44.725836,648
CALL-003253,P-00203,P-00561,2026-01-05T21:16:51.725836,1210
CALL-003254,P-00152,P-00482,2025-08-09T15:19:30.725836,1583
CALL-003255,P-00580,P-00414,2025-12-17T00:35:10.725836,1518
CALL-003256,P-00466,P-00159,2026-02-12T15:25:44.725836,1181
CALL-003257,P-00258,P-00142,2025-09-10T12:34:20.725836,259
CALL-003258,P-00352,P-00527,2025-12-08T02:49:13.725836,778
CALL-003259,P-00369,P-00388,2025-08-06T01:27:43.725836,1682
CALL-003260,P-00573,P-00102,2026-05-28T01:25:58.725836,1034
CALL-003261,P-00011,P-00160,2026-03-12T20:55:41.725836,85
CALL-003262,P-00554,P-00073,2026-02-18T17:43:32.725836,177
CALL-003263,P-00261,P-00037,2026-01-20T20:54:19.725836,1330
CALL-003264,P-00140,P-00582,2025-11-08T00:41:25.725836,1137
CALL-003265,P-00210,P-00068,2026-02-15T08:19:16.725836,137
CALL-003266,P-00372,P-00480,2025-08-05T12:37:57.725836,1637
CALL-003267,P-00502,P-00254,2026-02-04T03:33:11.725836,988
CALL-003268,P-00151,P-00429,2026-05-16T22:44:19.725836,1346
CALL-003269,P-00457,P-00102,2025-11-12T10:01:58.725836,1779
CALL-003270,P-00467,P-00292,2025-08-23T16:58:24.725836,1212
CALL-003271,P-00251,P-00185,2025-10-02T19:08:59.725836,1759
CALL-003272,P-00120,P-00272,2026-07-26T00:36:31.725836,613
CALL-003273,P-00403,P-00593,2025-09-11T17:34:51.725836,516
CALL-003274,P-00170,P-00497,2026-04-27T13:05:15.725836,971
CALL-003275,P-00253,P-00102,2026-06-16T02:31:50.725836,201
CALL-003276,P-00065,P-00255,2025-12-31T22:43:18.725836,1655
CALL-003277,P-00094,P-00566,2026-04-21T02:47:54.725836,1515
CALL-003278,P-00312,P-00353,2026-03-16T07:15:23.725836,1572
CALL-003279,P-00155,P-00167,2026-02-28T06:42:10.725836,531
CALL-003280,P-00291,P-00405,2025-10-22T10:25:12.725836,1360
CALL-003281,P-00549,P-00217,2026-01-14T18:59:10.725836,801
CALL-003282,P-00121,P-00231,2025-08-08T13:28:53.725836,804
CALL-003283,P-00151,P-00209,2026-01-16T01:45:51.725836,1040
CALL-003284,P-00338,P-00302,2025-08-16T00:37:22.725836,1725
CALL-003285,P-00475,P-00372,2026-07-20T15:57:38.725836,990
CALL-003286,P-00175,P-00058,2026-02-07T21:46:43.725836,1692
CALL-003287,P-00491,P-00227,2025-09-05T05:50:40.725836,1069
CALL-003288,P-00586,P-00284,2026-07-02T17:27:22.725836,851
CALL-003289,P-00561,P-00275,2026-02-03T08:35:37.725836,256
CALL-003290,P-00573,P-00295,2026-04-06T17:52:16.725836,1064
CALL-003291,P-00196,P-00423,2026-03-01T08:18:59.725836,238
CALL-003292,P-00064,P-00545,2025-08-27T08:02:49.725836,994
CALL-003293,P-00071,P-00001,2025-11-27T06:11:26.725836,340
CALL-003294,P-00082,P-00338,2026-01-03T08:14:46.725836,378
CALL-003295,P-00572,P-00213,2025-08-23T05:25:48.725836,1627
CALL-003296,P-00582,P-00207,2025-09-21T15:10:42.725836,1262
CALL-003297,P-00169,P-00394,2025-11-02T15:19:14.725836,1788
CALL-003298,P-00425,P-00329,2026-06-09T19:38:42.725836,109
CALL-003299,P-00013,P-00067,2026-05-31T20:16:39.725836,1082
CALL-003300,P-00336,P-00464,2026-01-31T09:29:09.725836,391
CALL-003301,P-00275,P-00246,2026-04-12T03:07:23.725836,1254
CALL-003302,P-00460,P-00118,2025-11-06T11:59:44.725836,441
CALL-003303,P-00444,P-00579,2026-05-10T19:37:50.725836,201
CALL-003304,P-00069,P-00329,2026-03-20T01:29:03.725836,1379
CALL-003305,P-00106,P-00056,2025-11-13T07:48:25.725836,781
CALL-003306,P-00220,P-00295,2025-09-14T18:55:57.725836,967
CALL-003307,P-00158,P-00481,2026-03-19T05:59:53.725836,999
CALL-003308,P-00429,P-00416,2026-03-22T04:30:18.725836,1167
CALL-003309,P-00312,P-00444,2026-05-24T15:07:19.725836,620
CALL-003310,P-00365,P-00473,2025-11-25T18:54:11.725836,338
CALL-003311,P-00126,P-00556,2025-11-24T01:39:02.725836,1141
CALL-003312,P-00426,P-00205,2025-09-06T05:27:12.725836,1361
CALL-003313,P-00245,P-00280,2025-10-13T04:48:09.725836,458
CALL-003314,P-00575,P-00096,2025-10-07T23:46:03.725836,317
CALL-003315,P-00095,P-00312,2025-08-04T13:49:08.725836,980
CALL-003316,P-00281,P-00245,2025-08-07T09:32:40.725836,878
CALL-003317,P-00573,P-00554,2026-05-06T22:40:37.725836,62
CALL-003318,P-00297,P-00403,2025-11-19T09:59:15.725836,5
CALL-003319,P-00461,P-00165,2025-09-25T22:32:22.725836,734
CALL-003320,P-00192,P-00252,2026-04-01T13:13:16.725836,143
CALL-003321,P-00041,P-00336,2025-10-06T02:18:04.725836,1549
CALL-003322,P-00581,P-00229,2025-09-23T06:52:35.725836,1008
CALL-003323,P-00062,P-00294,2025-08-10T14:07:35.725836,1583
CALL-003324,P-00431,P-00268,2026-01-21T18:20:44.725836,1005
CALL-003325,P-00414,P-00336,2025-10-15T23:41:22.725836,719
CALL-003326,P-00573,P-00190,2026-01-12T13:31:25.725836,1224
CALL-003327,P-00315,P-00536,2025-08-01T17:52:06.725836,672
CALL-003328,P-00065,P-00527,2025-08-29T11:07:47.725836,1148
CALL-003329,P-00084,P-00496,2026-01-20T20:59:48.725836,76
CALL-003330,P-00403,P-00198,2025-10-07T02:50:12.725836,1258
CALL-003331,P-00153,P-00214,2026-01-15T14:50:47.725836,397
CALL-003332,P-00152,P-00256,2025-09-09T16:04:27.725836,594
CALL-003333,P-00235,P-00329,2026-05-29T14:30:47.725836,1597
CALL-003334,P-00302,P-00251,2025-10-05T23:57:52.725836,593
CALL-003335,P-00491,P-00292,2025-10-29T09:13:50.725836,285
CALL-003336,P-00102,P-00445,2026-02-24T04:14:54.725836,1543
CALL-003337,P-00482,P-00280,2026-02-24T16:50:00.725836,1091
CALL-003338,P-00180,P-00485,2026-05-22T11:31:09.725836,9
CALL-003339,P-00526,P-00419,2026-07-14T22:24:19.725836,1368
CALL-003340,P-00375,P-00043,2026-05-06T05:20:02.725836,338
CALL-003341,P-00527,P-00160,2026-01-06T14:07:53.725836,104
CALL-003342,P-00398,P-00047,2026-03-01T19:50:12.725836,461
CALL-003343,P-00081,P-00487,2025-11-09T00:12:48.725836,1308
CALL-003344,P-00497,P-00266,2025-11-14T10:11:53.725836,1090
CALL-003345,P-00564,P-00554,2025-09-10T22:28:09.725836,785
CALL-003346,P-00573,P-00565,2025-10-26T06:24:04.725836,1339
CALL-003347,P-00517,P-00219,2025-09-30T08:09:02.725836,858
CALL-003348,P-00275,P-00527,2025-08-03T15:12:52.725836,604
CALL-003349,P-00419,P-00238,2026-06-05T08:38:31.725836,1675
CALL-003350,P-00411,P-00357,2026-01-28T06:15:11.725836,881
CALL-003351,P-00015,P-00413,2026-07-08T21:31:52.725836,337
CALL-003352,P-00530,P-00242,2025-11-04T08:51:45.725836,882
CALL-003353,P-00001,P-00386,2026-07-02T00:01:28.725836,1243
CALL-003354,P-00190,P-00263,2026-04-07T15:55:01.725836,792
CALL-003355,P-00205,P-00199,2025-11-28T00:49:56.725836,318
CALL-003356,P-00131,P-00303,2025-08-25T00:00:31.725836,654
CALL-003357,P-00191,P-00391,2026-02-11T07:54:21.725836,201
CALL-003358,P-00325,P-00437,2025-09-16T17:58:05.725836,702
CALL-003359,P-00278,P-00412,2025-08-11T17:28:31.725836,402
CALL-003360,P-00053,P-00173,2026-01-01T15:42:35.725836,653
CALL-003361,P-00549,P-00280,2025-10-23T14:38:11.725836,654
CALL-003362,P-00491,P-00197,2026-04-10T12:50:36.725836,275
CALL-003363,P-00219,P-00131,2026-06-14T14:40:39.725836,1249
CALL-003364,P-00014,P-00001,2026-04-21T05:44:40.725836,526
CALL-003365,P-00410,P-00262,2025-11-26T12:15:32.725836,1238
CALL-003366,P-00444,P-00516,2025-08-05T22:24:20.725836,1117
CALL-003367,P-00476,P-00235,2025-08-11T17:10:39.725836,1478
CALL-003368,P-00588,P-00335,2025-09-28T15:57:00.725836,446
CALL-003369,P-00392,P-00194,2026-05-30T14:34:14.725836,241
CALL-003370,P-00202,P-00462,2026-01-03T00:56:57.725836,179
CALL-003371,P-00131,P-00509,2025-12-08T07:36:17.725836,770
CALL-003372,P-00105,P-00596,2026-04-06T05:08:18.725836,807
CALL-003373,P-00502,P-00506,2026-01-09T13:04:33.725836,171
CALL-003374,P-00513,P-00061,2026-05-23T19:50:48.725836,568
CALL-003375,P-00464,P-00100,2026-05-25T17:32:06.725836,26
CALL-003376,P-00558,P-00009,2026-07-13T11:21:50.725836,881
CALL-003377,P-00127,P-00562,2025-10-01T15:09:06.725836,436
CALL-003378,P-00540,P-00436,2025-10-13T23:27:28.725836,815
CALL-003379,P-00405,P-00326,2026-02-26T07:33:39.725836,1180
CALL-003380,P-00467,P-00195,2026-04-26T14:27:38.725836,1071
CALL-003381,P-00062,P-00310,2025-11-12T05:05:44.725836,1165
CALL-003382,P-00187,P-00421,2025-12-20T20:14:08.725836,803
CALL-003383,P-00376,P-00479,2025-08-18T02:42:58.725836,1359
CALL-003384,P-00156,P-00419,2026-07-06T20:00:03.725836,1353
CALL-003385,P-00123,P-00319,2026-07-09T12:26:56.725836,1048
CALL-003386,P-00264,P-00045,2025-12-18T04:25:04.725836,543
CALL-003387,P-00369,P-00160,2025-10-15T08:22:54.725836,592
CALL-003388,P-00049,P-00372,2026-07-12T04:57:56.725836,788
CALL-003389,P-00370,P-00223,2026-07-18T18:03:19.725836,1590
CALL-003390,P-00303,P-00489,2026-07-02T10:13:28.725836,1675
CALL-003391,P-00219,P-00401,2025-09-19T14:17:27.725836,319
CALL-003392,P-00156,P-00386,2026-04-06T10:23:00.725836,122
CALL-003393,P-00237,P-00326,2026-06-12T19:54:25.725836,971
CALL-003394,P-00392,P-00419,2026-03-16T23:16:53.725836,1520
CALL-003395,P-00252,P-00333,2025-12-26T03:26:05.725836,1243
CALL-003396,P-00104,P-00235,2026-03-10T23:09:32.725836,615
CALL-003397,P-00330,P-00313,2025-10-24T03:24:36.725836,561
CALL-003398,P-00463,P-00471,2026-05-27T03:56:24.725836,1155
CALL-003399,P-00233,P-00468,2025-08-21T20:14:28.725836,1368
CALL-003400,P-00509,P-00379,2025-10-11T06:21:10.725836,460
CALL-003401,P-00053,P-00439,2025-09-18T13:49:56.725836,1788
CALL-003402,P-00451,P-00146,2026-03-30T02:36:42.725836,948
CALL-003403,P-00462,P-00181,2025-11-30T03:25:52.725836,1308
CALL-003404,P-00569,P-00207,2026-06-14T13:21:25.725836,1000
CALL-003405,P-00069,P-00173,2026-01-10T23:43:28.725836,998
CALL-003406,P-00244,P-00056,2026-01-25T09:26:14.725836,1524
CALL-003407,P-00181,P-00101,2026-04-15T14:55:40.725836,522
CALL-003408,P-00487,P-00264,2026-03-18T20:23:46.725836,1575
CALL-003409,P-00007,P-00437,2026-02-07T21:45:36.725836,516
CALL-003410,P-00447,P-00149,2025-08-12T16:28:10.725836,367
CALL-003411,P-00172,P-00227,2025-08-04T11:26:31.725836,1197
CALL-003412,P-00399,P-00310,2025-09-07T17:23:49.725836,329
CALL-003413,P-00405,P-00246,2026-03-01T16:55:16.725836,437
CALL-003414,P-00555,P-00242,2025-12-26T16:32:08.725836,1378
CALL-003415,P-00236,P-00375,2025-10-12T18:50:15.725836,785
CALL-003416,P-00375,P-00204,2025-08-12T02:38:18.725836,1326
CALL-003417,P-00266,P-00079,2026-04-24T08:55:52.725836,1436
CALL-003418,P-00323,P-00504,2025-09-18T15:41:32.725836,453
CALL-003419,P-00004,P-00203,2025-08-04T22:40:59.725836,1488
CALL-003420,P-00504,P-00329,2025-08-19T00:27:16.725836,1272
CALL-003421,P-00099,P-00577,2026-04-24T01:28:45.725836,931
CALL-003422,P-00237,P-00474,2025-11-24T00:23:06.725836,1424
CALL-003423,P-00016,P-00300,2026-02-01T14:48:59.725836,790
CALL-003424,P-00443,P-00225,2026-03-13T01:20:35.725836,94
CALL-003425,P-00446,P-00358,2025-09-19T02:47:39.725836,1193
CALL-003426,P-00130,P-00285,2025-10-10T14:14:03.725836,764
CALL-003427,P-00285,P-00206,2026-07-17T20:54:18.725836,565
CALL-003428,P-00024,P-00350,2025-12-09T07:14:22.725836,916
CALL-003429,P-00404,P-00399,2025-08-24T01:52:47.725836,508
CALL-003430,P-00014,P-00297,2026-04-05T19:22:05.725836,16
CALL-003431,P-00237,P-00281,2026-01-13T11:18:09.725836,1012
CALL-003432,P-00570,P-00400,2026-02-25T14:42:20.725836,575
CALL-003433,P-00109,P-00195,2026-02-03T11:46:09.725836,1106
CALL-003434,P-00064,P-00394,2026-03-02T06:02:51.725836,1387
CALL-003435,P-00454,P-00015,2026-05-01T12:38:35.725836,707
CALL-003436,P-00384,P-00301,2026-04-10T16:56:20.725836,419
CALL-003437,P-00161,P-00575,2026-05-06T10:22:54.725836,736
CALL-003438,P-00190,P-00277,2025-10-16T19:48:37.725836,1766
CALL-003439,P-00015,P-00189,2026-06-28T01:08:09.725836,639
CALL-003440,P-00122,P-00295,2026-07-18T02:42:28.725836,1526
CALL-003441,P-00214,P-00342,2026-07-09T03:36:14.725836,636
CALL-003442,P-00464,P-00462,2026-07-14T06:14:56.725836,1684
CALL-003443,P-00368,P-00322,2026-02-10T09:16:53.725836,1630
CALL-003444,P-00065,P-00143,2025-09-13T13:04:35.725836,803
CALL-003445,P-00369,P-00159,2026-06-07T01:04:30.725836,1203
CALL-003446,P-00263,P-00493,2025-08-07T19:09:22.725836,1284
CALL-003447,P-00293,P-00542,2026-05-18T05:15:26.725836,1440
CALL-003448,P-00369,P-00217,2026-07-08T00:04:43.725836,202
CALL-003449,P-00475,P-00413,2026-04-04T10:51:44.725836,760
CALL-003450,P-00122,P-00336,2026-03-16T16:40:59.725836,1698
CALL-003451,P-00204,P-00392,2025-12-26T23:07:34.725836,375
CALL-003452,P-00382,P-00469,2026-04-10T16:31:46.725836,1326
CALL-003453,P-00462,P-00491,2025-08-17T00:57:16.725836,470
CALL-003454,P-00468,P-00258,2026-04-07T02:19:34.725836,1034
CALL-003455,P-00030,P-00292,2025-09-01T02:54:16.725836,1617
CALL-003456,P-00476,P-00451,2026-02-23T12:10:07.725836,1754
CALL-003457,P-00181,P-00568,2025-08-02T20:04:56.725836,937
CALL-003458,P-00537,P-00028,2025-12-22T06:48:16.725836,708
CALL-003459,P-00467,P-00236,2025-10-19T11:14:18.725836,1291
CALL-003460,P-00094,P-00309,2026-04-09T05:29:11.725836,1658
CALL-003461,P-00475,P-00528,2026-03-14T23:17:50.725836,928
CALL-003462,P-00495,P-00517,2025-10-14T02:27:59.725836,713
CALL-003463,P-00084,P-00083,2025-12-06T14:18:55.725836,754
CALL-003464,P-00261,P-00091,2025-12-08T23:07:08.725836,1498
CALL-003465,P-00173,P-00337,2026-02-22T06:48:47.725836,1291
CALL-003466,P-00222,P-00026,2026-07-16T02:30:48.725836,1179
CALL-003467,P-00146,P-00167,2026-01-12T02:33:46.725836,781
CALL-003468,P-00467,P-00393,2025-09-15T07:24:33.725836,1539
CALL-003469,P-00242,P-00516,2025-09-08T17:32:54.725836,1554
CALL-003470,P-00558,P-00443,2025-10-08T19:25:44.725836,382
CALL-003471,P-00356,P-00348,2026-01-17T16:00:22.725836,1238
CALL-003472,P-00481,P-00056,2025-12-01T20:17:20.725836,392
CALL-003473,P-00484,P-00575,2026-05-17T18:27:48.725836,649
CALL-003474,P-00172,P-00157,2025-10-01T14:44:05.725836,1497
CALL-003475,P-00223,P-00343,2026-04-04T16:08:38.725836,887
CALL-003476,P-00060,P-00011,2026-06-14T20:15:42.725836,741
CALL-003477,P-00117,P-00300,2025-08-30T05:31:35.725836,1632
CALL-003478,P-00048,P-00274,2026-06-17T00:27:22.725836,1149
CALL-003479,P-00390,P-00519,2026-03-08T20:20:30.725836,823
CALL-003480,P-00062,P-00489,2025-11-06T02:33:18.725836,863
CALL-003481,P-00282,P-00504,2025-10-05T05:54:22.725836,1036
CALL-003482,P-00229,P-00002,2026-02-23T05:30:10.725836,259
CALL-003483,P-00483,P-00482,2025-08-27T12:44:26.725836,1211
CALL-003484,P-00249,P-00495,2025-09-12T06:39:26.725836,1643
CALL-003485,P-00461,P-00280,2025-10-16T21:03:27.725836,988
CALL-003486,P-00450,P-00189,2026-01-29T05:23:51.725836,417
CALL-003487,P-00469,P-00094,2025-11-17T07:56:04.725836,68
CALL-003488,P-00030,P-00509,2025-08-11T08:45:31.725836,1056
CALL-003489,P-00077,P-00337,2025-12-30T17:19:13.725836,913
CALL-003490,P-00073,P-00475,2026-04-11T21:18:21.725836,823
CALL-003491,P-00104,P-00369,2026-03-31T12:31:42.725836,908
CALL-003492,P-00574,P-00521,2026-05-31T22:05:46.725836,702
CALL-003493,P-00461,P-00439,2026-01-10T22:31:17.725836,190
CALL-003494,P-00527,P-00088,2026-05-24T06:12:16.725836,94
CALL-003495,P-00147,P-00525,2025-10-29T02:04:22.725836,850
CALL-003496,P-00428,P-00115,2026-06-26T08:56:29.725836,289
CALL-003497,P-00504,P-00588,2025-12-14T03:24:00.725836,1170
CALL-003498,P-00199,P-00163,2025-09-05T10:36:38.725836,558
CALL-003499,P-00566,P-00077,2026-04-14T20:49:05.725836,1114
CALL-003500,P-00566,P-00556,2026-03-18T06:47:54.725836,968
CALL-003501,P-00053,P-00097,2026-02-03T12:17:52.725836,1469
CALL-003502,P-00015,P-00181,2026-03-26T00:56:58.725836,1777
CALL-003503,P-00189,P-00191,2025-10-30T10:21:04.725836,574
CALL-003504,P-00474,P-00082,2026-07-20T12:56:22.725836,1657
CALL-003505,P-00159,P-00403,2025-08-08T15:50:54.725836,42
CALL-003506,P-00133,P-00583,2025-09-19T07:05:00.725836,434
CALL-003507,P-00456,P-00539,2026-03-12T07:34:12.725836,217
CALL-003508,P-00419,P-00245,2026-01-10T22:14:57.725836,1492
CALL-003509,P-00139,P-00117,2026-01-08T12:26:49.725836,1717
CALL-003510,P-00126,P-00095,2026-01-29T23:47:59.725836,317
CALL-003511,P-00207,P-00543,2026-06-06T02:39:12.725836,79
CALL-003512,P-00419,P-00312,2025-09-03T09:06:23.725836,308
CALL-003513,P-00241,P-00026,2025-12-02T14:18:07.725836,402
CALL-003514,P-00442,P-00073,2026-01-12T20:41:21.725836,1025
CALL-003515,P-00238,P-00336,2025-10-14T17:39:02.725836,1068
CALL-003516,P-00058,P-00582,2025-12-24T18:51:22.725836,1588
CALL-003517,P-00361,P-00588,2025-11-16T20:52:34.725836,1323
CALL-003518,P-00400,P-00155,2026-03-04T05:01:13.725836,323
CALL-003519,P-00009,P-00332,2026-02-28T17:22:28.725836,1361
CALL-003520,P-00454,P-00247,2026-07-03T03:01:15.725836,869
CALL-003521,P-00364,P-00403,2025-08-26T16:49:08.725836,174
CALL-003522,P-00464,P-00265,2025-08-15T10:28:42.725836,1467
CALL-003523,P-00266,P-00075,2026-05-18T04:45:52.725836,1750
CALL-003524,P-00265,P-00263,2025-10-11T15:33:00.725836,1279
CALL-003525,P-00103,P-00258,2026-03-07T20:39:45.725836,1283
CALL-003526,P-00450,P-00197,2025-12-29T02:06:11.725836,1765
CALL-003527,P-00167,P-00569,2025-11-30T14:18:46.725836,1539
CALL-003528,P-00481,P-00048,2026-05-08T07:52:08.725836,237
CALL-003529,P-00162,P-00596,2025-12-19T04:55:14.725836,10
CALL-003530,P-00042,P-00532,2026-01-06T08:22:39.725836,1622
CALL-003531,P-00005,P-00448,2025-09-06T05:38:33.725836,1506
CALL-003532,P-00370,P-00039,2025-11-14T02:21:00.725836,1297
CALL-003533,P-00201,P-00588,2026-04-16T00:04:45.725836,1438
CALL-003534,P-00356,P-00007,2025-11-21T04:15:24.725836,1628
CALL-003535,P-00081,P-00397,2025-11-28T01:45:15.725836,243
CALL-003536,P-00056,P-00256,2026-04-01T20:32:03.725836,796
CALL-003537,P-00436,P-00344,2026-05-14T14:45:28.725836,454
CALL-003538,P-00244,P-00306,2025-11-16T19:55:02.725836,502
CALL-003539,P-00257,P-00183,2025-07-27T20:20:01.725836,920
CALL-003540,P-00214,P-00109,2026-06-22T03:25:15.725836,664
CALL-003541,P-00181,P-00226,2026-05-05T02:30:52.725836,1426
CALL-003542,P-00250,P-00136,2026-05-24T21:56:10.725836,1746
CALL-003543,P-00240,P-00481,2025-12-25T18:12:31.725836,1036
CALL-003544,P-00041,P-00465,2025-09-20T12:25:36.725836,1135
CALL-003545,P-00005,P-00024,2026-02-01T05:47:26.725836,453
CALL-003546,P-00332,P-00018,2026-04-04T00:01:51.725836,1331
CALL-003547,P-00412,P-00005,2026-07-19T11:32:51.725836,1379
CALL-003548,P-00082,P-00010,2026-05-17T08:44:51.725836,1601
CALL-003549,P-00495,P-00593,2026-05-02T10:55:36.725836,168
CALL-003550,P-00209,P-00087,2026-05-14T16:22:37.725836,1453
CALL-003551,P-00011,P-00231,2025-09-08T14:08:56.725836,194
CALL-003552,P-00518,P-00131,2025-09-18T03:44:45.725836,1084
CALL-003553,P-00384,P-00263,2026-01-23T19:17:44.725836,1452
CALL-003554,P-00009,P-00172,2026-03-02T05:23:47.725836,1145
CALL-003555,P-00463,P-00120,2026-03-20T06:21:14.725836,1575
CALL-003556,P-00432,P-00029,2025-12-07T06:12:08.725836,275
CALL-003557,P-00370,P-00386,2025-09-21T21:27:19.725836,702
CALL-003558,P-00393,P-00071,2026-04-23T18:28:52.725836,1543
CALL-003559,P-00427,P-00389,2026-01-01T10:02:16.725836,177
CALL-003560,P-00569,P-00034,2025-08-15T19:24:55.725836,1267
CALL-003561,P-00469,P-00159,2025-11-10T13:21:31.725836,760
CALL-003562,P-00382,P-00333,2025-09-21T04:40:56.725836,198
CALL-003563,P-00139,P-00108,2026-06-25T07:59:03.725836,678
CALL-003564,P-00483,P-00145,2025-09-06T04:08:55.725836,1380
CALL-003565,P-00193,P-00478,2025-08-06T17:14:48.725836,554
CALL-003566,P-00317,P-00382,2026-06-03T22:33:13.725836,542
CALL-003567,P-00497,P-00467,2025-11-30T01:25:16.725836,1709
CALL-003568,P-00390,P-00120,2025-11-15T14:11:34.725836,363
CALL-003569,P-00596,P-00149,2026-01-20T00:43:50.725836,222
CALL-003570,P-00580,P-00439,2026-01-29T22:53:09.725836,836
CALL-003571,P-00324,P-00345,2026-03-27T07:31:25.725836,1066
CALL-003572,P-00087,P-00073,2025-08-17T14:12:08.725836,1095
CALL-003573,P-00170,P-00197,2025-11-07T19:06:24.725836,1103
CALL-003574,P-00191,P-00220,2025-12-25T02:32:50.725836,601
CALL-003575,P-00094,P-00120,2026-02-23T12:30:15.725836,890
CALL-003576,P-00396,P-00463,2025-08-29T04:16:27.725836,961
CALL-003577,P-00442,P-00006,2026-02-26T15:17:41.725836,1495
CALL-003578,P-00486,P-00291,2026-06-16T04:47:01.725836,1708
CALL-003579,P-00113,P-00232,2025-08-19T06:19:50.725836,417
CALL-003580,P-00172,P-00582,2025-12-08T12:50:15.725836,789
CALL-003581,P-00462,P-00130,2025-08-29T01:54:57.725836,393
CALL-003582,P-00014,P-00410,2025-11-06T01:31:05.725836,968
CALL-003583,P-00026,P-00384,2026-02-18T17:53:00.725836,965
CALL-003584,P-00071,P-00165,2026-05-11T06:47:33.725836,1519
CALL-003585,P-00491,P-00160,2025-08-15T05:35:12.725836,1537
CALL-003586,P-00478,P-00081,2026-06-05T07:52:11.725836,742
CALL-003587,P-00265,P-00453,2025-10-21T02:32:28.725836,415
CALL-003588,P-00144,P-00377,2025-08-27T04:06:37.725836,431
CALL-003589,P-00547,P-00444,2026-05-17T00:25:54.725836,443
CALL-003590,P-00462,P-00357,2025-11-15T23:28:56.725836,894
CALL-003591,P-00197,P-00519,2025-12-05T10:19:08.725836,975
CALL-003592,P-00106,P-00273,2026-01-16T13:06:32.725836,445
CALL-003593,P-00202,P-00041,2026-07-09T23:37:21.725836,1765
CALL-003594,P-00188,P-00422,2026-06-02T09:12:07.725836,1190
CALL-003595,P-00009,P-00175,2026-01-06T05:26:09.725836,700
CALL-003596,P-00446,P-00412,2025-12-02T15:13:38.725836,48
CALL-003597,P-00242,P-00495,2025-10-12T17:03:24.725836,1659
CALL-003598,P-00090,P-00301,2025-10-11T01:04:06.725836,1136
CALL-003599,P-00073,P-00486,2026-02-01T15:31:51.725836,273
CALL-003600,P-00156,P-00015,2026-06-05T01:11:40.725836,183
CALL-003601,P-00527,P-00143,2026-06-27T22:12:12.725836,359
CALL-003602,P-00226,P-00088,2025-08-27T17:59:58.725836,140
CALL-003603,P-00193,P-00474,2025-11-17T10:38:33.725836,976
CALL-003604,P-00593,P-00580,2026-04-29T03:14:31.725836,1634
CALL-003605,P-00382,P-00446,2026-04-25T02:09:17.725836,1550
CALL-003606,P-00306,P-00474,2026-03-06T14:30:38.725836,1306
CALL-003607,P-00501,P-00065,2025-10-30T13:36:33.725836,1434
CALL-003608,P-00337,P-00573,2026-05-26T09:26:53.725836,298
CALL-003609,P-00432,P-00109,2025-07-29T08:51:00.725836,376
CALL-003610,P-00248,P-00283,2026-03-06T00:54:57.725836,883
CALL-003611,P-00414,P-00111,2025-12-24T12:47:56.725836,1539
CALL-003612,P-00501,P-00413,2025-10-17T16:15:33.725836,240
CALL-003613,P-00034,P-00292,2026-02-09T00:46:28.725836,157
CALL-003614,P-00237,P-00538,2026-02-08T18:20:03.725836,975
CALL-003615,P-00116,P-00087,2026-04-14T09:56:45.725836,129
CALL-003616,P-00352,P-00182,2026-02-01T14:45:09.725836,89
CALL-003617,P-00101,P-00144,2025-09-19T08:05:42.725836,804
CALL-003618,P-00429,P-00098,2025-11-15T10:24:38.725836,1504
CALL-003619,P-00234,P-00412,2026-01-10T22:44:02.725836,562
CALL-003620,P-00245,P-00549,2026-06-20T06:31:45.725836,1052
CALL-003621,P-00062,P-00151,2026-07-01T14:33:41.725836,1431
CALL-003622,P-00309,P-00169,2026-03-01T06:08:51.725836,959
CALL-003623,P-00204,P-00236,2025-10-12T13:47:31.725836,49
CALL-003624,P-00209,P-00478,2026-06-23T05:23:49.725836,761
CALL-003625,P-00379,P-00202,2026-01-23T14:28:15.725836,573
CALL-003626,P-00305,P-00012,2025-09-23T03:45:59.725836,400
CALL-003627,P-00363,P-00364,2026-04-04T03:21:43.725836,634
CALL-003628,P-00132,P-00118,2025-09-25T15:12:46.725836,636
CALL-003629,P-00533,P-00218,2025-12-03T03:01:38.725836,1558
CALL-003630,P-00261,P-00404,2026-07-20T18:48:55.725836,142
CALL-003631,P-00301,P-00011,2026-07-11T13:35:52.725836,1644
CALL-003632,P-00122,P-00288,2025-08-14T23:33:08.725836,500
CALL-003633,P-00375,P-00310,2026-03-13T18:32:23.725836,1461
CALL-003634,P-00160,P-00256,2026-04-15T04:15:14.725836,1654
CALL-003635,P-00108,P-00030,2025-07-30T15:36:12.725836,1306
CALL-003636,P-00087,P-00292,2026-07-10T23:09:57.725836,931
CALL-003637,P-00381,P-00010,2025-12-27T03:27:07.725836,369
CALL-003638,P-00009,P-00429,2026-05-08T11:22:14.725836,1079
CALL-003639,P-00580,P-00483,2026-03-07T00:55:36.725836,685
CALL-003640,P-00151,P-00517,2025-08-20T02:07:13.725836,828
CALL-003641,P-00383,P-00516,2025-12-14T00:40:45.725836,653
CALL-003642,P-00506,P-00454,2025-12-09T23:39:46.725836,628
CALL-003643,P-00282,P-00576,2025-09-12T00:34:17.725836,1299
CALL-003644,P-00044,P-00449,2025-08-29T13:16:04.725836,1010
CALL-003645,P-00073,P-00258,2026-01-01T04:13:18.725836,842
CALL-003646,P-00310,P-00130,2026-01-19T15:57:10.725836,1223
CALL-003647,P-00278,P-00205,2025-08-18T08:57:29.725836,605
CALL-003648,P-00310,P-00545,2026-06-06T05:30:48.725836,590
CALL-003649,P-00459,P-00079,2025-07-31T00:51:08.725836,297
CALL-003650,P-00001,P-00276,2026-03-21T15:53:03.725836,429
CALL-003651,P-00586,P-00392,2026-06-13T05:27:15.725836,1652
CALL-003652,P-00280,P-00105,2025-09-03T17:44:45.725836,970
CALL-003653,P-00265,P-00298,2026-03-21T20:50:11.725836,579
CALL-003654,P-00588,P-00176,2025-12-21T11:39:35.725836,179
CALL-003655,P-00042,P-00472,2025-11-26T23:32:08.725836,1159
CALL-003656,P-00103,P-00030,2026-06-11T14:57:12.725836,120
CALL-003657,P-00024,P-00068,2026-05-31T20:11:33.725836,299
CALL-003658,P-00552,P-00220,2026-04-04T20:40:32.725836,905
CALL-003659,P-00256,P-00531,2026-01-01T04:26:42.725836,363
CALL-003660,P-00495,P-00401,2026-06-07T22:36:51.725836,479
CALL-003661,P-00415,P-00132,2026-03-29T18:11:23.725836,116
CALL-003662,P-00509,P-00384,2026-03-09T17:54:52.725836,1316
CALL-003663,P-00056,P-00244,2025-11-10T11:46:39.725836,145
CALL-003664,P-00064,P-00282,2025-11-27T01:44:39.725836,1082
CALL-003665,P-00476,P-00122,2025-09-23T12:25:25.725836,100
CALL-003666,P-00099,P-00106,2025-09-21T18:53:46.725836,1363
CALL-003667,P-00107,P-00367,2025-08-27T00:00:01.725836,1496
CALL-003668,P-00015,P-00445,2025-08-19T11:34:06.725836,1569
CALL-003669,P-00393,P-00395,2026-04-19T19:11:22.725836,248
CALL-003670,P-00294,P-00181,2025-08-24T17:26:05.725836,1745
CALL-003671,P-00272,P-00285,2026-03-07T05:09:13.725836,977
CALL-003672,P-00518,P-00352,2026-04-23T08:57:55.725836,149
CALL-003673,P-00133,P-00428,2026-02-05T13:40:02.725836,1147
CALL-003674,P-00593,P-00073,2025-11-08T23:47:18.725836,731
CALL-003675,P-00478,P-00289,2026-05-01T02:37:07.725836,929
CALL-003676,P-00037,P-00173,2026-07-18T18:06:56.725836,835
CALL-003677,P-00475,P-00263,2026-02-14T03:02:25.725836,859
CALL-003678,P-00461,P-00278,2025-08-23T12:25:13.725836,1514
CALL-003679,P-00313,P-00460,2025-08-22T07:30:17.725836,1023
CALL-003680,P-00096,P-00200,2026-06-24T20:14:37.725836,932
CALL-003681,P-00561,P-00556,2026-05-25T23:51:46.725836,1477
CALL-003682,P-00476,P-00302,2026-07-06T00:12:26.725836,519
CALL-003683,P-00600,P-00366,2026-07-18T21:01:07.725836,1232
CALL-003684,P-00453,P-00570,2026-01-08T03:04:26.725836,1355
CALL-003685,P-00258,P-00491,2026-03-13T16:18:25.725836,252
CALL-003686,P-00491,P-00400,2025-10-10T11:28:00.725836,1168
CALL-003687,P-00369,P-00443,2025-10-01T16:25:04.725836,1319
CALL-003688,P-00554,P-00513,2026-02-09T04:39:27.725836,483
CALL-003689,P-00480,P-00131,2026-04-09T01:18:54.725836,1287
CALL-003690,P-00281,P-00120,2026-01-01T12:53:46.725836,437
CALL-003691,P-00529,P-00390,2026-03-20T04:45:26.725836,341
CALL-003692,P-00131,P-00117,2025-08-01T07:53:02.725836,1392
CALL-003693,P-00467,P-00244,2026-01-27T00:17:51.725836,928
CALL-003694,P-00178,P-00301,2025-11-23T22:25:21.725836,1606
CALL-003695,P-00237,P-00310,2025-11-19T21:10:40.725836,1060
CALL-003696,P-00382,P-00429,2025-11-02T15:19:39.725836,121
CALL-003697,P-00321,P-00431,2025-10-19T21:25:02.725836,96
CALL-003698,P-00477,P-00400,2025-11-23T21:05:52.725836,481
CALL-003699,P-00460,P-00197,2025-10-15T09:58:26.725836,588
CALL-003700,P-00165,P-00168,2025-11-14T08:40:15.725836,1456
CALL-003701,P-00278,P-00129,2026-02-20T06:15:13.725836,936
CALL-003702,P-00169,P-00175,2026-06-13T05:51:54.725836,459
CALL-003703,P-00531,P-00588,2026-03-27T15:36:29.725836,390
CALL-003704,P-00283,P-00002,2025-07-29T01:25:03.725836,1312
CALL-003705,P-00062,P-00120,2026-05-08T06:30:35.725836,1263
CALL-003706,P-00399,P-00302,2026-03-22T16:55:56.725836,392
CALL-003707,P-00015,P-00226,2026-03-19T17:34:45.725836,739
CALL-003708,P-00471,P-00217,2025-08-15T01:57:42.725836,486
CALL-003709,P-00164,P-00450,2025-08-10T06:50:28.725836,442
CALL-003710,P-00173,P-00007,2025-10-12T08:29:45.725836,864
CALL-003711,P-00079,P-00231,2025-12-21T17:39:31.725836,1715
CALL-003712,P-00160,P-00431,2026-02-22T00:11:32.725836,486
CALL-003713,P-00515,P-00282,2026-07-18T17:31:34.725836,1422
CALL-003714,P-00405,P-00077,2025-09-22T21:40:42.725836,128
CALL-003715,P-00447,P-00256,2025-11-08T14:45:42.725836,185
CALL-003716,P-00109,P-00301,2025-09-13T15:17:02.725836,1677
CALL-003717,P-00431,P-00509,2026-02-10T03:07:25.725836,194
CALL-003718,P-00258,P-00043,2026-06-23T05:01:24.725836,76
CALL-003719,P-00445,P-00090,2026-05-05T10:49:58.725836,1234
CALL-003720,P-00401,P-00344,2026-01-24T15:04:27.725836,1223
CALL-003721,P-00055,P-00568,2025-12-15T03:15:28.725836,81
CALL-003722,P-00438,P-00375,2026-05-11T22:38:09.725836,174
CALL-003723,P-00120,P-00468,2026-04-07T04:17:25.725836,18
CALL-003724,P-00500,P-00575,2026-05-12T20:42:35.725836,294
CALL-003725,P-00170,P-00389,2025-12-02T20:31:52.725836,688
CALL-003726,P-00375,P-00301,2026-04-07T12:40:50.725836,1041
CALL-003727,P-00280,P-00367,2025-11-25T08:44:04.725836,1778
CALL-003728,P-00398,P-00204,2025-11-12T11:32:47.725836,522
CALL-003729,P-00599,P-00279,2025-11-15T12:15:48.725836,616
CALL-003730,P-00194,P-00055,2026-01-28T14:19:40.725836,836
CALL-003731,P-00305,P-00295,2025-09-10T05:54:10.725836,105
CALL-003732,P-00125,P-00588,2025-09-29T05:48:40.725836,99
CALL-003733,P-00320,P-00071,2026-04-26T09:08:53.725836,288
CALL-003734,P-00041,P-00517,2025-10-26T20:55:59.725836,1506
CALL-003735,P-00444,P-00463,2025-10-15T08:24:17.725836,1399
CALL-003736,P-00310,P-00141,2026-03-10T17:49:32.725836,1499
CALL-003737,P-00229,P-00280,2026-05-19T02:18:07.725836,200
CALL-003738,P-00181,P-00433,2025-09-06T21:34:22.725836,1036
CALL-003739,P-00549,P-00272,2026-04-13T03:57:12.725836,1493
CALL-003740,P-00293,P-00035,2026-05-10T13:56:15.725836,1682
CALL-003741,P-00378,P-00241,2025-11-18T15:01:55.725836,90
CALL-003742,P-00131,P-00285,2026-07-07T02:45:57.725836,795
CALL-003743,P-00223,P-00109,2026-01-07T00:12:57.725836,931
CALL-003744,P-00355,P-00029,2025-11-22T22:20:36.725836,391
CALL-003745,P-00271,P-00293,2025-10-27T12:09:38.725836,145
CALL-003746,P-00457,P-00373,2025-11-04T07:02:02.725836,283
CALL-003747,P-00337,P-00117,2026-02-11T01:26:16.725836,22
CALL-003748,P-00573,P-00506,2025-08-04T14:05:35.725836,1683
CALL-003749,P-00126,P-00388,2025-11-02T16:29:46.725836,729
CALL-003750,P-00082,P-00100,2025-12-12T03:53:30.725836,1575
CALL-003751,P-00044,P-00467,2026-03-16T15:57:39.725836,166
CALL-003752,P-00269,P-00566,2026-04-25T00:47:20.725836,221
CALL-003753,P-00194,P-00531,2026-06-15T14:15:35.725836,339
CALL-003754,P-00077,P-00007,2026-05-06T15:00:40.725836,1059
CALL-003755,P-00227,P-00195,2026-03-28T09:40:45.725836,208
CALL-003756,P-00438,P-00161,2026-02-16T15:56:21.725836,677
CALL-003757,P-00439,P-00401,2025-08-23T04:46:48.725836,1076
CALL-003758,P-00437,P-00278,2026-04-22T23:11:34.725836,1166
CALL-003759,P-00278,P-00373,2025-10-16T23:33:34.725836,497
CALL-003760,P-00098,P-00326,2026-03-12T02:10:41.725836,967
CALL-003761,P-00236,P-00235,2025-10-08T16:11:07.725836,615
CALL-003762,P-00202,P-00065,2025-09-12T23:24:45.725836,1584
CALL-003763,P-00183,P-00372,2026-06-14T01:19:21.725836,1324
CALL-003764,P-00568,P-00208,2026-07-24T03:39:19.725836,1098
CALL-003765,P-00491,P-00190,2025-08-06T09:28:08.725836,1628
CALL-003766,P-00438,P-00194,2026-04-02T15:53:02.725836,1032
CALL-003767,P-00494,P-00554,2025-09-22T23:18:10.725836,1322
CALL-003768,P-00543,P-00227,2026-02-13T02:45:16.725836,901
CALL-003769,P-00334,P-00229,2026-04-11T08:50:27.725836,465
CALL-003770,P-00289,P-00195,2026-04-20T15:29:33.725836,722
CALL-003771,P-00400,P-00139,2025-09-10T12:37:14.725836,493
CALL-003772,P-00547,P-00277,2025-08-26T17:35:39.725836,1476
CALL-003773,P-00041,P-00490,2025-09-10T04:42:28.725836,1306
CALL-003774,P-00576,P-00052,2026-03-02T18:43:54.725836,1142
CALL-003775,P-00384,P-00591,2026-02-13T10:23:58.725836,726
CALL-003776,P-00073,P-00505,2026-05-24T04:50:40.725836,427
CALL-003777,P-00145,P-00220,2026-04-03T22:43:29.725836,328
CALL-003778,P-00148,P-00384,2026-06-01T10:13:11.725836,899
CALL-003779,P-00237,P-00467,2025-11-26T20:26:23.725836,861
CALL-003780,P-00338,P-00152,2026-04-03T15:56:05.725836,1395
CALL-003781,P-00265,P-00173,2025-12-29T12:12:56.725836,315
CALL-003782,P-00434,P-00105,2026-03-05T09:04:07.725836,1787
CALL-003783,P-00545,P-00160,2025-11-06T00:58:52.725836,1066
CALL-003784,P-00169,P-00028,2026-05-22T02:42:18.725836,735
CALL-003785,P-00271,P-00467,2026-05-06T00:40:45.725836,1423
CALL-003786,P-00001,P-00553,2025-12-06T23:45:57.725836,593
CALL-003787,P-00075,P-00133,2025-11-15T02:26:17.725836,1467
CALL-003788,P-00396,P-00414,2026-07-18T05:40:04.725836,596
CALL-003789,P-00014,P-00489,2026-05-31T01:18:59.725836,1545
CALL-003790,P-00346,P-00017,2026-01-23T02:47:30.725836,1315
CALL-003791,P-00334,P-00197,2025-12-01T02:31:25.725836,396
CALL-003792,P-00231,P-00190,2026-03-21T07:48:45.725836,313
CALL-003793,P-00349,P-00481,2026-07-17T08:04:47.725836,1647
CALL-003794,P-00561,P-00395,2026-03-31T04:12:40.725836,237
CALL-003795,P-00556,P-00295,2025-07-29T18:21:38.725836,118
CALL-003796,P-00108,P-00549,2025-09-29T17:55:17.725836,1766
CALL-003797,P-00378,P-00396,2025-09-15T05:40:15.725836,1693
CALL-003798,P-00294,P-00517,2026-05-04T11:11:21.725836,1018
CALL-003799,P-00080,P-00406,2025-12-26T09:03:43.725836,1474
CALL-003800,P-00418,P-00233,2025-07-27T10:06:19.725836,502
CALL-003801,P-00508,P-00154,2025-09-09T13:38:42.725836,1677
CALL-003802,P-00120,P-00491,2025-11-21T13:53:07.725836,1505
CALL-003803,P-00286,P-00175,2025-08-21T16:25:06.725836,855
CALL-003804,P-00587,P-00392,2025-08-21T18:45:49.725836,1392
CALL-003805,P-00444,P-00042,2025-07-27T17:34:18.725836,20
CALL-003806,P-00059,P-00547,2026-05-04T01:02:24.725836,1631
CALL-003807,P-00425,P-00145,2026-01-10T22:12:34.725836,1394
CALL-003808,P-00297,P-00281,2025-12-27T11:43:23.725836,1567
CALL-003809,P-00034,P-00384,2026-07-19T17:21:55.725836,1262
CALL-003810,P-00338,P-00563,2026-02-08T04:10:20.725836,1736
CALL-003811,P-00485,P-00122,2026-07-01T09:15:10.725836,98
CALL-003812,P-00462,P-00242,2026-03-01T08:32:16.725836,561
CALL-003813,P-00379,P-00462,2026-03-04T15:55:38.725836,988
CALL-003814,P-00293,P-00122,2026-01-23T14:53:52.725836,639
CALL-003815,P-00379,P-00077,2026-07-22T05:21:10.725836,723
CALL-003816,P-00142,P-00583,2025-09-08T10:10:43.725836,290
CALL-003817,P-00254,P-00355,2026-06-04T01:01:15.725836,1036
CALL-003818,P-00505,P-00029,2026-06-01T15:02:00.725836,523
CALL-003819,P-00041,P-00403,2025-08-03T00:07:29.725836,1456
CALL-003820,P-00593,P-00569,2026-06-30T18:55:02.725836,866
CALL-003821,P-00583,P-00064,2025-08-15T19:43:13.725836,1663
CALL-003822,P-00514,P-00547,2026-03-27T12:04:47.725836,1697
CALL-003823,P-00442,P-00491,2026-05-19T14:45:35.725836,1636
CALL-003824,P-00549,P-00202,2026-04-05T04:06:42.725836,764
CALL-003825,P-00257,P-00044,2026-05-12T04:29:05.725836,1439
CALL-003826,P-00474,P-00336,2026-04-25T00:10:08.725836,356
CALL-003827,P-00527,P-00310,2026-03-15T18:38:29.725836,482
CALL-003828,P-00338,P-00017,2025-09-23T08:57:55.725836,19
CALL-003829,P-00596,P-00238,2025-10-06T14:17:50.725836,1214
CALL-003830,P-00580,P-00207,2025-09-25T15:24:39.725836,806
CALL-003831,P-00165,P-00303,2026-05-28T20:07:43.725836,1385
CALL-003832,P-00317,P-00100,2025-10-07T16:54:05.725836,575
CALL-003833,P-00077,P-00322,2025-11-17T21:44:32.725836,18
CALL-003834,P-00139,P-00382,2026-05-25T08:57:25.725836,1055
CALL-003835,P-00219,P-00176,2025-11-21T16:31:22.725836,254
CALL-003836,P-00178,P-00290,2025-12-12T19:12:24.725836,389
CALL-003837,P-00531,P-00001,2025-12-30T12:46:19.725836,952
CALL-003838,P-00157,P-00162,2025-11-19T18:14:29.725836,418
CALL-003839,P-00011,P-00292,2026-03-03T12:57:01.725836,651
CALL-003840,P-00313,P-00163,2025-09-29T02:54:39.725836,464
CALL-003841,P-00580,P-00081,2025-10-02T07:52:48.725836,1539
CALL-003842,P-00104,P-00412,2025-10-20T01:06:07.725836,455
CALL-003843,P-00018,P-00451,2026-03-22T15:47:56.725836,1659
CALL-003844,P-00155,P-00060,2025-09-25T20:15:21.725836,372
CALL-003845,P-00121,P-00350,2026-03-03T13:47:09.725836,1454
CALL-003846,P-00292,P-00285,2025-10-26T10:34:08.725836,1491
CALL-003847,P-00146,P-00285,2025-08-28T18:07:57.725836,1033
CALL-003848,P-00389,P-00081,2026-05-20T23:29:11.725836,568
CALL-003849,P-00574,P-00317,2026-07-13T09:33:03.725836,1511
CALL-003850,P-00066,P-00365,2025-09-18T06:15:27.725836,485
CALL-003851,P-00412,P-00117,2026-05-04T04:50:05.725836,1031
CALL-003852,P-00495,P-00580,2025-10-11T14:50:43.725836,155
CALL-003853,P-00192,P-00152,2026-02-17T06:22:23.725836,970
CALL-003854,P-00082,P-00457,2025-12-27T21:18:07.725836,1247
CALL-003855,P-00217,P-00024,2025-09-22T16:21:31.725836,956
CALL-003856,P-00083,P-00151,2026-03-13T19:33:07.725836,394
CALL-003857,P-00122,P-00564,2026-05-29T04:03:04.725836,1197
CALL-003858,P-00364,P-00235,2025-12-09T11:19:34.725836,713
CALL-003859,P-00471,P-00569,2026-01-09T16:03:08.725836,306
CALL-003860,P-00305,P-00136,2026-06-16T00:56:06.725836,1522
CALL-003861,P-00461,P-00573,2026-02-02T06:51:55.725836,848
CALL-003862,P-00009,P-00588,2025-08-30T09:21:56.725836,1617
CALL-003863,P-00020,P-00237,2025-09-12T14:20:02.725836,575
CALL-003864,P-00504,P-00480,2026-04-01T00:51:23.725836,1436
CALL-003865,P-00286,P-00135,2026-01-23T06:54:40.725836,1018
CALL-003866,P-00383,P-00455,2025-08-23T12:21:39.725836,65
CALL-003867,P-00336,P-00556,2025-10-18T13:32:16.725836,1174
CALL-003868,P-00422,P-00270,2025-12-01T15:18:50.725836,1717
CALL-003869,P-00369,P-00412,2026-02-14T03:43:09.725836,757
CALL-003870,P-00379,P-00119,2026-02-15T00:17:40.725836,5
CALL-003871,P-00453,P-00050,2025-08-29T01:57:55.725836,453
CALL-003872,P-00381,P-00030,2026-04-11T19:21:21.725836,1113
CALL-003873,P-00036,P-00436,2025-09-27T16:10:15.725836,1526
CALL-003874,P-00175,P-00588,2026-01-26T19:47:24.725836,620
CALL-003875,P-00367,P-00561,2026-04-23T01:02:38.725836,1079
CALL-003876,P-00139,P-00122,2025-10-09T16:19:05.725836,592
CALL-003877,P-00236,P-00170,2025-09-20T05:00:22.725836,1426
CALL-003878,P-00437,P-00463,2026-01-21T15:07:32.725836,1300
CALL-003879,P-00082,P-00509,2025-10-05T12:56:32.725836,795
CALL-003880,P-00138,P-00105,2025-10-26T00:32:41.725836,416
CALL-003881,P-00145,P-00336,2025-11-01T19:29:36.725836,1453
CALL-003882,P-00580,P-00302,2026-05-02T04:04:17.725836,1682
CALL-003883,P-00555,P-00107,2025-10-10T19:00:14.725836,1205
CALL-003884,P-00192,P-00495,2025-08-17T13:17:48.725836,41
CALL-003885,P-00109,P-00454,2025-11-10T18:44:17.725836,390
CALL-003886,P-00494,P-00173,2026-07-03T08:59:41.725836,548
CALL-003887,P-00321,P-00429,2025-10-08T05:54:32.725836,609
CALL-003888,P-00162,P-00041,2026-01-27T01:57:16.725836,708
CALL-003889,P-00157,P-00172,2026-01-13T18:27:08.725836,987
CALL-003890,P-00399,P-00388,2026-06-24T02:28:56.725836,1091
CALL-003891,P-00290,P-00240,2026-04-19T20:36:22.725836,819
CALL-003892,P-00481,P-00433,2025-10-11T18:57:20.725836,542
CALL-003893,P-00481,P-00055,2025-10-12T18:02:46.725836,261
CALL-003894,P-00302,P-00050,2025-11-07T23:36:07.725836,1568
CALL-003895,P-00265,P-00312,2025-12-06T07:37:46.725836,1171
CALL-003896,P-00555,P-00248,2026-06-30T12:11:04.725836,803
CALL-003897,P-00491,P-00600,2025-09-15T15:29:45.725836,1783
CALL-003898,P-00459,P-00528,2025-11-18T01:35:07.725836,740
CALL-003899,P-00156,P-00124,2026-07-13T23:22:11.725836,49
CALL-003900,P-00343,P-00491,2026-06-05T10:03:07.725836,1174
CALL-003901,P-00414,P-00403,2025-09-24T21:02:09.725836,873
CALL-003902,P-00124,P-00487,2025-08-19T20:44:30.725836,187
CALL-003903,P-00431,P-00241,2026-06-06T17:55:31.725836,716
CALL-003904,P-00001,P-00193,2026-04-02T10:07:09.725836,1763
CALL-003905,P-00161,P-00162,2026-05-22T23:48:48.725836,1248
CALL-003906,P-00177,P-00572,2025-08-04T12:58:51.725836,950
CALL-003907,P-00237,P-00364,2026-06-17T17:07:46.725836,1757
CALL-003908,P-00278,P-00523,2025-09-30T03:44:32.725836,1027
CALL-003909,P-00564,P-00581,2026-04-02T19:05:05.725836,784
CALL-003910,P-00130,P-00065,2025-10-24T05:10:06.725836,473
CALL-003911,P-00098,P-00391,2026-01-11T01:56:06.725836,410
CALL-003912,P-00526,P-00271,2026-03-08T05:40:29.725836,1141
CALL-003913,P-00103,P-00145,2025-11-19T09:23:28.725836,763
CALL-003914,P-00493,P-00052,2026-03-02T02:36:29.725836,213
CALL-003915,P-00485,P-00324,2026-04-16T18:25:09.725836,1416
CALL-003916,P-00155,P-00160,2026-01-26T14:02:49.725836,585
CALL-003917,P-00593,P-00286,2026-05-14T00:41:44.725836,1742
CALL-003918,P-00372,P-00229,2025-08-06T01:36:46.725836,1200
CALL-003919,P-00462,P-00353,2026-01-04T14:01:35.725836,214
CALL-003920,P-00565,P-00003,2026-06-11T12:40:59.725836,131
CALL-003921,P-00419,P-00244,2025-11-03T22:14:45.725836,931
CALL-003922,P-00491,P-00568,2026-04-23T06:08:00.725836,491
CALL-003923,P-00158,P-00571,2026-05-04T12:24:55.725836,1030
CALL-003924,P-00425,P-00448,2026-01-26T03:12:40.725836,1108
CALL-003925,P-00258,P-00570,2025-12-08T08:43:46.725836,654
CALL-003926,P-00231,P-00095,2026-05-22T13:42:06.725836,649
CALL-003927,P-00498,P-00029,2026-05-27T00:50:09.725836,578
CALL-003928,P-00054,P-00390,2025-08-11T03:23:57.725836,1594
CALL-003929,P-00184,P-00287,2026-04-27T22:16:12.725836,539
CALL-003930,P-00233,P-00132,2025-10-09T18:34:05.725836,183
CALL-003931,P-00008,P-00338,2026-07-04T04:39:39.725836,1753
CALL-003932,P-00307,P-00408,2026-02-23T11:28:13.725836,1507
CALL-003933,P-00048,P-00566,2026-02-08T06:50:38.725836,1420
CALL-003934,P-00302,P-00003,2026-03-24T04:07:35.725836,533
CALL-003935,P-00203,P-00272,2026-02-03T15:08:25.725836,1669
CALL-003936,P-00372,P-00459,2026-05-21T18:14:32.725836,1514
CALL-003937,P-00497,P-00529,2025-09-23T04:57:02.725836,866
CALL-003938,P-00436,P-00160,2025-11-18T14:18:25.725836,667
CALL-003939,P-00532,P-00199,2025-08-23T18:54:04.725836,1406
CALL-003940,P-00431,P-00100,2026-04-18T23:42:41.725836,1314
CALL-003941,P-00277,P-00495,2025-10-02T15:34:24.725836,906
CALL-003942,P-00172,P-00561,2026-07-11T14:22:25.725836,1276
CALL-003943,P-00265,P-00195,2026-03-27T10:21:26.725836,1211
CALL-003944,P-00249,P-00329,2025-10-13T03:41:34.725836,475
CALL-003945,P-00153,P-00441,2026-02-01T23:43:29.725836,960
CALL-003946,P-00317,P-00148,2026-05-07T11:58:13.725836,1507
CALL-003947,P-00222,P-00179,2026-04-28T03:20:11.725836,1330
CALL-003948,P-00194,P-00431,2025-08-13T17:00:02.725836,530
CALL-003949,P-00558,P-00315,2025-12-13T13:07:15.725836,1043
CALL-003950,P-00409,P-00164,2025-10-12T07:37:10.725836,1166
CALL-003951,P-00457,P-00282,2026-02-03T10:42:45.725836,912
CALL-003952,P-00192,P-00481,2026-06-22T19:19:35.725836,1286
CALL-003953,P-00471,P-00195,2025-12-19T21:17:30.725836,907
CALL-003954,P-00474,P-00009,2025-08-22T06:49:05.725836,899
CALL-003955,P-00122,P-00549,2026-01-30T04:58:30.725836,435
CALL-003956,P-00462,P-00555,2026-03-18T05:10:30.725836,1697
CALL-003957,P-00161,P-00155,2025-11-17T12:32:58.725836,1459
CALL-003958,P-00395,P-00306,2026-07-06T11:30:02.725836,792
CALL-003959,P-00425,P-00217,2025-11-03T14:59:54.725836,750
CALL-003960,P-00227,P-00024,2025-09-06T14:40:41.725836,921
CALL-003961,P-00426,P-00470,2026-06-07T08:22:10.725836,770
CALL-003962,P-00034,P-00005,2025-10-25T11:15:25.725836,634
CALL-003963,P-00272,P-00068,2026-05-24T20:35:39.725836,233
CALL-003964,P-00448,P-00429,2025-09-26T23:20:54.725836,830
CALL-003965,P-00053,P-00414,2026-03-29T11:59:48.725836,517
CALL-003966,P-00527,P-00403,2025-12-19T09:40:01.725836,1678
CALL-003967,P-00294,P-00030,2026-04-12T00:52:42.725836,452
CALL-003968,P-00491,P-00477,2026-04-05T04:32:23.725836,521
CALL-003969,P-00562,P-00509,2026-07-03T01:01:11.725836,1081
CALL-003970,P-00302,P-00453,2026-01-10T10:22:26.725836,1029
CALL-003971,P-00077,P-00422,2025-10-28T09:37:27.725836,1688
CALL-003972,P-00564,P-00446,2025-10-08T13:32:50.725836,386
CALL-003973,P-00080,P-00115,2026-03-26T12:16:01.725836,326
CALL-003974,P-00164,P-00588,2026-05-16T20:35:46.725836,1131
CALL-003975,P-00522,P-00006,2026-05-19T20:20:41.725836,1431
CALL-003976,P-00297,P-00447,2026-03-26T06:40:14.725836,422
CALL-003977,P-00424,P-00453,2025-07-28T11:58:12.725836,1039
CALL-003978,P-00169,P-00591,2025-12-12T00:12:52.725836,809
CALL-003979,P-00338,P-00569,2025-11-07T00:13:24.725836,1196
CALL-003980,P-00437,P-00372,2026-04-26T12:57:12.725836,583
CALL-003981,P-00117,P-00379,2026-06-01T00:58:21.725836,1800
CALL-003982,P-00101,P-00264,2026-07-16T22:17:23.725836,1651
CALL-003983,P-00461,P-00372,2025-10-02T06:34:26.725836,304
CALL-003984,P-00562,P-00248,2025-08-03T07:45:17.725836,622
CALL-003985,P-00430,P-00471,2026-05-22T10:29:50.725836,1089
CALL-003986,P-00397,P-00382,2025-12-03T19:56:22.725836,432
CALL-003987,P-00568,P-00254,2026-02-17T01:24:48.725836,1303
CALL-003988,P-00306,P-00596,2026-07-17T21:58:14.725836,1426
CALL-003989,P-00245,P-00303,2026-03-31T04:52:43.725836,24
CALL-003990,P-00162,P-00078,2025-12-21T04:13:33.725836,530
CALL-003991,P-00435,P-00462,2025-09-04T04:03:24.725836,1257
CALL-003992,P-00475,P-00111,2026-03-18T09:58:27.725836,1094
CALL-003993,P-00310,P-00546,2025-09-16T02:02:09.725836,1281
CALL-003994,P-00189,P-00582,2026-06-15T05:42:24.725836,1703
CALL-003995,P-00106,P-00120,2026-04-21T16:34:36.725836,1767
CALL-003996,P-00112,P-00080,2025-11-27T12:57:09.725836,268
CALL-003997,P-00528,P-00247,2026-05-04T20:45:27.725836,1009
CALL-003998,P-00292,P-00566,2025-09-08T17:38:32.725836,1741
CALL-003999,P-00185,P-00038,2025-12-16T15:37:53.725836,1429
CALL-004000,P-00013,P-00344,2026-02-11T19:38:38.725836,271
CALL-004001,P-00069,P-00288,2025-07-31T23:13:39.725836,539
CALL-004002,P-00568,P-00424,2026-04-22T06:16:42.725836,1206
CALL-004003,P-00295,P-00582,2025-10-27T11:56:49.725836,1032
CALL-004004,P-00024,P-00014,2025-11-22T07:56:17.725836,749
CALL-004005,P-00275,P-00111,2026-01-01T18:07:33.725836,646
CALL-004006,P-00056,P-00295,2026-02-01T21:48:51.725836,1242
CALL-004007,P-00382,P-00412,2026-02-09T03:22:07.725836,479
CALL-004008,P-00501,P-00275,2026-02-16T05:06:42.725836,23
CALL-004009,P-00421,P-00247,2025-07-26T18:47:23.725836,1180
CALL-004010,P-00294,P-00353,2025-12-14T06:25:34.725836,662
CALL-004011,P-00151,P-00326,2026-07-25T10:02:32.725836,1633
CALL-004012,P-00311,P-00497,2026-02-11T05:00:53.725836,1193
CALL-004013,P-00234,P-00239,2026-03-21T19:06:00.725836,35
CALL-004014,P-00226,P-00317,2025-09-27T17:08:29.725836,1064
CALL-004015,P-00108,P-00126,2025-08-17T03:45:44.725836,683
CALL-004016,P-00427,P-00550,2025-10-18T02:39:34.725836,754
CALL-004017,P-00489,P-00507,2025-12-23T02:53:36.725836,815
CALL-004018,P-00095,P-00317,2025-08-24T10:26:22.725836,1350
CALL-004019,P-00448,P-00258,2026-04-03T22:40:07.725836,109
CALL-004020,P-00188,P-00372,2026-01-06T10:23:41.725836,910
CALL-004021,P-00261,P-00085,2025-11-28T01:05:51.725836,239
CALL-004022,P-00081,P-00130,2026-06-26T12:17:11.725836,1588
CALL-004023,P-00344,P-00147,2025-08-19T18:35:56.725836,832
CALL-004024,P-00321,P-00460,2026-03-15T05:17:06.725836,1233
CALL-004025,P-00593,P-00504,2025-09-13T03:07:39.725836,1426
CALL-004026,P-00066,P-00301,2026-02-06T23:15:44.725836,1514
CALL-004027,P-00090,P-00277,2025-12-05T13:41:27.725836,1686
CALL-004028,P-00583,P-00333,2025-12-29T20:19:25.725836,97
CALL-004029,P-00558,P-00034,2026-01-28T23:30:31.725836,499
CALL-004030,P-00086,P-00123,2026-02-08T13:49:42.725836,1109
CALL-004031,P-00259,P-00167,2025-08-06T15:16:02.725836,1741
CALL-004032,P-00103,P-00131,2025-12-19T03:13:27.725836,1454
CALL-004033,P-00108,P-00009,2025-12-29T09:27:01.725836,1314
CALL-004034,P-00431,P-00190,2026-04-17T15:42:03.725836,1516
CALL-004035,P-00170,P-00353,2026-05-15T05:09:46.725836,1474
CALL-004036,P-00217,P-00471,2025-11-03T01:47:24.725836,1414
CALL-004037,P-00100,P-00217,2026-06-15T09:13:18.725836,51
CALL-004038,P-00443,P-00122,2025-08-20T14:41:28.725836,1436
CALL-004039,P-00106,P-00469,2026-05-02T23:51:18.725836,1031
CALL-004040,P-00193,P-00389,2026-01-06T02:23:33.725836,390
CALL-004041,P-00382,P-00326,2026-07-08T15:43:58.725836,909
CALL-004042,P-00505,P-00322,2025-11-04T16:43:11.725836,390
CALL-004043,P-00465,P-00184,2026-07-21T18:39:41.725836,1225
CALL-004044,P-00297,P-00066,2026-04-30T10:32:33.725836,1358
CALL-004045,P-00569,P-00238,2026-05-02T06:36:17.725836,364
CALL-004046,P-00073,P-00543,2025-09-11T00:09:10.725836,1641
CALL-004047,P-00406,P-00597,2026-06-09T17:37:50.725836,906
CALL-004048,P-00195,P-00406,2025-12-29T08:04:14.725836,763
CALL-004049,P-00549,P-00551,2026-07-21T10:00:10.725836,1319
CALL-004050,P-00035,P-00044,2026-07-14T09:57:25.725836,575
CALL-004051,P-00292,P-00558,2025-12-02T00:31:09.725836,380
CALL-004052,P-00536,P-00293,2025-08-28T16:27:51.725836,1133
CALL-004053,P-00441,P-00029,2025-11-26T18:12:43.725836,417
CALL-004054,P-00047,P-00002,2026-07-26T14:55:43.725836,1690
CALL-004055,P-00576,P-00284,2026-07-22T16:09:44.725836,1078
CALL-004056,P-00251,P-00423,2026-04-17T08:09:13.725836,1547
CALL-004057,P-00354,P-00429,2026-05-21T03:24:46.725836,654
CALL-004058,P-00352,P-00420,2025-12-27T15:43:26.725836,815
CALL-004059,P-00048,P-00491,2026-02-26T09:41:26.725836,24
CALL-004060,P-00242,P-00192,2025-10-18T02:37:33.725836,964
CALL-004061,P-00285,P-00334,2026-01-05T17:10:34.725836,1254
CALL-004062,P-00322,P-00128,2026-05-09T21:02:16.725836,1392
CALL-004063,P-00318,P-00408,2025-11-05T15:35:41.725836,815
CALL-004064,P-00292,P-00139,2026-07-16T10:01:40.725836,650
CALL-004065,P-00073,P-00033,2025-11-08T01:40:08.725836,1124
CALL-004066,P-00180,P-00517,2025-08-16T08:54:29.725836,156
CALL-004067,P-00294,P-00357,2025-11-21T23:15:19.725836,891
CALL-004068,P-00413,P-00183,2026-01-07T17:03:44.725836,606
CALL-004069,P-00586,P-00492,2025-10-12T05:25:41.725836,1326
CALL-004070,P-00139,P-00155,2026-05-17T21:19:32.725836,135
CALL-004071,P-00581,P-00373,2026-03-26T19:18:38.725836,1788
CALL-004072,P-00120,P-00292,2026-03-05T19:15:26.725836,978
CALL-004073,P-00367,P-00212,2026-04-23T01:55:38.725836,803
CALL-004074,P-00420,P-00288,2026-03-06T03:51:56.725836,810
CALL-004075,P-00123,P-00579,2026-01-30T05:22:46.725836,885
CALL-004076,P-00384,P-00397,2025-12-28T19:32:39.725836,1351
CALL-004077,P-00412,P-00099,2026-05-02T17:54:49.725836,1741
CALL-004078,P-00360,P-00124,2026-04-01T11:13:01.725836,1452
CALL-004079,P-00159,P-00167,2026-03-24T01:22:03.725836,1070
CALL-004080,P-00488,P-00178,2026-05-15T08:24:03.725836,1019
CALL-004081,P-00052,P-00588,2026-07-05T12:49:35.725836,1709
CALL-004082,P-00280,P-00413,2025-11-23T11:32:48.725836,131
CALL-004083,P-00073,P-00374,2026-01-30T10:11:08.725836,1402
CALL-004084,P-00306,P-00172,2025-12-13T03:28:41.725836,850
CALL-004085,P-00447,P-00554,2026-04-16T23:44:09.725836,89
CALL-004086,P-00554,P-00194,2026-05-24T12:01:37.725836,796
CALL-004087,P-00285,P-00582,2025-11-27T02:27:20.725836,235
CALL-004088,P-00384,P-00561,2025-07-30T22:27:38.725836,1482
CALL-004089,P-00193,P-00081,2026-07-02T10:01:36.725836,1677
CALL-004090,P-00351,P-00273,2026-05-15T08:14:34.725836,1321
CALL-004091,P-00439,P-00126,2026-04-02T17:22:40.725836,1505
CALL-004092,P-00194,P-00060,2025-11-06T06:06:27.725836,89
CALL-004093,P-00561,P-00172,2026-04-08T06:19:05.725836,1716
CALL-004094,P-00435,P-00197,2025-10-30T09:12:05.725836,200
CALL-004095,P-00060,P-00301,2026-03-31T04:38:38.725836,1763
CALL-004096,P-00175,P-00428,2025-11-09T06:52:05.725836,351
CALL-004097,P-00334,P-00073,2025-10-02T14:33:52.725836,157
CALL-004098,P-00148,P-00593,2026-03-26T21:12:07.725836,1752
CALL-004099,P-00122,P-00164,2026-06-13T15:26:13.725836,1634
CALL-004100,P-00027,P-00535,2025-10-25T10:39:35.725836,1197
CALL-004101,P-00114,P-00341,2026-06-24T17:10:04.725836,407
CALL-004102,P-00309,P-00514,2026-01-18T03:07:20.725836,200
CALL-004103,P-00316,P-00037,2026-04-20T07:51:14.725836,1095
CALL-004104,P-00582,P-00479,2026-07-15T05:30:46.725836,732
CALL-004105,P-00088,P-00216,2026-05-01T08:42:53.725836,594
CALL-004106,P-00384,P-00355,2025-09-19T16:46:11.725836,317
CALL-004107,P-00381,P-00510,2026-01-11T08:52:15.725836,1436
CALL-004108,P-00335,P-00006,2026-07-04T12:37:07.725836,1572
CALL-004109,P-00543,P-00350,2025-11-11T15:50:51.725836,574
CALL-004110,P-00293,P-00161,2026-06-30T12:58:40.725836,384
CALL-004111,P-00208,P-00350,2026-07-26T16:00:45.725836,178
CALL-004112,P-00597,P-00057,2025-12-06T09:15:47.725836,951
CALL-004113,P-00124,P-00457,2026-03-24T10:46:44.725836,1689
CALL-004114,P-00130,P-00077,2026-04-04T09:37:37.725836,713
CALL-004115,P-00227,P-00043,2026-03-13T11:08:37.725836,1142
CALL-004116,P-00116,P-00528,2025-09-18T11:57:37.725836,839
CALL-004117,P-00448,P-00388,2026-03-15T11:36:34.725836,16
CALL-004118,P-00345,P-00149,2026-01-01T01:40:38.725836,1179
CALL-004119,P-00576,P-00099,2025-11-15T02:46:26.725836,1128
CALL-004120,P-00078,P-00012,2026-01-02T16:19:04.725836,1208
CALL-004121,P-00282,P-00139,2025-11-29T19:08:53.725836,1722
CALL-004122,P-00079,P-00306,2025-12-27T01:44:24.725836,716
CALL-004123,P-00598,P-00190,2026-04-17T04:36:40.725836,810
CALL-004124,P-00403,P-00244,2025-08-24T23:44:27.725836,901
CALL-004125,P-00126,P-00535,2025-08-29T08:59:57.725836,481
CALL-004126,P-00278,P-00103,2025-09-27T00:52:30.725836,189
CALL-004127,P-00384,P-00176,2026-07-03T20:54:30.725836,521
CALL-004128,P-00495,P-00561,2025-09-07T11:42:20.725836,1183
CALL-004129,P-00436,P-00044,2025-08-13T16:56:56.725836,711
CALL-004130,P-00522,P-00498,2026-05-15T06:47:48.725836,1379
CALL-004131,P-00543,P-00437,2026-03-27T23:48:37.725836,1239
CALL-004132,P-00365,P-00249,2025-09-02T20:57:47.725836,223
CALL-004133,P-00117,P-00569,2026-03-11T04:13:01.725836,15
CALL-004134,P-00285,P-00382,2026-07-10T13:30:30.725836,569
CALL-004135,P-00367,P-00231,2025-09-12T04:20:40.725836,1269
CALL-004136,P-00575,P-00245,2026-02-09T23:49:37.725836,1673
CALL-004137,P-00463,P-00251,2025-09-12T14:10:48.725836,1092
CALL-004138,P-00557,P-00450,2026-02-20T13:33:18.725836,1717
CALL-004139,P-00094,P-00159,2025-10-06T16:14:45.725836,1688
CALL-004140,P-00567,P-00361,2026-03-27T13:48:01.725836,1134
CALL-004141,P-00077,P-00034,2026-07-21T13:16:09.725836,873
CALL-004142,P-00073,P-00581,2026-06-25T17:24:53.725836,267
CALL-004143,P-00214,P-00015,2026-02-06T03:20:33.725836,1379
CALL-004144,P-00174,P-00389,2026-06-11T06:47:58.725836,65
CALL-004145,P-00568,P-00481,2025-12-29T23:36:26.725836,1381
CALL-004146,P-00302,P-00558,2026-05-31T13:41:11.725836,1613
CALL-004147,P-00510,P-00144,2025-11-22T11:26:48.725836,1211
CALL-004148,P-00382,P-00056,2026-01-09T18:16:44.725836,1250
CALL-004149,P-00218,P-00012,2025-09-19T14:14:48.725836,102
CALL-004150,P-00214,P-00067,2026-04-15T11:03:09.725836,697
CALL-004151,P-00170,P-00422,2026-06-05T04:28:43.725836,416
CALL-004152,P-00032,P-00220,2026-01-21T00:57:12.725836,1168
CALL-004153,P-00011,P-00196,2025-11-28T17:25:23.725836,623
CALL-004154,P-00109,P-00371,2026-07-03T15:36:19.725836,1472
CALL-004155,P-00116,P-00268,2026-04-29T23:30:46.725836,32
CALL-004156,P-00261,P-00311,2026-05-22T12:57:37.725836,688
CALL-004157,P-00504,P-00405,2025-08-19T07:27:40.725836,1613
CALL-004158,P-00063,P-00421,2026-01-26T17:26:10.725836,941
CALL-004159,P-00246,P-00219,2025-07-29T00:36:40.725836,799
CALL-004160,P-00353,P-00431,2026-07-18T00:13:25.725836,1705
CALL-004161,P-00109,P-00280,2025-09-01T22:53:02.725836,390
CALL-004162,P-00405,P-00310,2025-08-02T22:36:27.725836,511
CALL-004163,P-00582,P-00566,2025-11-08T00:27:00.725836,1156
CALL-004164,P-00203,P-00356,2026-01-21T23:08:52.725836,57
CALL-004165,P-00041,P-00568,2026-01-23T05:06:32.725836,147
CALL-004166,P-00312,P-00543,2026-03-08T06:01:11.725836,1773
CALL-004167,P-00208,P-00090,2026-03-01T12:52:13.725836,903
CALL-004168,P-00434,P-00094,2026-04-02T03:19:49.725836,1446
CALL-004169,P-00566,P-00449,2026-05-06T15:11:04.725836,421
CALL-004170,P-00475,P-00596,2026-06-12T06:22:37.725836,1673
CALL-004171,P-00006,P-00121,2025-08-14T23:46:21.725836,525
CALL-004172,P-00500,P-00374,2025-10-10T02:57:01.725836,158
CALL-004173,P-00242,P-00012,2026-04-09T04:46:36.725836,1683
CALL-004174,P-00352,P-00556,2025-08-20T12:44:42.725836,227
CALL-004175,P-00244,P-00382,2025-10-07T16:51:44.725836,1087
CALL-004176,P-00108,P-00334,2026-01-20T12:03:33.725836,1371
CALL-004177,P-00139,P-00389,2026-03-04T04:03:33.725836,1005
CALL-004178,P-00349,P-00514,2026-03-26T14:52:03.725836,757
CALL-004179,P-00098,P-00138,2026-05-04T13:32:43.725836,1500
CALL-004180,P-00195,P-00214,2026-03-20T02:54:43.725836,574
CALL-004181,P-00518,P-00503,2025-08-18T09:05:34.725836,1488
CALL-004182,P-00219,P-00288,2025-12-30T17:10:52.725836,931
CALL-004183,P-00538,P-00195,2026-06-21T02:34:41.725836,1043
CALL-004184,P-00518,P-00317,2026-03-14T18:48:43.725836,18
CALL-004185,P-00388,P-00250,2025-12-23T22:35:30.725836,828
CALL-004186,P-00272,P-00336,2026-05-08T09:06:22.725836,1421
CALL-004187,P-00195,P-00121,2026-01-18T04:26:26.725836,1123
CALL-004188,P-00455,P-00121,2026-05-03T23:36:09.725836,136
CALL-004189,P-00350,P-00388,2025-08-22T20:26:53.725836,783
CALL-004190,P-00094,P-00281,2026-02-06T19:27:56.725836,1106
CALL-004191,P-00107,P-00220,2026-03-15T04:12:17.725836,1159
CALL-004192,P-00100,P-00489,2026-01-14T21:24:38.725836,1052
CALL-004193,P-00306,P-00281,2025-12-02T07:24:16.725836,938
CALL-004194,P-00015,P-00336,2026-04-27T01:08:18.725836,183
CALL-004195,P-00163,P-00048,2026-02-07T06:40:06.725836,148
CALL-004196,P-00489,P-00126,2025-11-13T18:45:42.725836,238
CALL-004197,P-00328,P-00292,2026-03-03T13:17:51.725836,875
CALL-004198,P-00087,P-00528,2025-10-15T00:27:09.725836,496
CALL-004199,P-00549,P-00375,2026-05-22T11:22:03.725836,1388
CALL-004200,P-00397,P-00090,2026-03-03T22:20:14.725836,1567
CALL-004201,P-00598,P-00550,2026-02-02T06:15:24.725836,1666
CALL-004202,P-00437,P-00485,2025-11-15T16:43:25.725836,1167
CALL-004203,P-00085,P-00581,2026-05-01T11:00:45.725836,1443
CALL-004204,P-00379,P-00082,2025-09-20T23:53:19.725836,754
CALL-004205,P-00043,P-00587,2025-10-29T03:44:08.725836,972
CALL-004206,P-00041,P-00447,2025-09-06T01:05:03.725836,172
CALL-004207,P-00531,P-00234,2025-10-11T12:09:32.725836,1633
CALL-004208,P-00490,P-00337,2025-11-13T20:39:13.725836,863
CALL-004209,P-00572,P-00309,2025-08-11T02:19:13.725836,814
CALL-004210,P-00477,P-00152,2026-05-06T12:00:33.725836,381
CALL-004211,P-00516,P-00212,2026-03-07T00:55:33.725836,1771
CALL-004212,P-00456,P-00377,2026-04-19T01:48:32.725836,1685
CALL-004213,P-00191,P-00552,2026-07-14T17:01:05.725836,739
CALL-004214,P-00017,P-00476,2026-04-09T04:57:57.725836,231
CALL-004215,P-00504,P-00438,2026-05-08T00:15:09.725836,167
CALL-004216,P-00103,P-00445,2025-09-26T07:41:58.725836,196
CALL-004217,P-00117,P-00445,2026-05-27T06:42:50.725836,489
CALL-004218,P-00153,P-00231,2026-05-30T02:43:16.725836,1633
CALL-004219,P-00103,P-00320,2026-07-25T17:30:16.725836,136
CALL-004220,P-00005,P-00296,2026-04-03T11:36:43.725836,802
CALL-004221,P-00111,P-00359,2026-05-20T10:48:33.725836,855
CALL-004222,P-00139,P-00005,2026-06-29T04:37:27.725836,875
CALL-004223,P-00460,P-00077,2026-07-18T21:49:29.725836,662
CALL-004224,P-00275,P-00292,2025-12-05T19:27:57.725836,34
CALL-004225,P-00478,P-00281,2026-01-14T10:21:43.725836,790
CALL-004226,P-00245,P-00041,2025-12-07T16:08:49.725836,1731
CALL-004227,P-00352,P-00474,2025-09-16T15:12:58.725836,450
CALL-004228,P-00214,P-00364,2025-11-22T11:43:51.725836,1141
CALL-004229,P-00453,P-00104,2026-03-02T18:57:32.725836,27
CALL-004230,P-00433,P-00493,2025-08-27T01:20:48.725836,1438
CALL-004231,P-00517,P-00317,2025-09-26T03:46:20.725836,413
CALL-004232,P-00100,P-00467,2026-07-14T00:22:09.725836,1603
CALL-004233,P-00525,P-00162,2026-04-07T10:11:32.725836,1432
CALL-004234,P-00202,P-00405,2026-02-25T15:21:04.725836,640
CALL-004235,P-00548,P-00122,2026-03-14T15:56:59.725836,1577
CALL-004236,P-00185,P-00455,2026-01-21T09:45:06.725836,234
CALL-004237,P-00241,P-00078,2025-12-08T15:32:42.725836,254
CALL-004238,P-00445,P-00494,2026-02-06T04:49:00.725836,1125
CALL-004239,P-00564,P-00263,2025-12-13T14:23:43.725836,164
CALL-004240,P-00148,P-00130,2026-01-20T22:31:29.725836,725
CALL-004241,P-00228,P-00360,2025-08-26T13:50:46.725836,1368
CALL-004242,P-00292,P-00046,2025-10-21T09:06:56.725836,1036
CALL-004243,P-00558,P-00518,2026-05-01T22:06:46.725836,976
CALL-004244,P-00475,P-00523,2025-11-25T13:36:27.725836,133
CALL-004245,P-00372,P-00253,2026-04-13T07:32:49.725836,1031
CALL-004246,P-00571,P-00321,2025-10-04T06:52:00.725836,1057
CALL-004247,P-00280,P-00580,2025-12-20T23:02:39.725836,518
CALL-004248,P-00022,P-00600,2026-02-09T05:03:45.725836,1673
CALL-004249,P-00432,P-00473,2026-03-07T12:31:40.725836,525
CALL-004250,P-00422,P-00238,2026-04-06T13:11:52.725836,1165
CALL-004251,P-00280,P-00207,2025-09-22T10:32:37.725836,293
CALL-004252,P-00227,P-00219,2026-03-09T05:51:11.725836,1790
CALL-004253,P-00062,P-00350,2025-10-04T07:12:14.725836,286
CALL-004254,P-00371,P-00529,2025-08-18T14:18:33.725836,1753
CALL-004255,P-00433,P-00517,2026-02-02T04:30:44.725836,276
CALL-004256,P-00113,P-00417,2026-07-07T20:22:23.725836,377
CALL-004257,P-00297,P-00593,2025-11-18T07:23:08.725836,1174
CALL-004258,P-00445,P-00528,2025-08-30T19:32:48.725836,960
CALL-004259,P-00384,P-00193,2026-04-24T00:29:58.725836,77
CALL-004260,P-00538,P-00281,2026-01-08T23:29:04.725836,278
CALL-004261,P-00566,P-00310,2026-06-09T05:32:45.725836,1468
CALL-004262,P-00205,P-00412,2026-06-01T15:51:13.725836,63
CALL-004263,P-00416,P-00038,2025-10-05T21:29:49.725836,975
CALL-004264,P-00208,P-00531,2026-07-21T23:35:09.725836,711
CALL-004265,P-00109,P-00256,2025-10-24T20:08:04.725836,1502
CALL-004266,P-00596,P-00528,2026-02-05T13:36:21.725836,1193
CALL-004267,P-00027,P-00328,2026-05-29T22:20:43.725836,509
CALL-004268,P-00588,P-00462,2026-02-24T12:30:20.725836,1351
CALL-004269,P-00089,P-00446,2026-03-16T07:15:42.725836,646
CALL-004270,P-00561,P-00459,2025-09-22T20:41:37.725836,435
CALL-004271,P-00217,P-00231,2025-12-06T16:13:31.725836,1349
CALL-004272,P-00514,P-00205,2025-08-14T03:37:05.725836,1413
CALL-004273,P-00360,P-00100,2026-07-01T17:14:18.725836,1398
CALL-004274,P-00024,P-00294,2025-10-08T07:39:43.725836,1098
CALL-004275,P-00464,P-00550,2025-08-29T17:33:46.725836,715
CALL-004276,P-00192,P-00080,2026-02-15T21:20:54.725836,247
CALL-004277,P-00352,P-00573,2026-01-30T00:42:23.725836,688
CALL-004278,P-00557,P-00474,2026-05-30T13:37:03.725836,771
CALL-004279,P-00289,P-00408,2026-06-25T08:37:24.725836,1725
CALL-004280,P-00088,P-00368,2026-01-24T02:57:29.725836,522
CALL-004281,P-00553,P-00014,2026-02-06T06:07:29.725836,790
CALL-004282,P-00077,P-00312,2026-05-01T08:28:52.725836,591
CALL-004283,P-00374,P-00233,2025-12-06T00:02:37.725836,478
CALL-004284,P-00060,P-00253,2026-02-18T08:55:38.725836,910
CALL-004285,P-00336,P-00090,2025-12-25T08:37:01.725836,532
CALL-004286,P-00294,P-00482,2026-03-22T05:23:35.725836,64
CALL-004287,P-00058,P-00042,2026-05-30T10:07:18.725836,679
CALL-004288,P-00100,P-00306,2025-11-13T18:07:46.725836,28
CALL-004289,P-00479,P-00585,2026-07-08T13:58:14.725836,1455
CALL-004290,P-00389,P-00422,2025-08-21T05:04:11.725836,600
CALL-004291,P-00402,P-00373,2026-04-19T05:23:28.725836,168
CALL-004292,P-00103,P-00490,2025-11-10T06:28:58.725836,1181
CALL-004293,P-00225,P-00529,2025-10-07T16:23:36.725836,952
CALL-004294,P-00516,P-00353,2026-01-26T12:36:07.725836,1404
CALL-004295,P-00382,P-00193,2026-01-29T10:29:10.725836,118
CALL-004296,P-00583,P-00457,2026-01-17T11:54:14.725836,1473
CALL-004297,P-00026,P-00304,2026-06-27T15:19:10.725836,301
CALL-004298,P-00159,P-00476,2026-05-08T10:55:49.725836,788
CALL-004299,P-00597,P-00332,2025-10-24T19:36:26.725836,1508
CALL-004300,P-00127,P-00056,2026-01-24T04:43:56.725836,1588
CALL-004301,P-00161,P-00055,2025-10-10T07:06:22.725836,1670
CALL-004302,P-00022,P-00565,2025-09-08T19:43:48.725836,1493
CALL-004303,P-00077,P-00393,2025-11-12T11:05:11.725836,230
CALL-004304,P-00412,P-00310,2025-10-07T07:36:16.725836,298
CALL-004305,P-00273,P-00438,2026-01-08T15:30:06.725836,60
CALL-004306,P-00152,P-00494,2026-06-17T23:34:39.725836,1769
CALL-004307,P-00577,P-00430,2026-05-22T22:07:50.725836,1417
CALL-004308,P-00164,P-00308,2026-06-05T08:11:56.725836,1053
CALL-004309,P-00331,P-00294,2026-06-02T09:23:58.725836,1060
CALL-004310,P-00454,P-00219,2026-02-12T22:10:33.725836,1700
CALL-004311,P-00157,P-00426,2026-05-24T01:10:33.725836,498
CALL-004312,P-00289,P-00162,2026-05-19T21:09:42.725836,861
CALL-004313,P-00152,P-00274,2025-10-17T18:44:26.725836,982
CALL-004314,P-00219,P-00024,2026-02-09T18:42:41.725836,388
CALL-004315,P-00417,P-00410,2025-10-29T00:54:39.725836,1400
CALL-004316,P-00413,P-00439,2026-07-23T13:40:55.725836,335
CALL-004317,P-00108,P-00332,2026-05-24T16:56:58.725836,517
CALL-004318,P-00573,P-00024,2025-08-22T18:04:57.725836,1513
CALL-004319,P-00094,P-00242,2025-09-19T04:14:59.725836,1416
CALL-004320,P-00336,P-00061,2025-10-17T18:31:49.725836,92
CALL-004321,P-00052,P-00408,2026-03-28T06:47:03.725836,547
CALL-004322,P-00259,P-00103,2026-02-05T01:00:10.725836,1743
CALL-004323,P-00087,P-00480,2025-10-12T12:18:24.725836,706
CALL-004324,P-00294,P-00352,2026-05-22T03:06:39.725836,1436
CALL-004325,P-00484,P-00168,2026-06-25T23:44:14.725836,1492
CALL-004326,P-00077,P-00062,2026-04-20T21:18:52.725836,207
CALL-004327,P-00297,P-00074,2025-11-02T00:36:44.725836,704
CALL-004328,P-00463,P-00313,2026-03-11T09:08:36.725836,126
CALL-004329,P-00446,P-00206,2025-12-10T16:12:34.725836,1508
CALL-004330,P-00087,P-00086,2025-11-14T20:07:25.725836,1489
CALL-004331,P-00098,P-00053,2026-02-13T17:27:23.725836,1709
CALL-004332,P-00419,P-00258,2025-10-17T22:54:42.725836,1277
CALL-004333,P-00066,P-00222,2026-04-03T06:37:16.725836,1151
CALL-004334,P-00382,P-00451,2025-08-26T20:12:14.725836,1397
CALL-004335,P-00312,P-00243,2026-01-02T14:28:21.725836,697
CALL-004336,P-00108,P-00181,2025-09-22T18:05:01.725836,913
CALL-004337,P-00200,P-00469,2026-03-16T15:31:20.725836,252
CALL-004338,P-00187,P-00351,2026-06-12T16:57:14.725836,96
CALL-004339,P-00135,P-00158,2026-01-08T21:58:14.725836,815
CALL-004340,P-00403,P-00471,2026-06-19T21:21:38.725836,1603
CALL-004341,P-00295,P-00217,2026-06-27T05:20:02.725836,1124
CALL-004342,P-00475,P-00101,2025-09-24T17:09:21.725836,1712
CALL-004343,P-00159,P-00011,2026-05-15T01:39:35.725836,1296
CALL-004344,P-00501,P-00464,2025-12-22T02:49:57.725836,1042
CALL-004345,P-00482,P-00226,2026-03-28T02:58:54.725836,581
CALL-004346,P-00088,P-00193,2025-09-15T13:22:03.725836,1677
CALL-004347,P-00056,P-00367,2025-08-23T09:51:41.725836,85
CALL-004348,P-00260,P-00152,2025-12-10T13:43:50.725836,783
CALL-004349,P-00437,P-00117,2026-02-22T20:31:48.725836,583
CALL-004350,P-00532,P-00119,2026-06-19T15:58:37.725836,728
CALL-004351,P-00447,P-00065,2026-03-08T12:00:21.725836,271
CALL-004352,P-00159,P-00177,2025-08-24T12:14:49.725836,534
CALL-004353,P-00229,P-00393,2025-11-10T22:40:11.725836,1422
CALL-004354,P-00429,P-00268,2025-08-21T15:23:36.725836,958
CALL-004355,P-00082,P-00278,2025-09-02T15:55:45.725836,1707
CALL-004356,P-00461,P-00397,2026-04-04T06:46:13.725836,997
CALL-004357,P-00314,P-00415,2026-07-14T06:21:04.725836,205
CALL-004358,P-00319,P-00360,2025-10-05T19:53:23.725836,519
CALL-004359,P-00483,P-00482,2025-11-26T05:07:32.725836,1633
CALL-004360,P-00167,P-00294,2026-02-09T21:40:39.725836,15
CALL-004361,P-00056,P-00413,2025-10-14T18:03:11.725836,1110
CALL-004362,P-00594,P-00482,2026-05-15T05:10:05.725836,22
CALL-004363,P-00202,P-00491,2025-07-30T05:09:14.725836,1117
CALL-004364,P-00200,P-00185,2025-09-09T03:32:35.725836,1520
CALL-004365,P-00474,P-00367,2025-08-22T19:19:50.725836,592
CALL-004366,P-00414,P-00379,2025-11-11T05:48:58.725836,785
CALL-004367,P-00295,P-00471,2026-05-12T07:26:21.725836,1095
CALL-004368,P-00094,P-00464,2026-07-05T13:28:24.725836,601
CALL-004369,P-00457,P-00446,2025-09-10T14:12:31.725836,235
CALL-004370,P-00139,P-00258,2025-08-28T15:38:48.725836,609
CALL-004371,P-00208,P-00403,2025-11-19T01:56:56.725836,1764
CALL-004372,P-00231,P-00172,2026-01-07T22:47:43.725836,1241
CALL-004373,P-00065,P-00496,2026-06-14T09:55:24.725836,1352
CALL-004374,P-00241,P-00177,2026-07-18T03:20:15.725836,1107
CALL-004375,P-00526,P-00416,2025-11-09T21:46:09.725836,373
CALL-004376,P-00069,P-00336,2026-06-13T05:53:55.725836,1742
CALL-004377,P-00038,P-00114,2025-12-21T02:37:29.725836,1340
CALL-004378,P-00220,P-00160,2026-06-10T16:27:29.725836,809
CALL-004379,P-00326,P-00105,2025-08-26T16:24:29.725836,264
CALL-004380,P-00483,P-00313,2026-01-16T21:32:32.725836,426
CALL-004381,P-00399,P-00367,2025-11-15T12:11:00.725836,53
CALL-004382,P-00094,P-00256,2025-09-16T09:52:07.725836,1402
CALL-004383,P-00251,P-00555,2025-08-29T05:51:27.725836,1113
CALL-004384,P-00345,P-00413,2026-03-02T14:55:36.725836,689
CALL-004385,P-00380,P-00461,2026-05-03T09:02:53.725836,207
CALL-004386,P-00369,P-00174,2025-12-28T14:17:13.725836,195
CALL-004387,P-00161,P-00187,2025-08-11T09:05:11.725836,905
CALL-004388,P-00177,P-00503,2026-06-11T08:16:10.725836,459
CALL-004389,P-00111,P-00110,2026-04-30T19:27:24.725836,81
CALL-004390,P-00366,P-00205,2025-11-01T19:27:08.725836,1629
CALL-004391,P-00566,P-00494,2025-09-24T17:59:22.725836,883
CALL-004392,P-00289,P-00388,2026-06-08T23:06:59.725836,90
CALL-004393,P-00531,P-00337,2025-09-03T04:04:05.725836,1210
CALL-004394,P-00083,P-00172,2025-08-29T11:41:10.725836,1565
CALL-004395,P-00580,P-00161,2025-09-12T05:17:46.725836,649
CALL-004396,P-00413,P-00143,2025-09-07T14:40:24.725836,777
CALL-004397,P-00176,P-00558,2026-03-04T08:43:53.725836,1707
CALL-004398,P-00151,P-00053,2026-07-17T19:30:19.725836,337
CALL-004399,P-00213,P-00451,2026-05-23T23:21:23.725836,1413
CALL-004400,P-00420,P-00313,2025-11-07T01:52:37.725836,1617
CALL-004401,P-00095,P-00179,2025-07-29T01:28:17.725836,1484
CALL-004402,P-00130,P-00233,2026-04-13T19:52:23.725836,925
CALL-004403,P-00115,P-00498,2026-06-15T10:45:25.725836,101
CALL-004404,P-00214,P-00389,2025-07-29T08:24:00.725836,993
CALL-004405,P-00433,P-00459,2026-03-14T01:28:03.725836,485
CALL-004406,P-00292,P-00573,2025-11-03T11:11:13.725836,126
CALL-004407,P-00030,P-00077,2025-11-27T17:06:06.725836,1394
CALL-004408,P-00229,P-00556,2026-05-05T14:11:49.725836,1345
CALL-004409,P-00537,P-00372,2026-04-28T05:28:04.725836,376
CALL-004410,P-00600,P-00090,2025-11-06T19:58:00.725836,232
CALL-004411,P-00139,P-00496,2025-08-05T13:52:57.725836,627
CALL-004412,P-00561,P-00445,2025-09-05T00:38:02.725836,902
CALL-004413,P-00193,P-00040,2026-07-09T06:52:16.725836,390
CALL-004414,P-00555,P-00588,2025-09-04T21:48:42.725836,255
CALL-004415,P-00152,P-00388,2026-06-16T21:18:53.725836,970
CALL-004416,P-00092,P-00186,2026-04-26T17:41:48.725836,1176
CALL-004417,P-00399,P-00323,2026-04-19T21:20:47.725836,804
CALL-004418,P-00437,P-00369,2025-09-23T16:56:08.725836,1192
CALL-004419,P-00065,P-00131,2026-07-17T03:45:51.725836,1351
CALL-004420,P-00306,P-00384,2026-03-13T08:04:22.725836,1760
CALL-004421,P-00367,P-00471,2025-12-03T17:25:31.725836,887
CALL-004422,P-00530,P-00560,2025-12-28T12:10:31.725836,587
CALL-004423,P-00075,P-00289,2026-04-03T18:33:11.725836,1227
CALL-004424,P-00321,P-00208,2026-05-16T04:01:09.725836,805
CALL-004425,P-00169,P-00256,2026-06-12T05:46:55.725836,942
CALL-004426,P-00407,P-00025,2025-08-31T05:49:21.725836,1023
CALL-004427,P-00314,P-00250,2025-11-05T21:47:46.725836,1676
CALL-004428,P-00155,P-00375,2026-02-20T09:03:01.725836,1471
CALL-004429,P-00400,P-00437,2025-07-27T08:26:57.725836,921
CALL-004430,P-00148,P-00215,2025-09-06T14:11:59.725836,1500
CALL-004431,P-00117,P-00382,2026-05-19T17:57:35.725836,790
CALL-004432,P-00323,P-00093,2026-05-31T11:30:54.725836,293
CALL-004433,P-00261,P-00163,2025-12-17T05:10:03.725836,868
CALL-004434,P-00227,P-00145,2026-05-25T16:46:45.725836,136
CALL-004435,P-00504,P-00306,2026-07-17T14:56:35.725836,1447
CALL-004436,P-00062,P-00473,2026-03-10T17:02:04.725836,407
CALL-004437,P-00400,P-00577,2026-07-24T03:32:24.725836,1332
CALL-004438,P-00292,P-00494,2026-03-29T20:24:15.725836,1120
CALL-004439,P-00158,P-00562,2026-01-21T06:58:57.725836,1710
CALL-004440,P-00494,P-00367,2025-12-26T13:47:37.725836,359
CALL-004441,P-00453,P-00561,2026-01-01T00:06:51.725836,372
CALL-004442,P-00287,P-00185,2025-12-23T12:45:11.725836,168
CALL-004443,P-00291,P-00168,2025-12-12T09:31:38.725836,136
CALL-004444,P-00524,P-00422,2026-04-20T02:12:42.725836,1015
CALL-004445,P-00280,P-00527,2026-04-16T06:46:10.725836,1110
CALL-004446,P-00152,P-00151,2025-10-31T15:58:01.725836,179
CALL-004447,P-00256,P-00207,2025-10-27T21:47:56.725836,1632
CALL-004448,P-00307,P-00390,2025-12-23T07:49:29.725836,62
CALL-004449,P-00197,P-00498,2026-07-13T06:59:48.725836,503
CALL-004450,P-00138,P-00566,2025-09-28T00:22:25.725836,1764
CALL-004451,P-00100,P-00237,2025-12-09T19:53:38.725836,1418
CALL-004452,P-00379,P-00258,2026-04-05T04:33:59.725836,347
CALL-004453,P-00101,P-00518,2026-05-28T18:32:22.725836,1084
CALL-004454,P-00245,P-00148,2025-09-08T21:37:20.725836,629
CALL-004455,P-00543,P-00294,2025-11-27T14:21:37.725836,530
CALL-004456,P-00445,P-00399,2026-04-28T03:19:55.725836,1777
CALL-004457,P-00034,P-00491,2025-12-25T17:27:14.725836,704
CALL-004458,P-00353,P-00120,2025-08-17T20:48:12.725836,626
CALL-004459,P-00397,P-00478,2025-08-25T10:03:28.725836,604
CALL-004460,P-00062,P-00208,2026-07-19T23:23:06.725836,749
CALL-004461,P-00302,P-00219,2025-11-11T03:39:15.725836,1721
CALL-004462,P-00488,P-00470,2025-09-22T19:57:16.725836,104
CALL-004463,P-00015,P-00275,2025-08-02T15:48:25.725836,1365
CALL-004464,P-00267,P-00365,2026-02-19T20:38:14.725836,1284
CALL-004465,P-00117,P-00382,2025-12-04T02:11:20.725836,378
CALL-004466,P-00240,P-00401,2026-03-13T05:04:01.725836,1249
CALL-004467,P-00136,P-00148,2025-11-20T09:00:47.725836,1778
CALL-004468,P-00193,P-00439,2026-01-13T21:11:13.725836,435
CALL-004469,P-00430,P-00407,2025-08-20T16:28:08.725836,854
CALL-004470,P-00078,P-00033,2026-01-24T14:46:48.725836,1275
CALL-004471,P-00528,P-00247,2025-07-30T08:36:29.725836,1265
CALL-004472,P-00362,P-00266,2026-07-18T08:14:46.725836,1281
CALL-004473,P-00369,P-00483,2026-03-22T14:25:38.725836,1505
CALL-004474,P-00573,P-00062,2026-03-04T17:39:02.725836,1766
CALL-004475,P-00352,P-00139,2025-09-06T10:36:55.725836,1568
CALL-004476,P-00494,P-00532,2026-05-17T14:00:41.725836,1246
CALL-004477,P-00005,P-00564,2025-09-25T04:59:47.725836,1450
CALL-004478,P-00294,P-00477,2026-05-24T21:46:24.725836,1007
CALL-004479,P-00321,P-00285,2025-10-22T09:44:50.725836,1078
CALL-004480,P-00195,P-00520,2025-08-10T15:46:59.725836,665
CALL-004481,P-00151,P-00194,2025-10-17T12:54:05.725836,319
CALL-004482,P-00469,P-00384,2026-02-27T00:07:58.725836,387
CALL-004483,P-00519,P-00547,2025-09-12T19:27:26.725836,1679
CALL-004484,P-00564,P-00462,2026-02-18T16:49:08.725836,1031
CALL-004485,P-00052,P-00049,2025-09-29T10:18:42.725836,1666
CALL-004486,P-00055,P-00497,2026-01-16T06:11:43.725836,857
CALL-004487,P-00403,P-00108,2026-07-15T22:08:01.725836,1097
CALL-004488,P-00338,P-00551,2025-09-21T06:59:59.725836,1028
CALL-004489,P-00405,P-00312,2026-01-14T10:46:37.725836,616
CALL-004490,P-00041,P-00527,2026-07-14T15:30:33.725836,700
CALL-004491,P-00540,P-00446,2026-03-03T21:49:59.725836,222
CALL-004492,P-00581,P-00145,2025-07-28T05:00:42.725836,1168
CALL-004493,P-00242,P-00482,2025-08-27T20:25:49.725836,1508
CALL-004494,P-00547,P-00245,2026-02-03T03:43:41.725836,1250
CALL-004495,P-00015,P-00111,2026-02-01T21:08:14.725836,391
CALL-004496,P-00440,P-00229,2026-05-27T12:57:11.725836,948
CALL-004497,P-00228,P-00351,2026-04-19T18:47:10.725836,1124
CALL-004498,P-00594,P-00292,2026-07-10T23:56:08.725836,517
CALL-004499,P-00266,P-00246,2026-01-22T11:32:23.725836,320
CALL-004500,P-00384,P-00190,2026-03-09T14:30:27.725836,572
CALL-004501,P-00112,P-00144,2025-09-16T19:34:31.725836,1693
CALL-004502,P-00146,P-00559,2026-04-12T03:59:16.725836,688
CALL-004503,P-00033,P-00180,2026-01-29T04:06:37.725836,568
CALL-004504,P-00269,P-00053,2026-01-03T01:02:07.725836,1446
CALL-004505,P-00402,P-00460,2026-06-18T11:17:53.725836,1595
CALL-004506,P-00475,P-00046,2025-10-22T21:16:59.725836,1271
CALL-004507,P-00448,P-00281,2026-04-30T08:36:45.725836,1143
CALL-004508,P-00426,P-00470,2025-09-02T18:32:30.725836,362
CALL-004509,P-00338,P-00161,2026-03-06T08:43:55.725836,289
CALL-004510,P-00038,P-00215,2026-03-31T07:11:36.725836,118
CALL-004511,P-00382,P-00024,2026-05-04T19:53:29.725836,1319
CALL-004512,P-00527,P-00353,2025-08-17T17:26:26.725836,279
CALL-004513,P-00437,P-00042,2026-01-26T01:20:34.725836,1745
CALL-004514,P-00177,P-00536,2025-08-11T14:26:35.725836,948
CALL-004515,P-00088,P-00165,2026-05-08T07:54:04.725836,1794
CALL-004516,P-00409,P-00026,2026-06-24T22:45:14.725836,634
CALL-004517,P-00598,P-00040,2025-09-13T00:22:06.725836,1628
CALL-004518,P-00168,P-00429,2026-06-19T19:30:39.725836,693
CALL-004519,P-00167,P-00459,2026-03-02T12:04:49.725836,1738
CALL-004520,P-00280,P-00405,2026-07-05T05:31:33.725836,411
CALL-004521,P-00211,P-00286,2026-07-23T01:20:45.725836,927
CALL-004522,P-00477,P-00101,2025-10-15T10:36:18.725836,650
CALL-004523,P-00199,P-00362,2026-06-28T07:32:15.725836,1446
CALL-004524,P-00151,P-00505,2026-05-13T09:41:17.725836,1618
CALL-004525,P-00412,P-00087,2026-01-06T20:54:45.725836,316
CALL-004526,P-00317,P-00393,2026-02-07T07:17:20.725836,1779
CALL-004527,P-00221,P-00455,2026-06-18T07:40:07.725836,195
CALL-004528,P-00568,P-00082,2026-06-07T20:14:31.725836,553
CALL-004529,P-00447,P-00122,2026-05-18T10:26:36.725836,615
CALL-004530,P-00124,P-00114,2025-09-20T08:09:28.725836,511
CALL-004531,P-00350,P-00167,2025-12-05T05:56:24.725836,1179
CALL-004532,P-00573,P-00117,2025-11-24T08:07:19.725836,1558
CALL-004533,P-00295,P-00198,2026-06-01T03:14:38.725836,939
CALL-004534,P-00143,P-00064,2026-05-03T02:30:26.725836,419
CALL-004535,P-00403,P-00273,2026-03-31T16:21:30.725836,722
CALL-004536,P-00319,P-00597,2026-03-10T21:17:11.725836,179
CALL-004537,P-00355,P-00304,2026-04-09T03:14:27.725836,1332
CALL-004538,P-00071,P-00461,2026-01-25T16:37:37.725836,905
CALL-004539,P-00108,P-00170,2025-09-04T03:08:37.725836,879
CALL-004540,P-00400,P-00303,2025-11-08T12:07:36.725836,946
CALL-004541,P-00184,P-00439,2025-08-06T11:20:29.725836,177
CALL-004542,P-00561,P-00046,2025-11-01T13:09:00.725836,978
CALL-004543,P-00204,P-00422,2026-03-10T00:58:11.725836,1320
CALL-004544,P-00392,P-00574,2025-08-19T04:17:36.725836,746
CALL-004545,P-00469,P-00481,2025-12-28T19:02:51.725836,474
CALL-004546,P-00207,P-00566,2025-08-28T23:02:20.725836,671
CALL-004547,P-00234,P-00143,2026-04-07T17:53:55.725836,1085
CALL-004548,P-00492,P-00476,2025-09-28T21:10:03.725836,772
CALL-004549,P-00549,P-00443,2026-04-02T12:32:12.725836,1731
CALL-004550,P-00593,P-00422,2025-08-21T01:01:19.725836,1378
CALL-004551,P-00453,P-00306,2026-02-15T19:11:45.725836,716
CALL-004552,P-00295,P-00564,2026-01-31T11:36:20.725836,468
CALL-004553,P-00539,P-00441,2026-03-12T08:04:31.725836,1739
CALL-004554,P-00263,P-00236,2026-04-05T05:37:42.725836,1086
CALL-004555,P-00499,P-00258,2025-08-11T20:44:05.725836,1466
CALL-004556,P-00491,P-00240,2025-10-01T17:33:11.725836,1683
CALL-004557,P-00546,P-00278,2026-04-26T13:16:00.725836,69
CALL-004558,P-00060,P-00227,2026-03-29T02:09:23.725836,741
CALL-004559,P-00109,P-00195,2026-06-26T13:03:51.725836,587
CALL-004560,P-00297,P-00382,2026-02-18T18:10:09.725836,1530
CALL-004561,P-00254,P-00215,2025-11-28T09:28:28.725836,196
CALL-004562,P-00041,P-00379,2026-01-28T21:51:00.725836,389
CALL-004563,P-00403,P-00466,2025-10-09T02:13:04.725836,1635
CALL-004564,P-00547,P-00420,2026-05-01T02:27:27.725836,1448
CALL-004565,P-00396,P-00463,2025-09-05T18:52:33.725836,1240
CALL-004566,P-00468,P-00108,2026-05-03T05:32:05.725836,400
CALL-004567,P-00448,P-00474,2025-09-21T04:11:23.725836,479
CALL-004568,P-00190,P-00422,2026-02-01T11:24:51.725836,1714
CALL-004569,P-00178,P-00166,2026-01-29T05:04:14.725836,1394
CALL-004570,P-00510,P-00152,2025-10-21T07:05:23.725836,332
CALL-004571,P-00121,P-00429,2026-06-21T09:53:43.725836,1305
CALL-004572,P-00473,P-00346,2026-04-14T10:25:52.725836,1506
CALL-004573,P-00120,P-00569,2026-06-07T13:11:19.725836,1156
CALL-004574,P-00583,P-00363,2025-11-28T21:43:25.725836,1791
CALL-004575,P-00289,P-00272,2026-01-14T12:38:37.725836,793
CALL-004576,P-00424,P-00104,2026-05-11T06:03:53.725836,1281
CALL-004577,P-00302,P-00448,2025-10-02T06:33:38.725836,1775
CALL-004578,P-00453,P-00469,2026-02-20T12:12:23.725836,497
CALL-004579,P-00062,P-00147,2025-11-16T05:39:45.725836,1763
CALL-004580,P-00048,P-00005,2025-11-23T06:24:53.725836,1279
CALL-004581,P-00498,P-00053,2026-02-14T12:13:52.725836,1179
CALL-004582,P-00491,P-00090,2025-12-26T15:15:58.725836,1653
CALL-004583,P-00129,P-00167,2025-09-28T15:49:21.725836,924
CALL-004584,P-00055,P-00047,2026-05-10T02:57:06.725836,368
CALL-004585,P-00444,P-00448,2026-03-05T12:55:59.725836,723
CALL-004586,P-00226,P-00160,2025-10-04T19:39:07.725836,1279
CALL-004587,P-00518,P-00282,2026-04-08T08:42:23.725836,536
CALL-004588,P-00024,P-00582,2025-08-31T01:31:52.725836,1790
CALL-004589,P-00258,P-00101,2025-12-28T10:52:33.725836,897
CALL-004590,P-00130,P-00401,2026-07-16T13:54:13.725836,1168
CALL-004591,P-00397,P-00334,2026-02-11T05:12:20.725836,1685
CALL-004592,P-00438,P-00389,2026-07-04T19:21:09.725836,463
CALL-004593,P-00431,P-00312,2026-07-04T16:02:34.725836,1783
CALL-004594,P-00426,P-00384,2025-08-02T01:30:15.725836,1657
CALL-004595,P-00400,P-00375,2025-12-25T23:21:30.725836,989
CALL-004596,P-00551,P-00360,2026-01-20T15:49:59.725836,758
CALL-004597,P-00334,P-00081,2025-11-14T04:43:15.725836,738
CALL-004598,P-00231,P-00064,2026-06-08T13:39:52.725836,555
CALL-004599,P-00119,P-00058,2026-07-14T15:40:14.725836,1174
CALL-004600,P-00332,P-00218,2026-03-06T09:21:17.725836,1701
CALL-004601,P-00043,P-00056,2026-07-10T16:21:27.725836,554
CALL-004602,P-00267,P-00108,2026-06-29T23:47:49.725836,1140
CALL-004603,P-00350,P-00306,2026-03-02T22:22:48.725836,476
CALL-004604,P-00413,P-00558,2025-10-19T13:19:07.725836,1448
CALL-004605,P-00033,P-00050,2026-05-27T16:12:07.725836,805
CALL-004606,P-00306,P-00491,2026-02-09T02:18:08.725836,1397
CALL-004607,P-00185,P-00216,2026-07-05T18:42:11.725836,1508
CALL-004608,P-00231,P-00498,2026-03-18T02:55:43.725836,295
CALL-004609,P-00151,P-00401,2025-08-05T20:16:55.725836,981
CALL-004610,P-00600,P-00420,2026-03-26T05:54:50.725836,1023
CALL-004611,P-00034,P-00056,2025-12-19T09:42:43.725836,558
CALL-004612,P-00464,P-00564,2026-03-01T03:45:04.725836,1692
CALL-004613,P-00319,P-00159,2026-02-13T10:53:41.725836,311
CALL-004614,P-00580,P-00310,2025-10-24T21:43:19.725836,1205
CALL-004615,P-00518,P-00172,2026-07-06T17:47:20.725836,1575
CALL-004616,P-00521,P-00517,2026-03-31T20:00:06.725836,1057
CALL-004617,P-00327,P-00136,2026-01-28T09:35:38.725836,820
CALL-004618,P-00464,P-00252,2026-07-06T16:50:11.725836,682
CALL-004619,P-00393,P-00593,2026-04-04T10:25:13.725836,1654
CALL-004620,P-00429,P-00087,2025-11-13T20:22:08.725836,1607
CALL-004621,P-00570,P-00242,2025-11-23T10:49:46.725836,296
CALL-004622,P-00568,P-00238,2025-12-07T22:43:15.725836,1391
CALL-004623,P-00158,P-00534,2026-07-24T05:10:40.725836,1649
CALL-004624,P-00481,P-00172,2025-10-12T07:34:34.725836,1748
CALL-004625,P-00509,P-00411,2025-11-29T00:55:58.725836,1305
CALL-004626,P-00383,P-00570,2025-09-20T01:28:36.725836,532
CALL-004627,P-00167,P-00194,2025-09-02T11:01:33.725836,732
CALL-004628,P-00351,P-00576,2025-10-16T05:45:35.725836,1204
CALL-004629,P-00294,P-00053,2025-12-02T12:12:17.725836,760
CALL-004630,P-00197,P-00452,2026-05-05T02:38:35.725836,1053
CALL-004631,P-00582,P-00429,2025-09-04T05:20:18.725836,674
CALL-004632,P-00017,P-00477,2026-05-11T04:30:35.725836,211
CALL-004633,P-00467,P-00516,2026-05-25T11:33:33.725836,1722
CALL-004634,P-00369,P-00202,2025-09-22T03:38:39.725836,1175
CALL-004635,P-00364,P-00397,2026-03-09T08:19:54.725836,736
CALL-004636,P-00271,P-00158,2026-05-17T05:08:07.725836,1269
CALL-004637,P-00183,P-00291,2026-03-22T09:25:30.725836,850
CALL-004638,P-00166,P-00385,2026-03-11T06:50:52.725836,789
CALL-004639,P-00462,P-00090,2026-06-13T10:04:08.725836,365
CALL-004640,P-00558,P-00405,2025-07-31T23:30:05.725836,686
CALL-004641,P-00564,P-00481,2026-07-19T05:24:07.725836,1447
CALL-004642,P-00234,P-00014,2025-11-25T00:17:10.725836,345
CALL-004643,P-00557,P-00489,2026-05-28T19:07:56.725836,736
CALL-004644,P-00213,P-00567,2026-05-05T22:09:12.725836,816
CALL-004645,P-00349,P-00125,2025-08-22T06:19:30.725836,1271
CALL-004646,P-00152,P-00474,2025-12-11T03:54:08.725836,1659
CALL-004647,P-00578,P-00201,2026-01-16T01:04:10.725836,1644
CALL-004648,P-00371,P-00412,2025-10-26T19:19:59.725836,1055
CALL-004649,P-00399,P-00553,2025-12-09T20:01:22.725836,497
CALL-004650,P-00243,P-00356,2026-07-19T04:49:39.725836,731
CALL-004651,P-00310,P-00174,2026-03-24T11:41:57.725836,280
CALL-004652,P-00465,P-00547,2025-10-04T05:44:01.725836,411
CALL-004653,P-00411,P-00568,2025-08-22T20:44:32.725836,494
CALL-004654,P-00279,P-00249,2025-11-24T19:36:17.725836,273
CALL-004655,P-00122,P-00573,2025-11-24T18:59:53.725836,1267
CALL-004656,P-00231,P-00466,2026-06-25T10:24:02.725836,1622
CALL-004657,P-00540,P-00267,2026-07-14T13:12:14.725836,1377
CALL-004658,P-00529,P-00258,2026-03-20T19:30:11.725836,59
CALL-004659,P-00011,P-00278,2026-04-14T00:47:34.725836,91
CALL-004660,P-00199,P-00152,2026-05-06T22:17:27.725836,383
CALL-004661,P-00388,P-00595,2026-02-28T18:16:32.725836,1264
CALL-004662,P-00569,P-00100,2026-04-21T16:40:26.725836,1701
CALL-004663,P-00316,P-00332,2025-12-21T13:28:41.725836,1432
CALL-004664,P-00330,P-00190,2026-06-15T02:01:55.725836,1091
CALL-004665,P-00263,P-00094,2026-03-29T07:53:01.725836,786
CALL-004666,P-00280,P-00528,2026-06-23T04:55:56.725836,1691
CALL-004667,P-00340,P-00230,2026-04-04T11:03:15.725836,6
CALL-004668,P-00143,P-00401,2025-11-19T12:22:10.725836,1386
CALL-004669,P-00229,P-00334,2026-04-28T00:37:45.725836,1487
CALL-004670,P-00365,P-00092,2025-12-13T15:15:15.725836,351
CALL-004671,P-00423,P-00394,2025-10-04T21:27:03.725836,1126
CALL-004672,P-00157,P-00368,2025-10-20T00:19:44.725836,1580
CALL-004673,P-00081,P-00297,2026-01-29T17:03:53.725836,403
CALL-004674,P-00004,P-00312,2026-07-06T06:53:22.725836,925
CALL-004675,P-00485,P-00555,2026-04-04T20:35:58.725836,508
CALL-004676,P-00088,P-00516,2025-10-15T20:44:32.725836,1440
CALL-004677,P-00289,P-00287,2025-08-18T03:20:33.725836,470
CALL-004678,P-00057,P-00099,2025-08-15T11:50:47.725836,413
CALL-004679,P-00054,P-00192,2025-10-04T10:32:22.725836,1623
CALL-004680,P-00342,P-00057,2026-05-13T09:59:41.725836,836
CALL-004681,P-00397,P-00414,2026-04-26T01:54:22.725836,973
CALL-004682,P-00130,P-00220,2026-04-01T02:03:22.725836,1300
CALL-004683,P-00170,P-00545,2025-08-14T14:40:25.725836,463
CALL-004684,P-00367,P-00433,2026-02-24T10:46:51.725836,505
CALL-004685,P-00481,P-00425,2025-09-03T08:01:29.725836,799
CALL-004686,P-00084,P-00134,2025-12-23T00:05:17.725836,1678
CALL-004687,P-00111,P-00113,2026-03-27T05:54:50.725836,1535
CALL-004688,P-00315,P-00589,2026-04-23T05:40:25.725836,1487
CALL-004689,P-00111,P-00412,2026-05-12T02:38:20.725836,1393
CALL-004690,P-00242,P-00238,2026-01-19T15:02:06.725836,1339
CALL-004691,P-00302,P-00315,2025-12-03T23:31:10.725836,1293
CALL-004692,P-00244,P-00380,2026-02-19T14:52:13.725836,468
CALL-004693,P-00071,P-00060,2026-04-28T13:30:35.725836,409
CALL-004694,P-00317,P-00350,2026-02-26T13:49:56.725836,1129
CALL-004695,P-00434,P-00431,2025-09-10T08:42:27.725836,260
CALL-004696,P-00090,P-00581,2025-11-01T12:02:27.725836,586
CALL-004697,P-00100,P-00053,2025-11-22T20:09:59.725836,1155
CALL-004698,P-00427,P-00544,2026-03-24T11:49:23.725836,47
CALL-004699,P-00469,P-00407,2025-12-27T09:32:51.725836,147
CALL-004700,P-00272,P-00261,2026-07-16T12:01:59.725836,1436
CALL-004701,P-00056,P-00400,2025-11-26T12:28:43.725836,1193
CALL-004702,P-00459,P-00161,2026-06-16T15:32:24.725836,8
CALL-004703,P-00573,P-00489,2026-07-17T22:55:55.725836,1395
CALL-004704,P-00244,P-00518,2026-05-26T10:46:56.725836,946
CALL-004705,P-00557,P-00425,2026-05-05T11:31:37.725836,1245
CALL-004706,P-00422,P-00081,2026-04-28T03:09:57.725836,1082
CALL-004707,P-00336,P-00399,2026-03-01T14:12:27.725836,896
CALL-004708,P-00307,P-00560,2026-04-06T19:04:52.725836,583
CALL-004709,P-00340,P-00532,2025-12-25T13:58:50.725836,1501
CALL-004710,P-00554,P-00082,2026-02-15T05:47:50.725836,1011
CALL-004711,P-00489,P-00568,2025-08-04T02:06:11.725836,1316
CALL-004712,P-00325,P-00498,2025-07-29T09:18:24.725836,1459
CALL-004713,P-00117,P-00220,2025-12-04T02:53:03.725836,1142
CALL-004714,P-00337,P-00375,2026-05-24T22:46:42.725836,257
CALL-004715,P-00014,P-00360,2026-07-18T07:59:35.725836,1257
CALL-004716,P-00438,P-00112,2026-06-17T16:55:29.725836,1114
CALL-004717,P-00039,P-00118,2025-12-16T00:55:54.725836,1364
CALL-004718,P-00155,P-00143,2025-11-17T12:52:53.725836,205
CALL-004719,P-00527,P-00494,2025-08-20T10:30:15.725836,740
CALL-004720,P-00155,P-00188,2026-01-26T17:54:56.725836,1723
CALL-004721,P-00496,P-00262,2026-07-07T00:57:36.725836,1503
CALL-004722,P-00305,P-00446,2026-01-26T13:49:54.725836,490
CALL-004723,P-00425,P-00022,2025-07-29T22:49:56.725836,103
CALL-004724,P-00104,P-00034,2025-12-19T13:29:24.725836,815
CALL-004725,P-00078,P-00487,2026-06-03T02:37:22.725836,1406
CALL-004726,P-00117,P-00136,2026-05-28T10:31:20.725836,317
CALL-004727,P-00566,P-00051,2025-11-19T02:24:42.725836,1459
CALL-004728,P-00208,P-00101,2025-12-21T19:47:31.725836,868
CALL-004729,P-00045,P-00499,2025-10-01T06:59:00.725836,1226
CALL-004730,P-00528,P-00362,2025-12-05T16:13:52.725836,399
CALL-004731,P-00337,P-00501,2025-12-08T14:40:07.725836,819
CALL-004732,P-00232,P-00303,2026-06-11T19:52:36.725836,1085
CALL-004733,P-00109,P-00334,2026-01-28T04:05:02.725836,1784
CALL-004734,P-00206,P-00265,2026-07-03T10:37:28.725836,1080
CALL-004735,P-00167,P-00151,2026-07-05T03:53:49.725836,449
CALL-004736,P-00110,P-00195,2026-07-26T10:50:36.725836,1583
CALL-004737,P-00587,P-00053,2026-05-31T06:43:57.725836,14
CALL-004738,P-00090,P-00443,2025-08-06T22:46:17.725836,1185
CALL-004739,P-00571,P-00486,2026-06-05T17:30:55.725836,1335
CALL-004740,P-00086,P-00318,2026-01-23T03:12:49.725836,396
CALL-004741,P-00187,P-00129,2025-08-19T11:29:35.725836,1375
CALL-004742,P-00480,P-00151,2026-03-31T02:41:34.725836,464
CALL-004743,P-00383,P-00232,2025-11-12T19:26:17.725836,220
CALL-004744,P-00569,P-00565,2026-05-13T11:26:35.725836,1533
CALL-004745,P-00263,P-00256,2026-04-21T17:04:21.725836,1482
CALL-004746,P-00058,P-00110,2025-11-05T23:43:43.725836,695
CALL-004747,P-00482,P-00573,2026-01-31T08:37:51.725836,1363
CALL-004748,P-00224,P-00053,2025-08-07T07:19:43.725836,362
CALL-004749,P-00580,P-00439,2025-07-28T02:06:15.725836,116
CALL-004750,P-00452,P-00249,2026-01-28T23:14:53.725836,1355
CALL-004751,P-00444,P-00336,2025-12-18T16:39:26.725836,760
CALL-004752,P-00217,P-00229,2026-05-06T17:23:37.725836,1753
CALL-004753,P-00403,P-00190,2025-10-01T20:32:15.725836,1686
CALL-004754,P-00482,P-00145,2025-12-29T00:43:16.725836,1238
CALL-004755,P-00343,P-00486,2026-05-01T01:42:00.725836,715
CALL-004756,P-00393,P-00048,2026-07-21T12:09:36.725836,1317
CALL-004757,P-00437,P-00439,2025-09-05T04:46:08.725836,1481
CALL-004758,P-00191,P-00023,2025-09-15T08:05:32.725836,1073
CALL-004759,P-00165,P-00073,2025-10-23T19:10:56.725836,357
CALL-004760,P-00281,P-00008,2025-08-26T20:06:59.725836,1490
CALL-004761,P-00302,P-00108,2026-02-11T06:45:16.725836,1270
CALL-004762,P-00453,P-00587,2026-04-03T19:54:17.725836,1407
CALL-004763,P-00060,P-00403,2025-08-31T23:45:10.725836,1636
CALL-004764,P-00367,P-00336,2025-12-11T00:52:45.725836,69
CALL-004765,P-00436,P-00099,2026-05-28T18:24:02.725836,1473
CALL-004766,P-00053,P-00399,2025-11-30T16:27:13.725836,1056
CALL-004767,P-00370,P-00021,2026-04-13T16:53:06.725836,115
CALL-004768,P-00334,P-00310,2026-07-23T16:01:11.725836,1483
CALL-004769,P-00034,P-00598,2026-03-24T09:58:42.725836,1666
CALL-004770,P-00475,P-00162,2026-07-10T16:49:19.725836,1545
CALL-004771,P-00559,P-00002,2026-07-12T07:47:34.725836,1284
CALL-004772,P-00521,P-00372,2026-07-01T12:05:29.725836,295
CALL-004773,P-00564,P-00422,2025-11-15T21:04:16.725836,845
CALL-004774,P-00531,P-00399,2026-07-07T02:41:10.725836,1179
CALL-004775,P-00313,P-00447,2026-03-06T06:39:10.725836,777
CALL-004776,P-00217,P-00143,2026-05-19T17:59:14.725836,572
CALL-004777,P-00194,P-00457,2026-03-02T12:20:47.725836,1245
CALL-004778,P-00344,P-00367,2025-11-17T05:51:45.725836,1205
CALL-004779,P-00429,P-00273,2026-06-27T23:13:00.725836,365
CALL-004780,P-00160,P-00094,2026-01-09T15:39:24.725836,1489
CALL-004781,P-00134,P-00252,2025-11-21T18:00:47.725836,68
CALL-004782,P-00581,P-00412,2026-01-20T18:03:08.725836,1211
CALL-004783,P-00370,P-00470,2025-10-08T15:32:22.725836,875
CALL-004784,P-00468,P-00321,2026-03-18T15:07:22.725836,1172
CALL-004785,P-00107,P-00202,2026-05-14T21:31:39.725836,1522
CALL-004786,P-00413,P-00438,2026-06-01T03:51:26.725836,828
CALL-004787,P-00075,P-00222,2025-12-31T16:23:12.725836,175
CALL-004788,P-00417,P-00580,2026-04-28T18:20:20.725836,841
CALL-004789,P-00056,P-00462,2025-10-12T15:58:49.725836,663
CALL-004790,P-00527,P-00470,2026-05-14T06:49:58.725836,617
CALL-004791,P-00080,P-00143,2026-03-09T14:47:02.725836,1468
CALL-004792,P-00018,P-00299,2025-10-11T15:01:13.725836,181
CALL-004793,P-00491,P-00170,2025-08-08T12:26:26.725836,194
CALL-004794,P-00074,P-00365,2025-12-15T03:36:34.725836,95
CALL-004795,P-00353,P-00462,2026-05-25T13:43:30.725836,1173
CALL-004796,P-00142,P-00334,2026-06-12T13:33:31.725836,1593
CALL-004797,P-00440,P-00424,2026-04-05T21:35:36.725836,560
CALL-004798,P-00364,P-00568,2025-11-06T20:40:15.725836,316
CALL-004799,P-00564,P-00562,2026-06-17T14:06:55.725836,70
CALL-004800,P-00464,P-00557,2026-05-17T08:40:24.725836,1389
