fir_id,crime_type,severity,ward,lat,lng,timestamp,hour,weekday,is_night,is_weekend,is_festival_day,weather,population_density,weapon,suspect_id,station_id,status
FIR-000001,Theft,3,North District,26.91834,75.81601,2026-05-03T20:13:58.257791,20,6,1,1,0,Clear,8200,None,P-00273,PS-002,Under Investigation
FIR-000002,Theft,2,West Sector,26.89571,75.774847,2026-02-28T00:09:58.257791,0,5,1,1,0,Clear,9100,None,P-00483,PS-001,Closed
FIR-000003,Vehicle Theft,1,Industrial Belt,26.84958,75.760425,2025-11-15T20:54:58.257791,20,5,1,1,1,Fog,3100,None,P-00457,PS-007,Under Investigation
FIR-000004,Fraud,2,North District,26.923286,75.82494,2026-07-16T02:22:58.257791,2,3,1,0,0,Clear,8200,None,P-00001,PS-002,Under Investigation
FIR-000005,Extortion,3,Industrial Belt,26.852086,75.774355,2026-06-10T09:38:58.257791,9,2,0,0,0,Clear,3100,Blunt Object,P-00244,PS-003,Cold
FIR-000006,Burglary,2,Old City,26.907097,75.811246,2026-03-03T03:52:58.257791,3,1,1,0,0,Clear,16200,None,P-00258,PS-008,Closed
FIR-000007,Theft,3,South Division,26.88177,75.798049,2025-11-30T08:58:58.257791,8,6,0,1,0,Clear,6400,None,P-00121,PS-003,Chargesheet Filed
FIR-000008,Kidnapping,5,North District,26.923922,75.814085,2026-01-14T08:22:58.257791,8,2,0,0,0,Rain,8200,Firearm,P-00258,PS-006,Chargesheet Filed
FIR-000009,Assault,2,Old City,26.90655,75.802848,2026-05-28T08:58:58.257791,8,3,0,0,0,Clear,16200,Firearm,P-00109,PS-008,Under Investigation
FIR-000010,Theft,2,East Ward,26.90833,75.841171,2026-07-18T07:14:58.257791,7,5,0,1,0,Clear,10800,None,,PS-008,Cold
FIR-000011,Narcotics,3,Riverside,26.88214,75.820686,2025-10-24T02:49:58.257791,2,4,1,0,0,Cloudy,5200,None,P-00143,PS-001,Closed
FIR-000012,Robbery,4,Old City,26.909922,75.816267,2026-06-04T21:18:58.257791,21,3,1,0,0,Rain,16200,Knife,P-00489,PS-008,Closed
FIR-000013,Burglary,3,East Ward,26.894551,75.825073,2025-12-22T13:26:58.257791,13,0,0,0,0,Cloudy,10800,None,P-00159,PS-005,Chargesheet Filed
FIR-000014,Vehicle Theft,1,North District,26.909198,75.811305,2026-04-03T02:51:58.257791,2,4,1,0,0,Clear,8200,None,,PS-003,Cold
FIR-000015,Extortion,4,Old City,26.908253,75.804356,2025-10-08T17:03:58.257791,17,2,0,0,0,Clear,16200,Blunt Object,P-00582,PS-007,Under Investigation
FIR-000016,Robbery,5,Industrial Belt,26.869022,75.777305,2025-12-07T03:29:58.257791,3,6,1,1,0,Clear,3100,Knife,P-00558,PS-005,Under Investigation
FIR-000017,Extortion,4,East Ward,26.9061,75.827023,2025-12-28T02:56:58.257791,2,6,1,1,0,Clear,10800,Blunt Object,,PS-002,Under Investigation
FIR-000018,Assault,4,South Division,26.868264,75.788092,2026-01-03T10:50:58.257791,10,5,0,1,0,Cloudy,6400,Improvised,P-00024,PS-001,Cold
FIR-000019,Burglary,4,South Division,26.866955,75.792901,2025-10-06T13:49:58.257791,13,0,0,0,0,Clear,6400,None,,PS-005,Under Investigation
FIR-000020,Narcotics,4,Riverside,26.879045,75.799304,2025-09-29T06:33:58.257791,6,0,0,0,0,Clear,5200,None,P-00471,PS-002,Under Investigation
FIR-000021,Narcotics,2,North District,26.925771,75.824186,2025-12-22T12:21:58.257791,12,0,0,0,0,Cloudy,8200,None,,PS-001,Chargesheet Filed
FIR-000022,Extortion,5,South Division,26.878454,75.785221,2026-05-10T17:22:58.257791,17,6,0,1,0,Clear,6400,Blunt Object,P-00005,PS-004,Under Investigation
FIR-000023,Burglary,3,North District,26.908592,75.820139,2026-05-31T21:24:58.257791,21,6,1,1,0,Clear,8200,None,P-00103,PS-005,Under Investigation
FIR-000024,Fraud,3,Industrial Belt,26.862812,75.768376,2025-11-24T11:07:58.257791,11,0,0,0,0,Rain,3100,None,,PS-003,Under Investigation
FIR-000025,Assault,5,Old City,26.914531,75.799947,2025-11-26T23:23:58.257791,23,2,1,0,0,Rain,16200,Blunt Object,P-00438,PS-006,Closed
FIR-000026,Assault,2,West Sector,26.889802,75.765883,2026-07-18T21:20:58.257791,21,5,1,1,0,Clear,9100,Firearm,P-00433,PS-001,Closed
FIR-000027,Assault,3,Riverside,26.87923,75.815354,2026-06-09T07:53:58.257791,7,1,0,0,0,Fog,5200,Firearm,P-00119,PS-004,Under Investigation
FIR-000028,Theft,3,Old City,26.920261,75.801143,2026-02-11T09:55:58.257791,9,2,0,0,0,Clear,16200,None,,PS-003,Under Investigation
FIR-000029,Fraud,2,Old City,26.926101,75.80754,2025-12-29T05:55:58.257791,5,0,0,0,0,Fog,16200,None,P-00509,PS-005,Under Investigation
FIR-000030,Assault,2,West Sector,26.883709,75.780589,2026-05-20T05:28:58.257791,5,2,0,0,0,Cloudy,9100,None,P-00478,PS-008,Cold
FIR-000031,Extortion,3,South Division,26.875476,75.787218,2025-11-22T17:41:58.257791,17,5,0,1,0,Clear,6400,None,,PS-001,Closed
FIR-000032,Vehicle Theft,1,North District,26.930165,75.815708,2025-09-02T08:39:58.257791,8,1,0,0,0,Clear,8200,None,,PS-007,Under Investigation
FIR-000033,Assault,4,East Ward,26.898412,75.835812,2026-05-07T00:03:58.257791,0,3,1,0,0,Clear,10800,Knife,P-00399,PS-002,Closed
FIR-000034,Theft,1,East Ward,26.901629,75.827793,2026-07-03T21:04:58.257791,21,4,1,0,0,Clear,10800,None,P-00065,PS-006,Under Investigation
FIR-000035,Theft,2,Old City,26.91502,75.801556,2026-06-20T10:22:58.257791,10,5,0,1,0,Clear,16200,None,,PS-003,Chargesheet Filed
FIR-000036,Theft,3,South Division,26.865157,75.78083,2026-06-12T06:46:58.257791,6,4,0,0,0,Clear,6400,None,P-00445,PS-006,Under Investigation
FIR-000037,Theft,1,Riverside,26.891235,75.799795,2025-12-22T02:15:58.257791,2,0,1,0,0,Rain,5200,None,,PS-005,Under Investigation
FIR-000038,Extortion,4,North District,26.923678,75.808775,2026-07-18T21:28:58.257791,21,5,1,1,0,Cloudy,8200,Firearm,P-00151,PS-001,Under Investigation
FIR-000039,Burglary,2,East Ward,26.912336,75.831533,2026-01-11T15:49:58.257791,15,6,0,1,0,Fog,10800,None,,PS-001,Under Investigation
FIR-000040,Theft,3,North District,26.919491,75.811107,2026-02-25T13:38:58.257791,13,2,0,0,0,Cloudy,8200,None,,PS-002,Under Investigation
FIR-000041,Fraud,1,South Division,26.858515,75.779329,2026-06-24T05:18:58.257791,5,2,0,0,0,Cloudy,6400,None,,PS-004,Closed
FIR-000042,Robbery,4,Riverside,26.886376,75.814691,2026-07-11T15:38:58.257791,15,5,0,1,0,Clear,5200,Improvised,P-00310,PS-003,Under Investigation
FIR-000043,Assault,2,North District,26.913716,75.810208,2026-06-07T05:13:58.257791,5,6,0,1,0,Clear,8200,Improvised,P-00301,PS-001,Cold
FIR-000044,Assault,4,North District,26.909049,75.816392,2025-11-30T18:55:58.257791,18,6,0,1,0,Clear,8200,Knife,,PS-005,Under Investigation
FIR-000045,Burglary,4,West Sector,26.887941,75.779926,2026-06-27T21:33:58.257791,21,5,1,1,0,Clear,9100,None,,PS-004,Under Investigation
FIR-000046,Burglary,3,West Sector,26.890653,75.775994,2026-01-30T11:09:58.257791,11,4,0,0,0,Fog,9100,None,P-00247,PS-007,Chargesheet Filed
FIR-000047,Narcotics,4,East Ward,26.898533,75.835806,2025-12-16T20:04:58.257791,20,1,1,0,0,Fog,10800,None,P-00275,PS-003,Under Investigation
FIR-000048,Theft,2,Central Zone,26.908072,75.794487,2026-03-09T14:39:58.257791,14,0,0,0,0,Cloudy,14500,None,,PS-005,Chargesheet Filed
FIR-000049,Narcotics,3,North District,26.918656,75.813387,2025-12-16T13:15:58.257791,13,1,0,0,0,Cloudy,8200,None,P-00475,PS-007,Closed
FIR-000050,Theft,3,Old City,26.921107,75.801069,2025-08-12T11:39:58.257791,11,1,0,0,0,Clear,16200,None,,PS-005,Chargesheet Filed
FIR-000051,Burglary,3,East Ward,26.911783,75.840286,2025-08-10T04:37:58.257791,4,6,1,1,0,Rain,10800,None,,PS-002,Closed
FIR-000052,Robbery,4,Industrial Belt,26.861742,75.771639,2026-07-09T03:45:58.257791,3,3,1,0,0,Heatwave,3100,Blunt Object,P-00120,PS-008,Chargesheet Filed
FIR-000053,Cybercrime,1,Industrial Belt,26.871971,75.776512,2025-10-01T18:08:58.257791,18,2,0,0,0,Rain,3100,None,P-00429,PS-007,Under Investigation
FIR-000054,Extortion,5,Central Zone,26.888296,75.795365,2025-12-11T15:07:58.257791,15,3,0,0,0,Rain,14500,Firearm,,PS-003,Under Investigation
FIR-000055,Vehicle Theft,3,North District,26.913228,75.809406,2025-07-31T07:53:58.257791,7,3,0,0,0,Heatwave,8200,None,,PS-005,Chargesheet Filed
FIR-000056,Fraud,2,East Ward,26.913857,75.821053,2025-08-28T08:02:58.257791,8,3,0,0,0,Clear,10800,None,,PS-003,Chargesheet Filed
FIR-000057,Robbery,4,East Ward,26.906917,75.819007,2025-11-22T21:32:58.257791,21,5,1,1,0,Clear,10800,None,,PS-005,Cold
FIR-000058,Theft,1,North District,26.909859,75.818652,2026-01-23T11:36:58.257791,11,4,0,0,0,Clear,8200,None,P-00172,PS-004,Under Investigation
FIR-000059,Narcotics,2,West Sector,26.883593,75.777567,2026-07-10T06:55:58.257791,6,4,0,0,0,Cloudy,9100,None,P-00297,PS-006,Closed
FIR-000060,Burglary,2,Industrial Belt,26.869885,75.758613,2026-06-09T18:01:58.257791,18,1,0,0,0,Clear,3100,None,,PS-006,Closed
FIR-000061,Theft,3,Old City,26.903782,75.81043,2026-04-13T12:36:58.257791,12,0,0,0,0,Clear,16200,None,P-00471,PS-002,Cold
FIR-000062,Fraud,3,Industrial Belt,26.858034,75.775593,2025-11-18T12:23:58.257791,12,1,0,0,0,Heatwave,3100,None,,PS-001,Closed
FIR-000063,Narcotics,3,Old City,26.924866,75.800888,2026-04-19T08:11:58.257791,8,6,0,1,0,Clear,16200,None,,PS-006,Under Investigation
FIR-000064,Cybercrime,2,West Sector,26.891685,75.771448,2025-09-24T16:06:58.257791,16,2,0,0,0,Clear,9100,None,P-00265,PS-008,Closed
FIR-000065,Kidnapping,4,South Division,26.876635,75.787783,2026-02-26T01:27:58.257791,1,3,1,0,0,Rain,6400,Knife,,PS-005,Chargesheet Filed
FIR-000066,Kidnapping,5,West Sector,26.898183,75.781543,2025-09-24T20:17:58.257791,20,2,1,0,0,Clear,9100,Blunt Object,,PS-001,Under Investigation
FIR-000067,Theft,1,South Division,26.878013,75.778574,2026-05-06T16:50:58.257791,16,2,0,0,0,Cloudy,6400,None,P-00065,PS-003,Closed
FIR-000068,Fraud,1,East Ward,26.910088,75.820857,2026-02-10T07:13:58.257791,7,1,0,0,0,Clear,10800,None,,PS-006,Closed
FIR-000069,Cybercrime,2,East Ward,26.90814,75.835777,2025-08-18T20:38:58.257791,20,0,1,0,0,Fog,10800,None,P-00555,PS-008,Chargesheet Filed
FIR-000070,Theft,3,Old City,26.911877,75.808586,2026-05-24T09:56:58.257791,9,6,0,1,0,Clear,16200,None,P-00321,PS-003,Closed
FIR-000071,Theft,3,East Ward,26.914535,75.831916,2025-09-14T01:10:58.257791,1,6,1,1,0,Cloudy,10800,None,,PS-007,Under Investigation
FIR-000072,Fraud,3,West Sector,26.888056,75.775459,2025-10-25T21:53:58.257791,21,5,1,1,0,Rain,9100,None,,PS-006,Under Investigation
FIR-000073,Burglary,2,Central Zone,26.894923,75.810025,2025-09-25T03:08:58.257791,3,3,1,0,0,Cloudy,14500,None,,PS-002,Cold
FIR-000074,Assault,3,Old City,26.903656,75.814661,2025-10-06T21:04:58.257791,21,0,1,0,0,Cloudy,16200,Improvised,,PS-004,Under Investigation
FIR-000075,Cybercrime,2,Riverside,26.88557,75.810501,2025-08-09T05:04:58.257791,5,5,0,1,0,Clear,5200,None,,PS-005,Cold
FIR-000076,Theft,1,Old City,26.926834,75.810559,2025-09-26T08:47:58.257791,8,4,0,0,0,Clear,16200,None,P-00258,PS-002,Chargesheet Filed
FIR-000077,Burglary,4,Central Zone,26.905653,75.80413,2025-09-03T04:01:58.257791,4,2,1,0,0,Cloudy,14500,None,P-00491,PS-006,Chargesheet Filed
FIR-000078,Theft,3,North District,26.923867,75.829062,2025-09-16T16:41:58.257791,16,1,0,0,0,Cloudy,8200,None,P-00463,PS-001,Under Investigation
FIR-000079,Theft,1,East Ward,26.910605,75.824782,2025-11-16T15:03:58.257791,15,6,0,1,0,Clear,10800,None,P-00081,PS-004,Under Investigation
FIR-000080,Theft,3,North District,26.914314,75.817127,2026-05-08T13:04:58.257791,13,4,0,0,0,Rain,8200,None,,PS-006,Closed
FIR-000081,Burglary,3,East Ward,26.904765,75.833121,2025-10-27T03:44:58.257791,3,0,1,0,0,Clear,10800,None,,PS-008,Under Investigation
FIR-000082,Fraud,1,Central Zone,26.892229,75.810952,2025-12-21T07:19:58.257791,7,6,0,1,0,Clear,14500,None,,PS-006,Closed
FIR-000083,Theft,2,Old City,26.90943,75.798163,2026-03-31T09:29:58.257791,9,1,0,0,0,Clear,16200,None,,PS-007,Under Investigation
FIR-000084,Fraud,2,Old City,26.912568,75.814897,2025-12-07T15:11:58.257791,15,6,0,1,0,Clear,16200,None,P-00531,PS-004,Under Investigation
FIR-000085,Extortion,5,Riverside,26.872949,75.813007,2025-12-31T08:17:58.257791,8,2,0,0,0,Clear,5200,Improvised,,PS-006,Under Investigation
FIR-000086,Burglary,3,East Ward,26.911404,75.831269,2025-08-06T05:56:58.257791,5,2,0,0,0,Rain,10800,None,,PS-004,Under Investigation
FIR-000087,Burglary,2,Central Zone,26.909856,75.795956,2025-10-15T11:16:58.257791,11,2,0,0,1,Fog,14500,None,P-00538,PS-004,Cold
FIR-000088,Fraud,1,North District,26.911767,75.815235,2025-08-06T09:57:58.257791,9,2,0,0,0,Cloudy,8200,None,P-00561,PS-004,Under Investigation
FIR-000089,Fraud,2,Old City,26.923688,75.794837,2026-02-05T14:16:58.257791,14,3,0,0,0,Clear,16200,None,P-00504,PS-007,Under Investigation
FIR-000090,Fraud,2,Old City,26.907663,75.807537,2026-04-30T13:49:58.257791,13,3,0,0,0,Clear,16200,None,P-00238,PS-007,Closed
FIR-000091,Cybercrime,3,North District,26.919314,75.81499,2025-12-14T08:03:58.257791,8,6,0,1,0,Clear,8200,None,P-00297,PS-005,Closed
FIR-000092,Kidnapping,5,Industrial Belt,26.870835,75.776305,2026-04-26T10:06:58.257791,10,6,0,1,0,Clear,3100,Blunt Object,,PS-004,Closed
FIR-000093,Theft,2,North District,26.915978,75.827432,2025-11-22T08:14:58.257791,8,5,0,1,0,Cloudy,8200,None,,PS-002,Closed
FIR-000094,Robbery,4,Central Zone,26.900562,75.808152,2026-04-03T12:06:58.257791,12,4,0,0,0,Clear,14500,None,,PS-008,Under Investigation
FIR-000095,Robbery,4,West Sector,26.903914,75.769435,2026-01-14T21:53:58.257791,21,2,1,0,0,Clear,9100,Blunt Object,P-00419,PS-008,Under Investigation
FIR-000096,Robbery,5,East Ward,26.916826,75.819954,2026-01-07T08:36:58.257791,8,2,0,0,0,Cloudy,10800,None,P-00501,PS-007,Under Investigation
FIR-000097,Assault,2,North District,26.908937,75.81818,2026-04-19T16:58:58.257791,16,6,0,1,0,Clear,8200,Improvised,P-00580,PS-008,Under Investigation
FIR-000098,Assault,4,Riverside,26.885279,75.819125,2026-02-26T05:51:58.257791,5,3,0,0,0,Clear,5200,Improvised,P-00238,PS-006,Closed
FIR-000099,Fraud,3,Central Zone,26.89691,75.802508,2025-12-22T10:34:58.257791,10,0,0,0,0,Clear,14500,None,P-00155,PS-006,Cold
FIR-000100,Assault,4,Old City,26.912991,75.796608,2025-10-03T23:24:58.257791,23,4,1,0,0,Rain,16200,Firearm,P-00005,PS-004,Under Investigation
FIR-000101,Assault,3,North District,26.909603,75.823272,2026-03-18T03:57:58.257791,3,2,1,0,0,Clear,8200,Firearm,,PS-001,Cold
FIR-000102,Fraud,2,Central Zone,26.910423,75.801467,2026-03-02T12:37:58.257791,12,0,0,0,0,Clear,14500,None,,PS-004,Under Investigation
FIR-000103,Theft,3,Central Zone,26.902096,75.806385,2025-11-14T02:02:58.257791,2,4,1,0,0,Clear,14500,None,P-00561,PS-005,Cold
FIR-000104,Theft,1,Old City,26.926738,75.795192,2026-06-07T15:49:58.257791,15,6,0,1,0,Cloudy,16200,None,,PS-003,Under Investigation
FIR-000105,Theft,3,South Division,26.877374,75.78821,2025-07-27T03:55:58.257791,3,6,1,1,0,Fog,6400,None,P-00227,PS-002,Under Investigation
FIR-000106,Narcotics,3,West Sector,26.895736,75.784199,2026-02-09T16:21:58.257791,16,0,0,0,0,Clear,9100,None,,PS-003,Cold
FIR-000107,Assault,4,Riverside,26.884449,75.81139,2026-07-25T22:44:58.257791,22,5,1,1,0,Clear,5200,Knife,P-00256,PS-001,Chargesheet Filed
FIR-000108,Vehicle Theft,1,Riverside,26.877179,75.802296,2026-07-05T05:37:58.257791,5,6,0,1,0,Clear,5200,None,,PS-001,Under Investigation
FIR-000109,Theft,2,West Sector,26.904979,75.775067,2025-11-02T18:28:58.257791,18,6,0,1,0,Clear,9100,None,P-00202,PS-001,Closed
FIR-000110,Burglary,2,East Ward,26.916307,75.83776,2026-02-14T19:35:58.257791,19,5,0,1,0,Rain,10800,None,,PS-008,Cold
FIR-000111,Vehicle Theft,3,East Ward,26.912378,75.818917,2026-04-03T23:21:58.257791,23,4,1,0,0,Rain,10800,None,P-00517,PS-003,Chargesheet Filed
FIR-000112,Burglary,3,Central Zone,26.903299,75.789496,2025-10-01T20:17:58.257791,20,2,1,0,0,Rain,14500,None,P-00405,PS-005,Cold
FIR-000113,Fraud,2,Central Zone,26.909546,75.792061,2026-06-06T16:52:58.257791,16,5,0,1,0,Clear,14500,None,,PS-006,Closed
FIR-000114,Theft,1,Industrial Belt,26.867801,75.770037,2026-02-18T07:44:58.257791,7,2,0,0,0,Cloudy,3100,None,,PS-002,Under Investigation
FIR-000115,Theft,3,North District,26.928211,75.830586,2026-06-03T00:35:58.257791,0,2,1,0,0,Cloudy,8200,None,P-00419,PS-006,Under Investigation
FIR-000116,Theft,1,South Division,26.86238,75.780074,2026-07-17T20:27:58.257791,20,4,1,0,0,Fog,6400,None,P-00461,PS-001,Chargesheet Filed
FIR-000117,Fraud,1,Old City,26.910387,75.809341,2025-11-15T14:14:58.257791,14,5,0,1,1,Cloudy,16200,None,,PS-004,Chargesheet Filed
FIR-000118,Theft,1,Old City,26.916561,75.802936,2025-12-31T19:15:58.257791,19,2,0,0,0,Rain,16200,None,,PS-005,Chargesheet Filed
FIR-000119,Theft,2,Central Zone,26.901889,75.796373,2025-12-25T02:35:58.257791,2,3,1,0,0,Clear,14500,None,,PS-008,Chargesheet Filed
FIR-000120,Theft,3,Old City,26.908056,75.809852,2025-10-21T19:44:58.257791,19,1,0,0,0,Cloudy,16200,None,P-00582,PS-005,Under Investigation
FIR-000121,Burglary,4,Old City,26.921562,75.799197,2026-04-10T11:44:58.257791,11,4,0,0,0,Rain,16200,None,P-00034,PS-002,Closed
FIR-000122,Burglary,3,East Ward,26.908799,75.839631,2026-03-26T22:20:58.257791,22,3,1,0,0,Cloudy,10800,None,P-00094,PS-006,Chargesheet Filed
FIR-000123,Extortion,3,North District,26.929916,75.815351,2026-02-27T09:12:58.257791,9,4,0,0,0,Clear,8200,None,P-00139,PS-008,Chargesheet Filed
FIR-000124,Vehicle Theft,1,South Division,26.864062,75.786957,2026-05-17T16:18:58.257791,16,6,0,1,0,Rain,6400,None,P-00482,PS-007,Under Investigation
FIR-000125,Narcotics,4,Industrial Belt,26.857618,75.758685,2025-11-23T09:57:58.257791,9,6,0,1,0,Clear,3100,None,P-00226,PS-004,Cold
FIR-000126,Cybercrime,1,East Ward,26.900423,75.83638,2025-10-05T22:33:58.257791,22,6,1,1,0,Clear,10800,None,,PS-008,Under Investigation
FIR-000127,Burglary,2,South Division,26.86243,75.798586,2026-06-28T22:03:58.257791,22,6,1,1,0,Fog,6400,None,P-00528,PS-004,Under Investigation
FIR-000128,Theft,3,East Ward,26.909483,75.834771,2026-02-02T18:21:58.257791,18,0,0,0,0,Clear,10800,None,,PS-007,Chargesheet Filed
FIR-000129,Cybercrime,2,Old City,26.921558,75.814553,2025-09-14T05:59:58.257791,5,6,0,1,0,Clear,16200,None,,PS-007,Closed
FIR-000130,Vehicle Theft,1,East Ward,26.914254,75.822276,2026-01-20T09:33:58.257791,9,1,0,0,0,Rain,10800,None,P-00265,PS-006,Closed
FIR-000131,Theft,2,North District,26.912511,75.81307,2026-05-29T06:49:58.257791,6,4,0,0,0,Clear,8200,None,P-00245,PS-007,Closed
FIR-000132,Assault,4,South Division,26.881004,75.788122,2025-12-19T03:15:58.257791,3,4,1,0,0,Cloudy,6400,Improvised,P-00483,PS-002,Closed
FIR-000133,Assault,2,North District,26.911861,75.81109,2026-07-13T16:57:58.257791,16,0,0,0,0,Cloudy,8200,Blunt Object,P-00489,PS-001,Closed
FIR-000134,Assault,2,Industrial Belt,26.862487,75.777258,2026-02-17T07:40:58.257791,7,1,0,0,0,Clear,3100,Blunt Object,P-00275,PS-006,Chargesheet Filed
FIR-000135,Assault,2,Industrial Belt,26.851609,75.766091,2025-09-21T23:18:58.257791,23,6,1,1,0,Cloudy,3100,Improvised,,PS-005,Under Investigation
FIR-000136,Theft,2,Old City,26.914046,75.794202,2026-03-16T06:54:58.257791,6,0,0,0,0,Cloudy,16200,None,,PS-006,Under Investigation
FIR-000137,Burglary,3,West Sector,26.88342,75.770791,2025-12-24T18:25:58.257791,18,2,0,0,0,Clear,9100,None,,PS-002,Under Investigation
FIR-000138,Theft,3,North District,26.911471,75.819843,2026-02-14T01:02:58.257791,1,5,1,1,0,Clear,8200,None,,PS-006,Cold
FIR-000139,Assault,2,Old City,26.910838,75.793919,2025-11-28T17:43:58.257791,17,4,0,0,0,Cloudy,16200,None,,PS-007,Closed
FIR-000140,Theft,1,Old City,26.925809,75.799165,2026-01-15T14:38:58.257791,14,3,0,0,1,Clear,16200,None,,PS-002,Chargesheet Filed
FIR-000141,Burglary,4,South Division,26.87094,75.797049,2025-09-24T00:27:58.257791,0,2,1,0,0,Clear,6400,None,,PS-001,Under Investigation
FIR-000142,Burglary,4,South Division,26.874115,75.792511,2026-03-07T02:38:58.257791,2,5,1,1,0,Cloudy,6400,None,,PS-005,Under Investigation
FIR-000143,Theft,3,West Sector,26.901966,75.778237,2025-08-05T07:33:58.257791,7,1,0,0,0,Clear,9100,None,P-00161,PS-001,Chargesheet Filed
FIR-000144,Narcotics,4,Central Zone,26.898098,75.802286,2026-06-05T03:37:58.257791,3,4,1,0,0,Rain,14500,None,P-00353,PS-001,Under Investigation
FIR-000145,Assault,3,West Sector,26.899152,75.769137,2026-03-10T22:20:58.257791,22,1,1,0,0,Fog,9100,None,P-00429,PS-008,Closed
FIR-000146,Burglary,3,West Sector,26.893836,75.774217,2025-11-10T17:24:58.257791,17,0,0,0,0,Clear,9100,None,P-00437,PS-003,Closed
FIR-000147,Vehicle Theft,2,East Ward,26.916752,75.827007,2026-02-23T18:39:58.257791,18,0,0,0,0,Heatwave,10800,None,P-00278,PS-002,Under Investigation
FIR-000148,Theft,3,Central Zone,26.911494,75.801202,2025-09-21T12:09:58.257791,12,6,0,1,0,Clear,14500,None,P-00159,PS-007,Cold
FIR-000149,Fraud,3,Central Zone,26.906282,75.795627,2026-01-28T13:57:58.257791,13,2,0,0,0,Cloudy,14500,None,P-00285,PS-004,Chargesheet Filed
FIR-000150,Burglary,2,South Division,26.867601,75.77808,2026-03-21T03:43:58.257791,3,5,1,1,0,Fog,6400,None,,PS-008,Closed
FIR-000151,Cybercrime,2,Old City,26.907533,75.793697,2025-09-15T06:28:58.257791,6,0,0,0,1,Cloudy,16200,None,P-00453,PS-002,Closed
FIR-000152,Assault,5,Old City,26.919425,75.815844,2025-08-07T04:30:58.257791,4,3,1,0,0,Clear,16200,Blunt Object,P-00445,PS-004,Chargesheet Filed
FIR-000153,Vehicle Theft,3,Central Zone,26.910113,75.795745,2026-01-31T17:46:58.257791,17,5,0,1,0,Clear,14500,None,P-00024,PS-004,Closed
FIR-000154,Narcotics,3,South Division,26.870005,75.780668,2026-07-12T13:19:58.257791,13,6,0,1,0,Heatwave,6400,None,,PS-006,Chargesheet Filed
FIR-000155,Theft,1,Industrial Belt,26.864369,75.767752,2025-11-29T08:37:58.257791,8,5,0,1,0,Heatwave,3100,None,P-00352,PS-007,Under Investigation
FIR-000156,Fraud,3,South Division,26.881741,75.795154,2025-12-07T16:25:58.257791,16,6,0,1,0,Clear,6400,None,P-00528,PS-001,Under Investigation
FIR-000157,Vehicle Theft,3,West Sector,26.893561,75.781898,2025-08-16T05:16:58.257791,5,5,0,1,0,Rain,9100,None,P-00194,PS-002,Chargesheet Filed
FIR-000158,Narcotics,2,West Sector,26.889348,75.770921,2026-06-28T04:00:58.257791,4,6,1,1,0,Fog,9100,None,,PS-008,Chargesheet Filed
FIR-000159,Assault,5,South Division,26.874789,75.791638,2025-11-29T02:12:58.257791,2,5,1,1,0,Clear,6400,Knife,,PS-003,Closed
FIR-000160,Burglary,4,North District,26.911799,75.823213,2026-02-01T12:14:58.257791,12,6,0,1,0,Rain,8200,None,P-00321,PS-005,Under Investigation
FIR-000161,Burglary,4,Old City,26.90847,75.813422,2025-09-29T22:29:58.257791,22,0,1,0,0,Clear,16200,None,,PS-003,Closed
FIR-000162,Vehicle Theft,3,Central Zone,26.9096,75.811338,2026-04-13T17:46:58.257791,17,0,0,0,0,Heatwave,14500,None,,PS-006,Closed
FIR-000163,Vehicle Theft,2,West Sector,26.904531,75.763342,2026-04-01T14:01:58.257791,14,2,0,0,0,Fog,9100,None,,PS-006,Under Investigation
FIR-000164,Narcotics,4,Central Zone,26.892727,75.799971,2025-10-11T02:29:58.257791,2,5,1,1,0,Rain,14500,None,,PS-001,Chargesheet Filed
FIR-000165,Vehicle Theft,2,Riverside,26.883034,75.820849,2026-04-21T01:38:58.257791,1,1,1,0,0,Clear,5200,None,P-00202,PS-002,Cold
FIR-000166,Fraud,1,North District,26.924553,75.823619,2026-05-13T10:06:58.257791,10,2,0,0,0,Clear,8200,None,P-00491,PS-008,Under Investigation
FIR-000167,Theft,1,Industrial Belt,26.869747,75.761181,2025-12-10T11:08:58.257791,11,2,0,0,0,Clear,3100,None,P-00155,PS-004,Under Investigation
FIR-000168,Fraud,2,Old City,26.92196,75.794753,2026-03-28T07:57:58.257791,7,5,0,1,0,Cloudy,16200,None,P-00326,PS-002,Closed
FIR-000169,Robbery,5,North District,26.918314,75.82972,2026-05-24T00:29:58.257791,0,6,1,1,0,Cloudy,8200,Blunt Object,,PS-004,Closed
FIR-000170,Vehicle Theft,2,East Ward,26.908147,75.825887,2026-03-16T18:07:58.257791,18,0,0,0,0,Rain,10800,None,P-00214,PS-005,Under Investigation
FIR-000171,Burglary,3,East Ward,26.895675,75.836159,2026-01-17T02:34:58.257791,2,5,1,1,0,Cloudy,10800,None,P-00005,PS-006,Chargesheet Filed
FIR-000172,Assault,4,South Division,26.86027,75.798689,2026-04-05T23:02:58.257791,23,6,1,1,0,Clear,6400,Improvised,P-00489,PS-003,Under Investigation
FIR-000173,Burglary,4,North District,26.919325,75.824434,2025-11-22T00:10:58.257791,0,5,1,1,0,Cloudy,8200,None,,PS-004,Closed
FIR-000174,Theft,1,Central Zone,26.902643,75.791771,2025-10-15T00:40:58.257791,0,2,1,0,1,Clear,14500,None,,PS-008,Closed
FIR-000175,Extortion,4,Old City,26.911899,75.80035,2025-12-11T01:50:58.257791,1,3,1,0,0,Clear,16200,Firearm,,PS-008,Under Investigation
FIR-000176,Theft,2,East Ward,26.901487,75.837329,2026-02-24T18:39:58.257791,18,1,0,0,0,Fog,10800,None,,PS-005,Under Investigation
FIR-000177,Narcotics,2,Old City,26.910724,75.811982,2025-11-10T15:36:58.257791,15,0,0,0,0,Clear,16200,None,P-00419,PS-004,Chargesheet Filed
FIR-000178,Burglary,4,East Ward,26.904512,75.83531,2026-03-09T01:57:58.257791,1,0,1,0,0,Clear,10800,None,P-00048,PS-007,Closed
FIR-000179,Vehicle Theft,1,Industrial Belt,26.850435,75.773351,2026-04-02T01:08:58.257791,1,3,1,0,0,Heatwave,3100,None,P-00273,PS-008,Cold
FIR-000180,Fraud,2,North District,26.927783,75.828975,2025-10-03T16:55:58.257791,16,4,0,0,0,Clear,8200,None,,PS-004,Closed
FIR-000181,Burglary,4,South Division,26.877615,75.79455,2026-01-10T12:25:58.257791,12,5,0,1,0,Rain,6400,None,P-00561,PS-002,Chargesheet Filed
FIR-000182,Fraud,1,Old City,26.907419,75.80424,2026-01-03T05:48:58.257791,5,5,0,1,0,Rain,16200,None,P-00244,PS-004,Closed
FIR-000183,Theft,3,Old City,26.912859,75.802511,2025-12-04T13:38:58.257791,13,3,0,0,0,Fog,16200,None,P-00053,PS-001,Cold
FIR-000184,Cybercrime,2,South Division,26.876963,75.789808,2025-08-04T12:18:58.257791,12,0,0,0,0,Heatwave,6400,None,,PS-002,Chargesheet Filed
FIR-000185,Assault,2,East Ward,26.906774,75.829243,2026-05-07T21:25:58.257791,21,3,1,0,0,Clear,10800,Knife,,PS-002,Chargesheet Filed
FIR-000186,Kidnapping,4,South Division,26.873611,75.779753,2025-12-15T08:19:58.257791,8,0,0,0,1,Fog,6400,Firearm,,PS-008,Closed
FIR-000187,Theft,2,Old City,26.903453,75.798406,2026-03-04T18:16:58.257791,18,2,0,0,0,Cloudy,16200,None,P-00193,PS-004,Closed
FIR-000188,Fraud,3,Old City,26.925209,75.814438,2026-04-25T08:32:58.257791,8,5,0,1,0,Cloudy,16200,None,,PS-003,Under Investigation
FIR-000189,Vehicle Theft,1,Central Zone,26.906707,75.800962,2025-12-30T22:57:58.257791,22,1,1,0,0,Clear,14500,None,,PS-006,Chargesheet Filed
FIR-000190,Assault,4,Industrial Belt,26.853591,75.780077,2026-06-28T00:03:58.257791,0,6,1,1,0,Clear,3100,None,,PS-003,Chargesheet Filed
FIR-000191,Fraud,3,Industrial Belt,26.853006,75.759181,2025-09-28T05:52:58.257791,5,6,0,1,0,Clear,3100,None,P-00148,PS-004,Chargesheet Filed
FIR-000192,Robbery,5,East Ward,26.895921,75.836159,2025-09-27T20:02:58.257791,20,5,1,1,0,Cloudy,10800,Improvised,P-00372,PS-006,Chargesheet Filed
FIR-000193,Burglary,3,West Sector,26.89521,75.785678,2025-10-31T23:56:58.257791,23,4,1,0,0,Rain,9100,None,P-00280,PS-007,Under Investigation
FIR-000194,Robbery,5,Riverside,26.875217,75.821993,2026-01-24T05:10:58.257791,5,5,0,1,0,Rain,5200,Blunt Object,P-00467,PS-008,Under Investigation
FIR-000195,Burglary,4,Industrial Belt,26.848223,75.770447,2026-06-23T03:53:58.257791,3,1,1,0,0,Clear,3100,None,P-00352,PS-001,Under Investigation
FIR-000196,Fraud,2,Old City,26.907138,75.815471,2026-06-30T03:14:58.257791,3,1,1,0,0,Cloudy,16200,None,,PS-003,Under Investigation
FIR-000197,Assault,4,Industrial Belt,26.869816,75.764364,2025-10-17T18:22:58.257791,18,4,0,0,0,Clear,3100,None,P-00566,PS-006,Under Investigation
FIR-000198,Fraud,3,South Division,26.870605,75.781796,2025-10-08T06:53:58.257791,6,2,0,0,0,Cloudy,6400,None,P-00161,PS-002,Under Investigation
FIR-000199,Vehicle Theft,1,North District,26.928566,75.827426,2026-03-27T08:17:58.257791,8,4,0,0,0,Fog,8200,None,P-00353,PS-008,Chargesheet Filed
FIR-000200,Fraud,3,Central Zone,26.890314,75.799827,2026-01-08T15:25:58.257791,15,3,0,0,0,Clear,14500,None,,PS-004,Under Investigation
FIR-000201,Theft,2,South Division,26.864775,75.79276,2025-10-08T01:33:58.257791,1,2,1,0,0,Clear,6400,None,P-00190,PS-003,Chargesheet Filed
FIR-000202,Robbery,4,West Sector,26.901237,75.766161,2026-07-25T08:33:58.257791,8,5,0,1,0,Cloudy,9100,Knife,P-00477,PS-001,Chargesheet Filed
FIR-000203,Theft,1,Old City,26.918231,75.813049,2026-06-14T19:41:58.257791,19,6,0,1,0,Clear,16200,None,P-00292,PS-006,Under Investigation
FIR-000204,Cybercrime,2,South Division,26.86885,75.783156,2026-01-19T00:31:58.257791,0,0,1,0,0,Fog,6400,None,,PS-008,Under Investigation
FIR-000205,Burglary,3,Central Zone,26.907368,75.799697,2026-04-16T04:12:58.257791,4,3,1,0,0,Heatwave,14500,None,P-00477,PS-002,Closed
FIR-000206,Assault,2,West Sector,26.906154,75.766029,2026-04-18T01:55:58.257791,1,5,1,1,0,Rain,9100,None,P-00338,PS-002,Closed
FIR-000207,Kidnapping,4,Central Zone,26.911191,75.81132,2026-01-20T03:19:58.257791,3,1,1,0,0,Clear,14500,Improvised,P-00593,PS-004,Under Investigation
FIR-000208,Assault,3,Old City,26.916509,75.805733,2025-08-04T00:37:58.257791,0,0,1,0,0,Rain,16200,Firearm,P-00400,PS-004,Closed
FIR-000209,Theft,3,Industrial Belt,26.868615,75.76343,2025-10-20T05:01:58.257791,5,0,0,0,0,Clear,3100,None,,PS-003,Closed
FIR-000210,Cybercrime,2,Industrial Belt,26.855116,75.779623,2026-03-01T00:08:58.257791,0,6,1,1,0,Clear,3100,None,,PS-008,Closed
FIR-000211,Fraud,2,Central Zone,26.89301,75.805603,2025-12-26T17:55:58.257791,17,4,0,0,0,Clear,14500,None,,PS-002,Under Investigation
FIR-000212,Cybercrime,1,West Sector,26.89239,75.766827,2025-10-08T09:43:58.257791,9,2,0,0,0,Clear,9100,None,P-00439,PS-004,Under Investigation
FIR-000213,Theft,3,West Sector,26.897062,75.779136,2025-11-19T01:59:58.257791,1,2,1,0,0,Fog,9100,None,P-00109,PS-005,Chargesheet Filed
FIR-000214,Fraud,3,North District,26.919307,75.82385,2025-09-25T10:10:58.257791,10,3,0,0,0,Cloudy,8200,None,P-00103,PS-008,Under Investigation
FIR-000215,Narcotics,2,Riverside,26.883046,75.808222,2026-01-17T01:53:58.257791,1,5,1,1,0,Clear,5200,None,P-00509,PS-008,Chargesheet Filed
FIR-000216,Vehicle Theft,2,Central Zone,26.893791,75.808399,2025-09-16T20:37:58.257791,20,1,1,0,0,Cloudy,14500,None,P-00501,PS-007,Under Investigation
FIR-000217,Burglary,4,East Ward,26.900892,75.834007,2025-12-17T17:37:58.257791,17,2,0,0,0,Clear,10800,None,P-00263,PS-002,Under Investigation
FIR-000218,Assault,4,Old City,26.905495,75.811742,2026-04-01T01:28:58.257791,1,2,1,0,0,Cloudy,16200,Improvised,,PS-007,Closed
FIR-000219,Vehicle Theft,3,Riverside,26.890898,75.811815,2026-07-03T05:53:58.257791,5,4,0,0,0,Cloudy,5200,None,P-00557,PS-004,Under Investigation
FIR-000220,Fraud,2,Old City,26.91853,75.803566,2026-06-01T07:43:58.257791,7,0,0,0,0,Clear,16200,None,P-00396,PS-001,Cold
FIR-000221,Extortion,3,Old City,26.916606,75.793579,2026-06-13T17:40:58.257791,17,5,0,1,0,Clear,16200,None,,PS-005,Cold
FIR-000222,Burglary,2,Old City,26.909639,75.811809,2026-03-17T02:13:58.257791,2,1,1,0,0,Rain,16200,None,P-00495,PS-005,Chargesheet Filed
FIR-000223,Robbery,4,Central Zone,26.906743,75.792129,2026-05-08T11:32:58.257791,11,4,0,0,0,Clear,14500,Firearm,P-00081,PS-006,Closed
FIR-000224,Narcotics,2,Old City,26.918347,75.80051,2025-11-20T04:44:58.257791,4,3,1,0,0,Clear,16200,None,P-00139,PS-007,Under Investigation
FIR-000225,Cybercrime,1,Riverside,26.891023,75.805746,2026-04-01T05:12:58.257791,5,2,0,0,0,Rain,5200,None,P-00433,PS-005,Cold
FIR-000226,Theft,3,Old City,26.919695,75.797767,2026-05-09T03:39:58.257791,3,5,1,1,0,Cloudy,16200,None,P-00445,PS-007,Chargesheet Filed
FIR-000227,Cybercrime,1,Central Zone,26.90828,75.805671,2026-01-17T11:13:58.257791,11,5,0,1,0,Clear,14500,None,,PS-005,Closed
FIR-000228,Burglary,2,Industrial Belt,26.864021,75.764571,2026-01-08T01:19:58.257791,1,3,1,0,0,Rain,3100,None,P-00494,PS-004,Under Investigation
FIR-000229,Burglary,2,Central Zone,26.908581,75.799599,2026-06-23T00:00:58.257791,0,1,1,0,0,Clear,14500,None,P-00414,PS-004,Under Investigation
FIR-000230,Extortion,4,Riverside,26.885923,75.814962,2026-05-20T06:31:58.257791,6,2,0,0,0,Cloudy,5200,Firearm,,PS-007,Under Investigation
FIR-000231,Cybercrime,1,Riverside,26.87572,75.817859,2025-11-24T04:25:58.257791,4,0,1,0,0,Clear,5200,None,,PS-003,Under Investigation
FIR-000232,Theft,3,Industrial Belt,26.853468,75.76636,2026-04-12T16:21:58.257791,16,6,0,1,0,Cloudy,3100,None,,PS-004,Closed
FIR-000233,Vehicle Theft,1,East Ward,26.915876,75.822112,2025-08-23T08:30:58.257791,8,5,0,1,0,Clear,10800,None,,PS-001,Chargesheet Filed
FIR-000234,Theft,3,South Division,26.864626,75.784048,2026-07-22T21:55:58.257791,21,2,1,0,0,Cloudy,6400,None,,PS-001,Chargesheet Filed
FIR-000235,Assault,4,South Division,26.865933,75.791677,2026-07-21T22:16:58.257791,22,1,1,0,0,Clear,6400,Blunt Object,,PS-003,Chargesheet Filed
FIR-000236,Robbery,5,Industrial Belt,26.866107,75.772099,2026-05-23T04:46:58.257791,4,5,1,1,0,Clear,3100,None,,PS-002,Closed
FIR-000237,Kidnapping,4,Old City,26.903708,75.815292,2025-11-03T01:29:58.257791,1,0,1,0,0,Rain,16200,Firearm,,PS-002,Under Investigation
FIR-000238,Assault,5,West Sector,26.886324,75.771239,2026-07-20T15:15:58.257791,15,0,0,0,0,Rain,9100,Knife,P-00258,PS-007,Chargesheet Filed
FIR-000239,Burglary,4,South Division,26.873192,75.786153,2025-10-29T02:16:58.257791,2,2,1,0,0,Clear,6400,None,,PS-005,Under Investigation
FIR-000240,Theft,3,East Ward,26.893302,75.825845,2026-05-07T19:34:58.257791,19,3,0,0,0,Clear,10800,None,P-00573,PS-006,Chargesheet Filed
FIR-000241,Robbery,4,Industrial Belt,26.850327,75.774396,2025-10-31T14:30:58.257791,14,4,0,0,0,Cloudy,3100,Improvised,P-00275,PS-003,Chargesheet Filed
FIR-000242,Assault,2,Old City,26.925447,75.814318,2025-10-25T10:00:58.257791,10,5,0,1,0,Rain,16200,None,,PS-005,Cold
FIR-000243,Narcotics,3,North District,26.912636,75.811726,2026-07-10T23:28:58.257791,23,4,1,0,0,Cloudy,8200,None,,PS-006,Cold
FIR-000244,Theft,3,Industrial Belt,26.849571,75.763909,2026-05-03T06:41:58.257791,6,6,0,1,0,Clear,3100,None,P-00593,PS-008,Under Investigation
FIR-000245,Vehicle Theft,3,West Sector,26.899983,75.783137,2026-01-25T19:49:58.257791,19,6,0,1,0,Heatwave,9100,None,P-00396,PS-002,Closed
FIR-000246,Vehicle Theft,3,West Sector,26.898437,75.769781,2026-04-22T12:27:58.257791,12,2,0,0,0,Rain,9100,None,P-00557,PS-004,Under Investigation
FIR-000247,Theft,1,East Ward,26.900716,75.829619,2026-02-18T07:15:58.257791,7,2,0,0,0,Clear,10800,None,P-00379,PS-005,Chargesheet Filed
FIR-000248,Burglary,4,Old City,26.920948,75.806711,2026-04-22T19:03:58.257791,19,2,0,0,0,Fog,16200,None,P-00234,PS-001,Closed
FIR-000249,Robbery,5,North District,26.928969,75.825725,2025-12-29T06:03:58.257791,6,0,0,0,0,Clear,8200,Improvised,P-00130,PS-006,Closed
FIR-000250,Narcotics,4,North District,26.915687,75.825137,2025-11-12T21:20:58.257791,21,2,1,0,0,Fog,8200,None,P-00429,PS-001,Under Investigation
FIR-000251,Narcotics,4,West Sector,26.902527,75.782951,2026-07-13T21:50:58.257791,21,0,1,0,0,Clear,9100,None,,PS-007,Chargesheet Filed
FIR-000252,Theft,3,West Sector,26.889196,75.785132,2026-02-16T19:00:58.257791,19,0,0,0,0,Clear,9100,None,,PS-005,Under Investigation
FIR-000253,Narcotics,3,Riverside,26.874674,75.819626,2025-12-13T07:35:58.257791,7,5,0,1,0,Clear,5200,None,,PS-008,Under Investigation
FIR-000254,Assault,3,North District,26.909693,75.810745,2026-07-16T05:53:58.257791,5,3,0,0,0,Cloudy,8200,Blunt Object,P-00569,PS-002,Under Investigation
FIR-000255,Assault,4,West Sector,26.889833,75.776683,2025-12-05T15:36:58.257791,15,4,0,0,0,Fog,9100,Blunt Object,P-00101,PS-004,Cold
FIR-000256,Theft,2,East Ward,26.895624,75.823487,2026-04-06T23:59:58.257791,23,0,1,0,0,Cloudy,10800,None,,PS-003,Under Investigation
FIR-000257,Burglary,2,Old City,26.913609,75.811459,2025-08-30T01:18:58.257791,1,5,1,1,0,Cloudy,16200,None,,PS-004,Chargesheet Filed
FIR-000258,Burglary,3,Old City,26.925124,75.801403,2025-08-18T11:51:58.257791,11,0,0,0,0,Fog,16200,None,P-00467,PS-001,Under Investigation
FIR-000259,Fraud,2,Central Zone,26.903792,75.798533,2025-12-23T09:55:58.257791,9,1,0,0,0,Clear,14500,None,,PS-002,Chargesheet Filed
FIR-000260,Cybercrime,1,East Ward,26.895673,75.819563,2025-12-21T11:01:58.257791,11,6,0,1,0,Clear,10800,None,P-00014,PS-003,Chargesheet Filed
FIR-000261,Burglary,3,West Sector,26.883082,75.764402,2025-08-14T22:48:58.257791,22,3,1,0,0,Clear,9100,None,P-00425,PS-002,Chargesheet Filed
FIR-000262,Vehicle Theft,2,Old City,26.925493,75.808475,2025-08-14T12:25:58.257791,12,3,0,0,0,Clear,16200,None,P-00454,PS-007,Under Investigation
FIR-000263,Cybercrime,3,Old City,26.91392,75.815066,2026-07-11T09:30:58.257791,9,5,0,1,0,Clear,16200,None,P-00401,PS-006,Under Investigation
FIR-000264,Vehicle Theft,1,Central Zone,26.898362,75.795197,2025-10-24T06:07:58.257791,6,4,0,0,0,Fog,14500,None,P-00301,PS-004,Cold
FIR-000265,Robbery,4,North District,26.919054,75.818855,2026-06-12T05:04:58.257791,5,4,0,0,0,Fog,8200,Blunt Object,,PS-006,Under Investigation
FIR-000266,Theft,1,Old City,26.916641,75.815752,2025-10-03T17:24:58.257791,17,4,0,0,0,Clear,16200,None,,PS-006,Cold
FIR-000267,Assault,5,East Ward,26.895608,75.833654,2026-02-21T05:32:58.257791,5,5,0,1,0,Clear,10800,Improvised,P-00564,PS-007,Under Investigation
FIR-000268,Robbery,3,Central Zone,26.910637,75.788572,2026-05-04T23:33:58.257791,23,0,1,0,0,Clear,14500,Knife,P-00425,PS-005,Cold
FIR-000269,Fraud,1,Old City,26.912871,75.804246,2025-10-14T14:16:58.257791,14,1,0,0,0,Cloudy,16200,None,,PS-003,Chargesheet Filed
FIR-000270,Extortion,5,South Division,26.86033,75.779569,2026-06-04T13:24:58.257791,13,3,0,0,0,Rain,6400,Firearm,P-00055,PS-002,Under Investigation
FIR-000271,Burglary,2,Industrial Belt,26.856711,75.779822,2025-11-07T17:00:58.257791,17,4,0,0,0,Heatwave,3100,None,,PS-008,Closed
FIR-000272,Theft,1,Old City,26.906918,75.795843,2025-12-22T02:57:58.257791,2,0,1,0,0,Rain,16200,None,,PS-007,Under Investigation
FIR-000273,Extortion,3,East Ward,26.908933,75.82152,2026-03-24T16:08:58.257791,16,1,0,0,0,Cloudy,10800,None,P-00555,PS-003,Chargesheet Filed
FIR-000274,Vehicle Theft,2,South Division,26.880343,75.792037,2026-03-27T23:40:58.257791,23,4,1,0,0,Clear,6400,None,P-00015,PS-008,Cold
FIR-000275,Theft,3,East Ward,26.900203,75.827447,2026-01-15T20:47:58.257791,20,3,1,0,1,Clear,10800,None,P-00569,PS-004,Cold
FIR-000276,Fraud,1,West Sector,26.897925,75.777168,2026-07-25T20:13:58.257791,20,5,1,1,0,Cloudy,9100,None,,PS-006,Chargesheet Filed
FIR-000277,Fraud,1,Central Zone,26.889248,75.793731,2025-12-17T10:48:58.257791,10,2,0,0,0,Fog,14500,None,P-00334,PS-007,Under Investigation
FIR-000278,Fraud,1,Central Zone,26.908929,75.810237,2026-06-28T08:33:58.257791,8,6,0,1,0,Clear,14500,None,P-00429,PS-001,Under Investigation
FIR-000279,Fraud,3,Central Zone,26.897003,75.796803,2026-03-24T06:15:58.257791,6,1,0,0,0,Clear,14500,None,P-00566,PS-007,Under Investigation
FIR-000280,Assault,4,West Sector,26.884999,75.773797,2026-01-20T17:07:58.257791,17,1,0,0,0,Cloudy,9100,Firearm,,PS-002,Under Investigation
FIR-000281,Theft,3,North District,26.927235,75.826693,2025-09-19T00:55:58.257791,0,4,1,0,0,Clear,8200,None,,PS-001,Chargesheet Filed
FIR-000282,Vehicle Theft,2,Old City,26.918144,75.800942,2026-01-17T12:55:58.257791,12,5,0,1,0,Clear,16200,None,,PS-002,Under Investigation
FIR-000283,Theft,2,Central Zone,26.906998,75.793594,2025-09-05T22:56:58.257791,22,4,1,0,0,Rain,14500,None,P-00073,PS-007,Under Investigation
FIR-000284,Robbery,3,East Ward,26.904261,75.835558,2026-03-27T00:36:58.257791,0,4,1,0,0,Heatwave,10800,None,,PS-008,Under Investigation
FIR-000285,Robbery,3,North District,26.924799,75.824869,2025-10-25T00:07:58.257791,0,5,1,1,0,Clear,8200,Firearm,P-00139,PS-004,Under Investigation
FIR-000286,Robbery,3,East Ward,26.903237,75.837787,2026-05-26T03:29:58.257791,3,1,1,0,0,Clear,10800,Improvised,,PS-001,Closed
FIR-000287,Theft,2,Industrial Belt,26.856261,75.77559,2025-12-02T03:39:58.257791,3,1,1,0,0,Clear,3100,None,,PS-007,Under Investigation
FIR-000288,Burglary,3,Old City,26.919754,75.807532,2026-03-11T18:38:58.257791,18,2,0,0,0,Cloudy,16200,None,,PS-005,Chargesheet Filed
FIR-000289,Assault,5,West Sector,26.890523,75.786978,2026-01-26T17:42:58.257791,17,0,0,0,0,Cloudy,9100,Knife,P-00438,PS-001,Closed
FIR-000290,Cybercrime,2,West Sector,26.894127,75.784578,2026-03-20T04:50:58.257791,4,4,1,0,0,Rain,9100,None,P-00109,PS-007,Under Investigation
FIR-000291,Vehicle Theft,2,North District,26.916777,75.818425,2025-10-06T04:15:58.257791,4,0,1,0,0,Heatwave,8200,None,,PS-003,Under Investigation
FIR-000292,Burglary,3,Industrial Belt,26.852746,75.769936,2025-11-14T20:52:58.257791,20,4,1,0,0,Clear,3100,None,P-00412,PS-005,Under Investigation
FIR-000293,Burglary,4,South Division,26.859434,75.801075,2026-04-08T07:18:58.257791,7,2,0,0,0,Fog,6400,None,P-00238,PS-008,Closed
FIR-000294,Vehicle Theft,2,Central Zone,26.903156,75.796126,2026-04-18T09:42:58.257791,9,5,0,1,0,Clear,14500,None,P-00457,PS-007,Closed
FIR-000295,Narcotics,2,East Ward,26.90187,75.84129,2026-04-24T03:12:58.257791,3,4,1,0,0,Rain,10800,None,P-00334,PS-006,Under Investigation
FIR-000296,Cybercrime,3,Central Zone,26.909978,75.811341,2026-01-10T16:05:58.257791,16,5,0,1,0,Fog,14500,None,,PS-006,Closed
FIR-000297,Robbery,3,West Sector,26.899995,75.777625,2025-11-02T22:11:58.257791,22,6,1,1,0,Rain,9100,Knife,,PS-008,Closed
FIR-000298,Fraud,3,Riverside,26.87572,75.810702,2026-01-03T10:47:58.257791,10,5,0,1,0,Clear,5200,None,P-00531,PS-005,Under Investigation
FIR-000299,Narcotics,2,West Sector,26.89437,75.76836,2025-11-02T02:36:58.257791,2,6,1,1,0,Clear,9100,None,P-00263,PS-008,Closed
FIR-000300,Assault,3,Old City,26.925985,75.807342,2026-01-06T09:11:58.257791,9,1,0,0,0,Cloudy,16200,None,P-00538,PS-004,Closed
FIR-000301,Extortion,4,South Division,26.864264,75.781457,2025-12-01T06:18:58.257791,6,0,0,0,0,Rain,6400,Blunt Object,P-00471,PS-002,Under Investigation
FIR-000302,Theft,2,Old City,26.921203,75.795586,2025-10-10T08:31:58.257791,8,4,0,0,0,Clear,16200,None,P-00207,PS-004,Chargesheet Filed
FIR-000303,Theft,1,South Division,26.878826,75.791262,2025-10-18T11:59:58.257791,11,5,0,1,0,Clear,6400,None,P-00234,PS-007,Closed
FIR-000304,Robbery,3,East Ward,26.908447,75.825776,2026-06-22T04:16:58.257791,4,0,1,0,0,Clear,10800,None,,PS-001,Chargesheet Filed
FIR-000305,Theft,3,Old City,26.906921,75.810132,2026-04-06T20:50:58.257791,20,0,1,0,0,Clear,16200,None,P-00265,PS-006,Under Investigation
FIR-000306,Robbery,5,West Sector,26.901953,75.77967,2025-08-31T09:16:58.257791,9,6,0,1,0,Cloudy,9100,Knife,P-00081,PS-008,Under Investigation
FIR-000307,Robbery,3,Old City,26.90426,75.813229,2025-12-07T01:06:58.257791,1,6,1,1,0,Clear,16200,None,P-00043,PS-004,Chargesheet Filed
FIR-000308,Fraud,3,Industrial Belt,26.857499,75.770246,2025-10-05T10:11:58.257791,10,6,0,1,0,Clear,3100,None,P-00020,PS-007,Closed
FIR-000309,Robbery,4,North District,26.924844,75.821958,2026-05-23T19:04:58.257791,19,5,0,1,0,Clear,8200,Blunt Object,P-00121,PS-004,Under Investigation
FIR-000310,Vehicle Theft,3,North District,26.917322,75.828036,2026-06-13T17:30:58.257791,17,5,0,1,0,Clear,8200,None,,PS-005,Under Investigation
FIR-000311,Assault,5,West Sector,26.897481,75.778634,2025-12-07T05:58:58.257791,5,6,0,1,0,Cloudy,9100,Knife,P-00295,PS-003,Under Investigation
FIR-000312,Burglary,4,West Sector,26.900657,75.770167,2025-09-19T17:50:58.257791,17,4,0,0,0,Fog,9100,None,,PS-004,Chargesheet Filed
FIR-000313,Burglary,3,Riverside,26.873203,75.798572,2026-01-27T07:54:58.257791,7,1,0,0,0,Cloudy,5200,None,P-00131,PS-006,Under Investigation
FIR-000314,Assault,3,Industrial Belt,26.8701,75.769524,2026-02-10T17:11:58.257791,17,1,0,0,0,Cloudy,3100,Knife,,PS-002,Closed
FIR-000315,Cybercrime,1,Riverside,26.875283,75.807154,2025-08-11T12:54:58.257791,12,0,0,0,0,Fog,5200,None,,PS-003,Under Investigation
FIR-000316,Burglary,3,West Sector,26.89302,75.763537,2026-06-22T00:18:58.257791,0,0,1,0,0,Rain,9100,None,,PS-002,Under Investigation
FIR-000317,Cybercrime,1,Central Zone,26.909127,75.810369,2025-11-07T21:49:58.257791,21,4,1,0,0,Cloudy,14500,None,P-00099,PS-002,Chargesheet Filed
FIR-000318,Theft,3,South Division,26.869513,75.795554,2026-05-19T16:26:58.257791,16,1,0,0,0,Clear,6400,None,P-00062,PS-007,Closed
FIR-000319,Theft,1,North District,26.921842,75.809057,2026-04-07T07:44:58.257791,7,1,0,0,0,Cloudy,8200,None,P-00561,PS-005,Chargesheet Filed
FIR-000320,Cybercrime,1,Old City,26.908636,75.803752,2025-11-07T01:52:58.257791,1,4,1,0,0,Cloudy,16200,None,P-00471,PS-001,Chargesheet Filed
FIR-000321,Burglary,4,Riverside,26.869135,75.806737,2026-03-06T11:35:58.257791,11,4,0,0,0,Cloudy,5200,None,,PS-008,Chargesheet Filed
FIR-000322,Robbery,3,East Ward,26.900697,75.833344,2026-02-03T15:48:58.257791,15,1,0,0,0,Clear,10800,Blunt Object,P-00433,PS-006,Closed
FIR-000323,Narcotics,4,West Sector,26.896014,75.771648,2025-12-22T22:43:58.257791,22,0,1,0,0,Cloudy,9100,None,P-00447,PS-005,Chargesheet Filed
FIR-000324,Robbery,5,West Sector,26.886943,75.764026,2026-01-26T14:20:58.257791,14,0,0,0,0,Cloudy,9100,Knife,P-00461,PS-006,Closed
FIR-000325,Narcotics,4,Riverside,26.877512,75.817763,2025-10-16T11:59:58.257791,11,3,0,0,0,Heatwave,5200,None,,PS-001,Closed
FIR-000326,Fraud,3,East Ward,26.910034,75.826038,2025-12-04T11:33:58.257791,11,3,0,0,0,Fog,10800,None,P-00538,PS-006,Closed
FIR-000327,Fraud,3,West Sector,26.901038,75.765554,2026-06-28T06:05:58.257791,6,6,0,1,0,Cloudy,9100,None,,PS-008,Under Investigation
FIR-000328,Cybercrime,1,Old City,26.914885,75.81498,2025-10-31T15:51:58.257791,15,4,0,0,0,Fog,16200,None,,PS-005,Under Investigation
FIR-000329,Fraud,1,West Sector,26.883389,75.770099,2025-11-11T11:31:58.257791,11,1,0,0,0,Clear,9100,None,P-00564,PS-002,Under Investigation
FIR-000330,Theft,3,South Division,26.865205,75.787306,2025-09-25T07:13:58.257791,7,3,0,0,0,Cloudy,6400,None,P-00310,PS-008,Closed
FIR-000331,Burglary,3,East Ward,26.909815,75.838668,2026-07-09T08:53:58.257791,8,3,0,0,0,Cloudy,10800,None,P-00401,PS-002,Under Investigation
FIR-000332,Assault,5,East Ward,26.911217,75.820084,2026-01-22T15:22:58.257791,15,3,0,0,0,Heatwave,10800,None,P-00082,PS-004,Chargesheet Filed
FIR-000333,Burglary,3,Old City,26.903824,75.800436,2025-09-13T08:15:58.257791,8,5,0,1,0,Rain,16200,None,,PS-008,Under Investigation
FIR-000334,Vehicle Theft,1,West Sector,26.905453,75.773666,2025-08-01T14:59:58.257791,14,4,0,0,0,Cloudy,9100,None,P-00350,PS-005,Closed
FIR-000335,Vehicle Theft,3,West Sector,26.895402,75.767174,2026-04-27T14:37:58.257791,14,0,0,0,0,Clear,9100,None,P-00120,PS-001,Under Investigation
FIR-000336,Theft,2,West Sector,26.89467,75.763137,2025-09-21T15:00:58.257791,15,6,0,1,0,Heatwave,9100,None,,PS-003,Chargesheet Filed
FIR-000337,Vehicle Theft,2,North District,26.91349,75.818672,2025-10-28T01:12:58.257791,1,1,1,0,0,Fog,8200,None,,PS-002,Under Investigation
FIR-000338,Assault,5,Central Zone,26.888493,75.800604,2026-06-01T11:52:58.257791,11,0,0,0,0,Clear,14500,Improvised,,PS-002,Under Investigation
FIR-000339,Theft,2,North District,26.929067,75.823953,2026-03-07T11:35:58.257791,11,5,0,1,0,Clear,8200,None,P-00384,PS-004,Cold
FIR-000340,Theft,1,Riverside,26.878706,75.821916,2025-09-25T18:01:58.257791,18,3,0,0,0,Clear,5200,None,P-00194,PS-008,Under Investigation
FIR-000341,Theft,1,Old City,26.906537,75.796197,2025-10-29T12:17:58.257791,12,2,0,0,0,Clear,16200,None,,PS-001,Under Investigation
FIR-000342,Robbery,3,South Division,26.86528,75.797475,2025-08-01T21:24:58.257791,21,4,1,0,0,Cloudy,6400,Blunt Object,P-00181,PS-004,Under Investigation
FIR-000343,Assault,2,South Division,26.861507,75.781047,2026-03-28T23:57:58.257791,23,5,1,1,0,Clear,6400,None,P-00556,PS-008,Closed
FIR-000344,Assault,4,Industrial Belt,26.870503,75.777871,2026-05-11T23:06:58.257791,23,0,1,0,0,Cloudy,3100,Blunt Object,P-00554,PS-001,Chargesheet Filed
FIR-000345,Burglary,3,Old City,26.917554,75.813806,2025-08-10T00:33:58.257791,0,6,1,1,0,Rain,16200,None,,PS-003,Closed
FIR-000346,Fraud,1,Industrial Belt,26.862375,75.764903,2026-04-13T07:32:58.257791,7,0,0,0,0,Fog,3100,None,,PS-007,Closed
FIR-000347,Burglary,4,South Division,26.858959,75.784657,2026-05-09T20:36:58.257791,20,5,1,1,0,Fog,6400,None,P-00471,PS-006,Under Investigation
FIR-000348,Assault,5,East Ward,26.911178,75.838148,2026-01-10T03:45:58.257791,3,5,1,1,0,Fog,10800,Improvised,,PS-003,Closed
FIR-000349,Robbery,4,North District,26.923099,75.83042,2026-04-03T04:25:58.257791,4,4,1,0,0,Cloudy,8200,Improvised,,PS-004,Under Investigation
FIR-000350,Burglary,3,Industrial Belt,26.860424,75.767877,2025-11-26T12:03:58.257791,12,2,0,0,0,Clear,3100,None,P-00306,PS-004,Chargesheet Filed
FIR-000351,Fraud,3,Riverside,26.881027,75.805707,2025-10-06T16:09:58.257791,16,0,0,0,0,Clear,5200,None,,PS-003,Under Investigation
FIR-000352,Fraud,2,Old City,26.907394,75.808539,2025-12-23T14:06:58.257791,14,1,0,0,0,Clear,16200,None,P-00181,PS-007,Closed
FIR-000353,Burglary,2,Central Zone,26.894061,75.811196,2026-05-13T08:25:58.257791,8,2,0,0,0,Clear,14500,None,,PS-007,Under Investigation
FIR-000354,Fraud,2,Central Zone,26.900267,75.798092,2025-12-04T09:20:58.257791,9,3,0,0,0,Fog,14500,None,P-00310,PS-008,Closed
FIR-000355,Theft,1,South Division,26.858985,75.779687,2026-02-10T03:58:58.257791,3,1,1,0,0,Clear,6400,None,P-00401,PS-005,Under Investigation
FIR-000356,Vehicle Theft,1,North District,26.908237,75.816103,2026-07-13T07:04:58.257791,7,0,0,0,0,Clear,8200,None,,PS-005,Under Investigation
FIR-000357,Burglary,4,Central Zone,26.896485,75.793673,2025-11-16T13:29:58.257791,13,6,0,1,0,Cloudy,14500,None,P-00437,PS-006,Chargesheet Filed
FIR-000358,Cybercrime,1,Central Zone,26.90171,75.802739,2026-02-08T00:25:58.257791,0,6,1,1,0,Cloudy,14500,None,,PS-008,Under Investigation
FIR-000359,Burglary,2,Central Zone,26.910023,75.794707,2026-02-20T01:06:58.257791,1,4,1,0,0,Cloudy,14500,None,P-00480,PS-005,Under Investigation
FIR-000360,Narcotics,3,Riverside,26.885098,75.808621,2026-02-09T08:04:58.257791,8,0,0,0,0,Clear,5200,None,,PS-007,Chargesheet Filed
FIR-000361,Narcotics,3,Old City,26.91348,75.814004,2025-08-07T11:39:58.257791,11,3,0,0,0,Clear,16200,None,P-00015,PS-008,Closed
FIR-000362,Fraud,3,West Sector,26.903087,75.779399,2026-03-10T13:04:58.257791,13,1,0,0,0,Clear,9100,None,P-00295,PS-004,Under Investigation
FIR-000363,Burglary,4,West Sector,26.904066,75.786056,2025-12-14T01:36:58.257791,1,6,1,1,0,Clear,9100,None,,PS-004,Closed
FIR-000364,Assault,5,North District,26.918471,75.818688,2025-08-07T06:27:58.257791,6,3,0,0,0,Clear,8200,Firearm,P-00317,PS-006,Under Investigation
FIR-000365,Narcotics,4,West Sector,26.895412,75.775742,2025-12-07T09:01:58.257791,9,6,0,1,0,Clear,9100,None,P-00041,PS-007,Under Investigation
FIR-000366,Robbery,5,Old City,26.904202,75.794902,2025-09-11T16:49:58.257791,16,3,0,0,0,Clear,16200,Blunt Object,,PS-003,Under Investigation
FIR-000367,Theft,1,Riverside,26.873564,75.800215,2025-12-15T23:05:58.257791,23,0,1,0,1,Clear,5200,None,P-00474,PS-003,Under Investigation
FIR-000368,Cybercrime,3,South Division,26.875101,75.779617,2026-02-27T23:06:58.257791,23,4,1,0,0,Clear,6400,None,P-00593,PS-003,Closed
FIR-000369,Assault,3,Old City,26.908896,75.79321,2026-05-06T05:37:58.257791,5,2,0,0,0,Clear,16200,Firearm,,PS-001,Closed
FIR-000370,Theft,1,Riverside,26.873806,75.812615,2026-02-12T22:01:58.257791,22,3,1,0,0,Clear,5200,None,P-00566,PS-005,Closed
FIR-000371,Robbery,3,South Division,26.85961,75.787058,2026-07-24T21:36:58.257791,21,4,1,0,0,Clear,6400,Improvised,P-00338,PS-008,Closed
FIR-000372,Robbery,5,West Sector,26.905639,75.771494,2026-04-30T17:16:58.257791,17,3,0,0,0,Fog,9100,Blunt Object,,PS-005,Closed
FIR-000373,Burglary,4,West Sector,26.906873,75.783207,2026-04-10T08:59:58.257791,8,4,0,0,0,Rain,9100,None,P-00301,PS-007,Under Investigation
FIR-000374,Burglary,4,West Sector,26.901008,75.773799,2026-01-04T09:03:58.257791,9,6,0,1,0,Rain,9100,None,,PS-003,Closed
FIR-000375,Extortion,4,West Sector,26.894683,75.774192,2025-11-28T21:52:58.257791,21,4,1,0,0,Fog,9100,Blunt Object,P-00152,PS-003,Under Investigation
FIR-000376,Assault,4,North District,26.919162,75.817277,2025-10-09T14:50:58.257791,14,3,0,0,0,Clear,8200,Blunt Object,,PS-002,Closed
FIR-000377,Cybercrime,2,West Sector,26.884626,75.770955,2026-04-15T11:21:58.257791,11,2,0,0,1,Clear,9100,None,P-00384,PS-003,Under Investigation
FIR-000378,Robbery,5,North District,26.920506,75.808579,2026-07-26T11:08:58.257791,11,6,0,1,0,Clear,8200,Improvised,P-00573,PS-008,Under Investigation
FIR-000379,Theft,2,West Sector,26.901204,75.773402,2026-01-30T19:42:58.257791,19,4,0,0,0,Cloudy,9100,None,P-00478,PS-002,Cold
FIR-000380,Fraud,3,Central Zone,26.894411,75.791413,2026-02-05T04:33:58.257791,4,3,1,0,0,Rain,14500,None,,PS-002,Closed
FIR-000381,Cybercrime,1,Central Zone,26.898041,75.792648,2025-11-15T18:53:58.257791,18,5,0,1,1,Clear,14500,None,,PS-003,Under Investigation
FIR-000382,Theft,3,East Ward,26.904584,75.819586,2025-11-10T17:55:58.257791,17,0,0,0,0,Clear,10800,None,P-00121,PS-008,Under Investigation
FIR-000383,Narcotics,3,Old City,26.916849,75.80615,2026-01-18T13:37:58.257791,13,6,0,1,0,Heatwave,16200,None,,PS-006,Closed
FIR-000384,Vehicle Theft,3,West Sector,26.889695,75.777252,2025-10-14T15:34:58.257791,15,1,0,0,0,Rain,9100,None,,PS-004,Chargesheet Filed
FIR-000385,Cybercrime,2,South Division,26.859231,75.792201,2025-12-13T04:23:58.257791,4,5,1,1,0,Clear,6400,None,,PS-005,Under Investigation
FIR-000386,Robbery,3,Central Zone,26.910225,75.804737,2025-11-18T01:47:58.257791,1,1,1,0,0,Heatwave,14500,Blunt Object,P-00301,PS-007,Closed
FIR-000387,Cybercrime,1,Central Zone,26.906599,75.810227,2025-11-27T23:30:58.257791,23,3,1,0,0,Cloudy,14500,None,P-00295,PS-007,Under Investigation
FIR-000388,Burglary,3,South Division,26.880268,75.787512,2025-08-11T04:14:58.257791,4,0,1,0,0,Clear,6400,None,P-00312,PS-004,Under Investigation
FIR-000389,Robbery,3,East Ward,26.895416,75.819975,2025-10-19T04:01:58.257791,4,6,1,1,0,Cloudy,10800,Knife,,PS-007,Closed
FIR-000390,Theft,1,North District,26.908784,75.814994,2026-07-19T14:00:58.257791,14,6,0,1,0,Heatwave,8200,None,,PS-006,Closed
FIR-000391,Kidnapping,4,North District,26.931716,75.822745,2025-10-19T03:12:58.257791,3,6,1,1,0,Clear,8200,Knife,,PS-003,Chargesheet Filed
FIR-000392,Robbery,5,Riverside,26.86972,75.812706,2026-04-03T21:08:58.257791,21,4,1,0,0,Cloudy,5200,Improvised,P-00350,PS-005,Under Investigation
FIR-000393,Robbery,3,Old City,26.912441,75.801128,2026-04-15T21:22:58.257791,21,2,1,0,1,Cloudy,16200,Blunt Object,P-00353,PS-006,Cold
FIR-000394,Fraud,1,West Sector,26.902062,75.783331,2026-06-26T16:43:58.257791,16,4,0,0,0,Clear,9100,None,,PS-004,Under Investigation
FIR-000395,Cybercrime,1,Central Zone,26.890584,75.798774,2025-10-13T18:56:58.257791,18,0,0,0,0,Clear,14500,None,P-00065,PS-005,Chargesheet Filed
FIR-000396,Burglary,4,Old City,26.919038,75.809119,2026-05-19T01:36:58.257791,1,1,1,0,0,Cloudy,16200,None,,PS-005,Cold
FIR-000397,Robbery,4,Central Zone,26.889585,75.788753,2026-03-26T13:53:58.257791,13,3,0,0,0,Clear,14500,Firearm,,PS-007,Under Investigation
FIR-000398,Assault,3,South Division,26.877579,75.795887,2026-06-29T06:41:58.257791,6,0,0,0,0,Rain,6400,Firearm,,PS-003,Under Investigation
FIR-000399,Kidnapping,4,Old City,26.904009,75.796368,2025-12-02T06:56:58.257791,6,1,0,0,0,Cloudy,16200,Firearm,P-00375,PS-004,Chargesheet Filed
FIR-000400,Narcotics,3,South Division,26.866092,75.78051,2025-07-31T14:14:58.257791,14,3,0,0,0,Rain,6400,None,,PS-004,Under Investigation
FIR-000401,Robbery,5,West Sector,26.906847,75.777699,2026-06-29T17:38:58.257791,17,0,0,0,0,Cloudy,9100,Blunt Object,,PS-001,Closed
FIR-000402,Assault,4,Old City,26.910983,75.802776,2026-05-03T03:25:58.257791,3,6,1,1,0,Heatwave,16200,None,,PS-008,Chargesheet Filed
FIR-000403,Burglary,4,South Division,26.86335,75.784353,2026-03-21T13:27:58.257791,13,5,0,1,0,Clear,6400,None,,PS-001,Chargesheet Filed
FIR-000404,Assault,2,Old City,26.908323,75.812716,2026-05-19T02:16:58.257791,2,1,1,0,0,Clear,16200,Blunt Object,P-00001,PS-001,Cold
FIR-000405,Cybercrime,1,Old City,26.915042,75.815862,2025-12-14T11:43:58.257791,11,6,0,1,0,Fog,16200,None,,PS-005,Chargesheet Filed
FIR-000406,Robbery,3,Old City,26.923526,75.815215,2026-04-07T12:04:58.257791,12,1,0,0,0,Cloudy,16200,Firearm,P-00528,PS-003,Closed
FIR-000407,Burglary,3,Central Zone,26.888497,75.791117,2026-07-12T06:56:58.257791,6,6,0,1,0,Clear,14500,None,,PS-005,Under Investigation
FIR-000408,Burglary,2,Central Zone,26.896674,75.806362,2025-12-05T07:01:58.257791,7,4,0,0,0,Fog,14500,None,P-00403,PS-002,Under Investigation
FIR-000409,Narcotics,3,Central Zone,26.911163,75.790721,2025-09-26T18:06:58.257791,18,4,0,0,0,Clear,14500,None,P-00103,PS-008,Closed
FIR-000410,Fraud,2,South Division,26.862234,75.797358,2026-06-06T02:41:58.257791,2,5,1,1,0,Clear,6400,None,P-00190,PS-001,Cold
FIR-000411,Burglary,4,East Ward,26.905835,75.829489,2025-09-08T20:01:58.257791,20,0,1,0,0,Clear,10800,None,,PS-006,Under Investigation
FIR-000412,Narcotics,2,Riverside,26.872021,75.812906,2026-03-04T21:42:58.257791,21,2,1,0,0,Cloudy,5200,None,P-00438,PS-002,Cold
FIR-000413,Burglary,4,Old City,26.911853,75.814599,2026-06-28T09:26:58.257791,9,6,0,1,0,Rain,16200,None,P-00143,PS-001,Closed
FIR-000414,Fraud,1,North District,26.93127,75.828688,2026-07-02T05:32:58.257791,5,3,0,0,0,Clear,8200,None,P-00087,PS-002,Closed
FIR-000415,Theft,1,South Division,26.876868,75.793314,2026-05-06T11:37:58.257791,11,2,0,0,0,Rain,6400,None,P-00401,PS-007,Under Investigation
FIR-000416,Burglary,3,Riverside,26.887577,75.821983,2025-08-24T03:33:58.257791,3,6,1,1,0,Heatwave,5200,None,P-00301,PS-002,Cold
FIR-000417,Theft,2,West Sector,26.890866,75.780083,2026-04-08T03:38:58.257791,3,2,1,0,0,Clear,9100,None,,PS-002,Under Investigation
FIR-000418,Burglary,2,North District,26.921973,75.809892,2025-12-09T04:11:58.257791,4,1,1,0,0,Fog,8200,None,P-00231,PS-002,Chargesheet Filed
FIR-000419,Robbery,4,East Ward,26.89541,75.827688,2026-05-18T16:25:58.257791,16,0,0,0,0,Clear,10800,Firearm,,PS-007,Under Investigation
FIR-000420,Extortion,3,West Sector,26.885564,75.774447,2025-08-21T21:55:58.257791,21,3,1,0,0,Clear,9100,Blunt Object,P-00265,PS-002,Under Investigation
FIR-000421,Burglary,4,East Ward,26.909817,75.820493,2026-05-10T00:56:58.257791,0,6,1,1,0,Clear,10800,None,,PS-008,Under Investigation
FIR-000422,Robbery,4,Old City,26.903127,75.805551,2025-10-21T17:43:58.257791,17,1,0,0,0,Fog,16200,Knife,P-00570,PS-008,Closed
FIR-000423,Narcotics,3,North District,26.916262,75.817708,2025-11-12T13:33:58.257791,13,2,0,0,0,Clear,8200,None,,PS-005,Under Investigation
FIR-000424,Vehicle Theft,1,East Ward,26.916468,75.827733,2025-09-28T16:17:58.257791,16,6,0,1,0,Clear,10800,None,P-00190,PS-003,Closed
FIR-000425,Vehicle Theft,1,Old City,26.926955,75.810877,2026-05-19T21:33:58.257791,21,1,1,0,0,Clear,16200,None,,PS-007,Under Investigation
FIR-000426,Fraud,3,Central Zone,26.88833,75.790567,2025-09-22T11:51:58.257791,11,0,0,0,0,Cloudy,14500,None,P-00109,PS-003,Chargesheet Filed
FIR-000427,Assault,4,Old City,26.913642,75.797837,2026-01-31T04:17:58.257791,4,5,1,1,0,Clear,16200,Knife,,PS-007,Under Investigation
FIR-000428,Burglary,2,Riverside,26.874051,75.808399,2026-07-01T01:22:58.257791,1,2,1,0,0,Cloudy,5200,None,P-00566,PS-001,Chargesheet Filed
FIR-000429,Theft,2,East Ward,26.897249,75.836457,2025-11-08T06:58:58.257791,6,5,0,1,0,Fog,10800,None,P-00557,PS-002,Closed
FIR-000430,Narcotics,3,West Sector,26.906124,75.769471,2026-06-21T01:19:58.257791,1,6,1,1,0,Clear,9100,None,P-00321,PS-003,Under Investigation
FIR-000431,Fraud,3,Central Zone,26.910415,75.790636,2026-04-01T06:05:58.257791,6,2,0,0,0,Heatwave,14500,None,,PS-005,Closed
FIR-000432,Robbery,3,Central Zone,26.901612,75.809235,2026-06-29T10:42:58.257791,10,0,0,0,0,Clear,14500,Firearm,P-00214,PS-004,Chargesheet Filed
FIR-000433,Vehicle Theft,1,Old City,26.91806,75.816459,2026-05-07T13:27:58.257791,13,3,0,0,0,Rain,16200,None,P-00015,PS-006,Chargesheet Filed
FIR-000434,Theft,1,Old City,26.920583,75.810301,2026-02-26T12:12:58.257791,12,3,0,0,0,Clear,16200,None,P-00495,PS-005,Closed
FIR-000435,Theft,2,East Ward,26.907991,75.839366,2026-07-04T13:27:58.257791,13,5,0,1,0,Cloudy,10800,None,P-00245,PS-006,Closed
FIR-000436,Fraud,3,Central Zone,26.88983,75.801564,2026-01-13T09:05:58.257791,9,1,0,0,0,Clear,14500,None,P-00301,PS-001,Under Investigation
FIR-000437,Robbery,5,West Sector,26.886257,75.780713,2025-09-01T21:34:58.257791,21,0,1,0,0,Heatwave,9100,None,P-00087,PS-005,Under Investigation
FIR-000438,Assault,3,East Ward,26.895244,75.840166,2025-09-26T02:32:58.257791,2,4,1,0,0,Cloudy,10800,None,,PS-005,Chargesheet Filed
FIR-000439,Burglary,2,East Ward,26.908775,75.834701,2026-06-14T00:53:58.257791,0,6,1,1,0,Cloudy,10800,None,P-00372,PS-004,Chargesheet Filed
FIR-000440,Narcotics,3,Riverside,26.868002,75.814713,2025-09-15T20:23:58.257791,20,0,1,0,1,Cloudy,5200,None,,PS-008,Closed
FIR-000441,Assault,3,Central Zone,26.907736,75.793621,2025-09-14T14:27:58.257791,14,6,0,1,0,Clear,14500,Knife,P-00130,PS-004,Under Investigation
FIR-000442,Theft,1,Central Zone,26.905418,75.805377,2025-08-27T15:19:58.257791,15,2,0,0,0,Clear,14500,None,P-00555,PS-005,Chargesheet Filed
FIR-000443,Assault,2,South Division,26.862113,75.778843,2026-07-13T20:44:58.257791,20,0,1,0,0,Fog,6400,None,P-00303,PS-002,Chargesheet Filed
FIR-000444,Fraud,1,Central Zone,26.894387,75.800486,2025-10-13T06:57:58.257791,6,0,0,0,0,Clear,14500,None,,PS-006,Chargesheet Filed
FIR-000445,Cybercrime,2,Central Zone,26.892131,75.808081,2026-05-27T11:33:58.257791,11,2,0,0,0,Cloudy,14500,None,P-00234,PS-005,Closed
FIR-000446,Narcotics,3,Industrial Belt,26.870254,75.778993,2025-08-06T00:16:58.257791,0,2,1,0,0,Clear,3100,None,P-00494,PS-003,Cold
FIR-000447,Vehicle Theft,3,Central Zone,26.901936,75.805703,2026-07-20T11:45:58.257791,11,0,0,0,0,Clear,14500,None,P-00393,PS-003,Closed
FIR-000448,Narcotics,4,Central Zone,26.909226,75.793796,2025-09-29T01:49:58.257791,1,0,1,0,0,Clear,14500,None,,PS-006,Closed
FIR-000449,Burglary,3,North District,26.919772,75.82811,2025-12-07T04:26:58.257791,4,6,1,1,0,Clear,8200,None,P-00569,PS-004,Closed
FIR-000450,Fraud,3,North District,26.909924,75.826243,2025-10-10T13:19:58.257791,13,4,0,0,0,Clear,8200,None,P-00483,PS-005,Cold
FIR-000451,Vehicle Theft,1,West Sector,26.903709,75.780354,2025-08-11T18:40:58.257791,18,0,0,0,0,Clear,9100,None,P-00121,PS-002,Under Investigation
FIR-000452,Fraud,1,Central Zone,26.906899,75.805963,2025-09-15T08:41:58.257791,8,0,0,0,1,Fog,14500,None,,PS-003,Cold
FIR-000453,Vehicle Theft,2,West Sector,26.889259,75.765041,2026-07-05T21:41:58.257791,21,6,1,1,0,Fog,9100,None,,PS-008,Under Investigation
FIR-000454,Burglary,4,East Ward,26.911919,75.825539,2025-09-03T22:02:58.257791,22,2,1,0,0,Rain,10800,None,P-00384,PS-007,Closed
FIR-000455,Burglary,3,North District,26.92328,75.810129,2025-08-20T18:33:58.257791,18,2,0,0,0,Clear,8200,None,,PS-005,Closed
FIR-000456,Fraud,3,West Sector,26.888468,75.770719,2026-05-10T21:06:58.257791,21,6,1,1,0,Clear,9100,None,,PS-006,Under Investigation
FIR-000457,Fraud,3,Central Zone,26.899274,75.797762,2026-05-18T06:37:58.257791,6,0,0,0,0,Clear,14500,None,P-00447,PS-008,Closed
FIR-000458,Cybercrime,3,Old City,26.907434,75.794548,2025-08-04T13:40:58.257791,13,0,0,0,0,Cloudy,16200,None,P-00053,PS-002,Chargesheet Filed
FIR-000459,Robbery,3,Central Zone,26.894279,75.805599,2026-04-22T21:47:58.257791,21,2,1,0,0,Cloudy,14500,Knife,,PS-008,Closed
FIR-000460,Burglary,4,Industrial Belt,26.84954,75.764427,2026-04-17T00:15:58.257791,0,4,1,0,0,Rain,3100,None,P-00062,PS-003,Closed
FIR-000461,Vehicle Theft,3,East Ward,26.910533,75.827783,2025-12-25T17:01:58.257791,17,3,0,0,0,Cloudy,10800,None,P-00181,PS-007,Chargesheet Filed
FIR-000462,Cybercrime,2,North District,26.909972,75.828963,2026-04-23T07:04:58.257791,7,3,0,0,0,Clear,8200,None,,PS-005,Cold
FIR-000463,Theft,1,East Ward,26.897478,75.836928,2025-10-15T05:39:58.257791,5,2,0,0,1,Clear,10800,None,,PS-006,Under Investigation
FIR-000464,Theft,1,Old City,26.914276,75.800386,2025-12-24T00:46:58.257791,0,2,1,0,0,Fog,16200,None,,PS-005,Closed
FIR-000465,Narcotics,4,Industrial Belt,26.850615,75.763795,2026-04-24T10:49:58.257791,10,4,0,0,0,Fog,3100,None,,PS-003,Chargesheet Filed
FIR-000466,Theft,3,Central Zone,26.896158,75.794953,2025-10-03T08:30:58.257791,8,4,0,0,0,Rain,14500,None,,PS-005,Under Investigation
FIR-000467,Burglary,3,Industrial Belt,26.869204,75.760932,2025-11-10T05:03:58.257791,5,0,0,0,0,Rain,3100,None,,PS-003,Chargesheet Filed
FIR-000468,Fraud,1,North District,26.921065,75.822555,2026-07-26T13:20:58.257791,13,6,0,1,0,Cloudy,8200,None,P-00439,PS-002,Closed
FIR-000469,Kidnapping,4,Central Zone,26.909177,75.808516,2025-11-13T22:16:58.257791,22,3,1,0,0,Cloudy,14500,None,,PS-008,Chargesheet Filed
FIR-000470,Narcotics,4,West Sector,26.900287,75.775587,2026-02-10T21:20:58.257791,21,1,1,0,0,Heatwave,9100,None,P-00139,PS-004,Chargesheet Filed
FIR-000471,Assault,3,Industrial Belt,26.868102,75.770573,2025-08-11T11:57:58.257791,11,0,0,0,0,Clear,3100,Blunt Object,P-00491,PS-006,Closed
FIR-000472,Vehicle Theft,3,Old City,26.92479,75.815,2025-12-09T17:09:58.257791,17,1,0,0,0,Rain,16200,None,,PS-004,Under Investigation
FIR-000473,Burglary,2,East Ward,26.912404,75.8389,2026-01-19T22:47:58.257791,22,0,1,0,0,Clear,10800,None,,PS-005,Under Investigation
FIR-000474,Extortion,5,Central Zone,26.891343,75.811926,2025-11-22T06:24:58.257791,6,5,0,1,0,Cloudy,14500,Knife,P-00588,PS-004,Closed
FIR-000475,Burglary,2,South Division,26.860213,75.800411,2025-09-02T01:19:58.257791,1,1,1,0,0,Clear,6400,None,,PS-005,Under Investigation
FIR-000476,Fraud,1,East Ward,26.904817,75.827492,2025-08-17T05:31:58.257791,5,6,0,1,0,Clear,10800,None,P-00569,PS-001,Closed
FIR-000477,Cybercrime,1,North District,26.928996,75.809329,2025-09-30T07:40:58.257791,7,1,0,0,0,Rain,8200,None,,PS-006,Under Investigation
FIR-000478,Assault,4,Riverside,26.890567,75.803108,2025-09-09T18:15:58.257791,18,1,0,0,0,Clear,5200,Knife,,PS-005,Chargesheet Filed
FIR-000479,Robbery,4,West Sector,26.898033,75.774646,2026-03-04T10:26:58.257791,10,2,0,0,0,Clear,9100,Knife,,PS-004,Cold
FIR-000480,Burglary,4,Riverside,26.868119,75.810667,2025-12-22T16:53:58.257791,16,0,0,0,0,Clear,5200,None,P-00145,PS-006,Under Investigation
FIR-000481,Theft,1,South Division,26.863087,75.793483,2026-07-03T11:38:58.257791,11,4,0,0,0,Fog,6400,None,,PS-002,Under Investigation
FIR-000482,Fraud,3,Old City,26.911838,75.806547,2026-03-15T16:35:58.257791,16,6,0,1,1,Clear,16200,None,,PS-005,Under Investigation
FIR-000483,Fraud,1,Central Zone,26.897669,75.802348,2025-08-04T16:19:58.257791,16,0,0,0,0,Heatwave,14500,None,,PS-007,Chargesheet Filed
FIR-000484,Fraud,3,East Ward,26.910904,75.834222,2026-02-04T15:09:58.257791,15,2,0,0,0,Rain,10800,None,,PS-008,Under Investigation
FIR-000485,Assault,3,East Ward,26.896526,75.831568,2025-10-09T11:41:58.257791,11,3,0,0,0,Clear,10800,Improvised,P-00561,PS-005,Closed
FIR-000486,Theft,1,Old City,26.910066,75.796391,2025-11-02T23:47:58.257791,23,6,1,1,0,Clear,16200,None,,PS-007,Closed
FIR-000487,Kidnapping,5,Industrial Belt,26.85172,75.773366,2025-08-24T07:30:58.257791,7,6,0,1,0,Cloudy,3100,None,P-00302,PS-008,Under Investigation
FIR-000488,Burglary,4,Central Zone,26.903901,75.809789,2026-05-10T17:05:58.257791,17,6,0,1,0,Cloudy,14500,None,,PS-003,Closed
FIR-000489,Burglary,3,East Ward,26.914295,75.820827,2025-08-04T03:43:58.257791,3,0,1,0,0,Clear,10800,None,P-00494,PS-007,Under Investigation
FIR-000490,Vehicle Theft,1,East Ward,26.903419,75.824385,2025-10-10T06:28:58.257791,6,4,0,0,0,Rain,10800,None,,PS-007,Closed
FIR-000491,Theft,2,West Sector,26.90241,75.765358,2026-06-13T20:50:58.257791,20,5,1,1,0,Rain,9100,None,,PS-003,Chargesheet Filed
FIR-000492,Fraud,2,Old City,26.923239,75.811653,2026-01-03T12:12:58.257791,12,5,0,1,0,Heatwave,16200,None,P-00111,PS-004,Closed
FIR-000493,Narcotics,2,Old City,26.914482,75.79837,2026-04-13T02:31:58.257791,2,0,1,0,0,Fog,16200,None,P-00389,PS-007,Closed
FIR-000494,Cybercrime,2,Industrial Belt,26.860094,75.759801,2026-02-10T19:54:58.257791,19,1,0,0,0,Clear,3100,None,,PS-006,Chargesheet Filed
FIR-000495,Theft,3,Riverside,26.874702,75.805033,2025-08-08T18:55:58.257791,18,4,0,0,0,Clear,5200,None,,PS-006,Under Investigation
FIR-000496,Vehicle Theft,2,West Sector,26.89841,75.778047,2025-10-25T14:24:58.257791,14,5,0,1,0,Clear,9100,None,P-00273,PS-004,Closed
FIR-000497,Robbery,3,Central Zone,26.905144,75.798777,2026-04-06T08:19:58.257791,8,0,0,0,0,Cloudy,14500,Blunt Object,P-00295,PS-003,Closed
FIR-000498,Fraud,2,West Sector,26.905148,75.785154,2026-05-06T20:38:58.257791,20,2,1,0,0,Fog,9100,None,,PS-002,Chargesheet Filed
FIR-000499,Theft,1,Central Zone,26.892763,75.798893,2026-02-15T10:34:58.257791,10,6,0,1,1,Cloudy,14500,None,P-00106,PS-006,Under Investigation
FIR-000500,Theft,3,Industrial Belt,26.870252,75.769142,2025-11-07T05:49:58.257791,5,4,0,0,0,Heatwave,3100,None,P-00121,PS-002,Under Investigation
FIR-000501,Burglary,4,Central Zone,26.911509,75.795626,2026-02-05T21:05:58.257791,21,3,1,0,0,Rain,14500,None,P-00405,PS-006,Under Investigation
FIR-000502,Burglary,3,Central Zone,26.902221,75.805424,2026-03-12T20:48:58.257791,20,3,1,0,0,Cloudy,14500,None,P-00433,PS-006,Under Investigation
FIR-000503,Theft,2,Riverside,26.874834,75.79927,2025-12-24T09:53:58.257791,9,2,0,0,0,Heatwave,5200,None,P-00483,PS-005,Chargesheet Filed
FIR-000504,Assault,5,West Sector,26.899015,75.767088,2026-04-25T21:50:58.257791,21,5,1,1,0,Clear,9100,Knife,P-00011,PS-002,Chargesheet Filed
FIR-000505,Vehicle Theft,2,Riverside,26.880466,75.821368,2026-05-24T11:43:58.257791,11,6,0,1,0,Clear,5200,None,P-00405,PS-006,Chargesheet Filed
FIR-000506,Assault,3,South Division,26.878994,75.790945,2026-07-13T13:19:58.257791,13,0,0,0,0,Clear,6400,Improvised,,PS-003,Closed
FIR-000507,Fraud,3,Industrial Belt,26.84855,75.776855,2026-02-20T18:12:58.257791,18,4,0,0,0,Clear,3100,None,,PS-007,Under Investigation
FIR-000508,Robbery,4,Industrial Belt,26.853663,75.767722,2025-09-25T08:21:58.257791,8,3,0,0,0,Rain,3100,Knife,,PS-001,Under Investigation
FIR-000509,Theft,1,North District,26.9231,75.815869,2026-04-28T21:56:58.257791,21,1,1,0,0,Cloudy,8200,None,P-00285,PS-006,Under Investigation
FIR-000510,Robbery,5,West Sector,26.884749,75.778631,2026-03-12T21:34:58.257791,21,3,1,0,0,Clear,9100,None,,PS-003,Under Investigation
FIR-000511,Robbery,5,West Sector,26.889444,75.773319,2026-03-17T12:53:58.257791,12,1,0,0,0,Cloudy,9100,Firearm,,PS-001,Cold
FIR-000512,Robbery,5,North District,26.913515,75.828202,2025-08-15T04:42:58.257791,4,4,1,0,1,Clear,8200,Improvised,P-00527,PS-005,Closed
FIR-000513,Narcotics,4,Central Zone,26.900293,75.803108,2025-10-01T03:47:58.257791,3,2,1,0,0,Cloudy,14500,None,,PS-005,Under Investigation
FIR-000514,Theft,3,East Ward,26.903594,75.826567,2026-04-12T08:42:58.257791,8,6,0,1,0,Rain,10800,None,P-00405,PS-007,Under Investigation
FIR-000515,Vehicle Theft,2,South Division,26.867131,75.779872,2026-04-29T15:02:58.257791,15,2,0,0,0,Clear,6400,None,,PS-008,Closed
FIR-000516,Vehicle Theft,2,East Ward,26.905139,75.835245,2026-02-08T11:00:58.257791,11,6,0,1,0,Fog,10800,None,P-00106,PS-006,Closed
FIR-000517,Fraud,2,Central Zone,26.903445,75.804376,2025-08-15T14:25:58.257791,14,4,0,0,1,Clear,14500,None,,PS-006,Under Investigation
FIR-000518,Narcotics,3,Central Zone,26.897143,75.802869,2025-08-11T15:48:58.257791,15,0,0,0,0,Fog,14500,None,,PS-001,Under Investigation
FIR-000519,Assault,4,North District,26.91444,75.812381,2025-12-17T11:02:58.257791,11,2,0,0,0,Rain,8200,Improvised,P-00338,PS-007,Under Investigation
FIR-000520,Robbery,3,West Sector,26.899405,75.780745,2026-06-05T03:02:58.257791,3,4,1,0,0,Cloudy,9100,Blunt Object,,PS-004,Chargesheet Filed
FIR-000521,Burglary,4,Central Zone,26.904333,75.795869,2026-05-15T21:12:58.257791,21,4,1,0,1,Clear,14500,None,P-00245,PS-008,Under Investigation
FIR-000522,Extortion,3,Industrial Belt,26.86884,75.763334,2026-02-10T23:27:58.257791,23,1,1,0,0,Clear,3100,Firearm,P-00566,PS-002,Under Investigation
FIR-000523,Burglary,2,Industrial Belt,26.870839,75.769751,2026-04-10T21:26:58.257791,21,4,1,0,0,Rain,3100,None,P-00281,PS-006,Under Investigation
FIR-000524,Burglary,2,West Sector,26.890359,75.777956,2026-04-02T15:09:58.257791,15,3,0,0,0,Rain,9100,None,,PS-002,Cold
FIR-000525,Theft,3,North District,26.916007,75.813664,2026-03-30T13:21:58.257791,13,0,0,0,0,Clear,8200,None,,PS-002,Chargesheet Filed
FIR-000526,Theft,2,Central Zone,26.892855,75.793198,2025-12-30T20:11:58.257791,20,1,1,0,0,Clear,14500,None,P-00457,PS-004,Chargesheet Filed
FIR-000527,Assault,4,South Division,26.859099,75.801035,2026-04-20T21:06:58.257791,21,0,1,0,0,Rain,6400,None,P-00111,PS-005,Cold
FIR-000528,Robbery,3,Old City,26.919706,75.805569,2025-08-14T05:02:58.257791,5,3,0,0,0,Cloudy,16200,Improvised,,PS-003,Chargesheet Filed
FIR-000529,Robbery,4,North District,26.917653,75.829364,2026-01-26T22:06:58.257791,22,0,1,0,0,Rain,8200,Improvised,,PS-007,Under Investigation
FIR-000530,Robbery,4,Industrial Belt,26.854709,75.778702,2026-05-21T10:17:58.257791,10,3,0,0,0,Rain,3100,Firearm,P-00504,PS-006,Cold
FIR-000531,Vehicle Theft,2,Riverside,26.887118,75.805616,2025-12-17T11:31:58.257791,11,2,0,0,0,Clear,5200,None,,PS-005,Under Investigation
FIR-000532,Assault,4,North District,26.908609,75.830382,2026-06-05T20:56:58.257791,20,4,1,0,0,Rain,8200,None,P-00043,PS-003,Chargesheet Filed
FIR-000533,Theft,1,West Sector,26.886147,75.784057,2025-11-21T12:32:58.257791,12,4,0,0,0,Fog,9100,None,,PS-002,Chargesheet Filed
FIR-000534,Assault,3,Riverside,26.883202,75.808216,2025-08-30T23:51:58.257791,23,5,1,1,0,Clear,5200,None,,PS-005,Under Investigation
FIR-000535,Vehicle Theft,3,Riverside,26.879775,75.80999,2026-04-21T13:15:58.257791,13,1,0,0,0,Clear,5200,None,,PS-004,Under Investigation
FIR-000536,Theft,1,Riverside,26.871114,75.818303,2026-03-09T17:09:58.257791,17,0,0,0,0,Cloudy,5200,None,,PS-003,Cold
FIR-000537,Burglary,4,Central Zone,26.907385,75.790541,2025-08-31T10:04:58.257791,10,6,0,1,0,Rain,14500,None,P-00062,PS-003,Under Investigation
FIR-000538,Theft,2,Central Zone,26.905719,75.809252,2026-06-21T18:31:58.257791,18,6,0,1,0,Clear,14500,None,P-00302,PS-005,Closed
FIR-000539,Theft,2,Central Zone,26.897697,75.804948,2026-05-06T08:13:58.257791,8,2,0,0,0,Clear,14500,None,,PS-003,Chargesheet Filed
FIR-000540,Cybercrime,3,Riverside,26.883066,75.809612,2026-03-29T08:11:58.257791,8,6,0,1,0,Clear,5200,None,P-00429,PS-001,Under Investigation
FIR-000541,Extortion,5,East Ward,26.898786,75.820454,2026-04-14T15:38:58.257791,15,1,0,0,0,Cloudy,10800,Blunt Object,P-00131,PS-002,Closed
FIR-000542,Narcotics,4,Central Zone,26.893214,75.801548,2026-03-18T15:04:58.257791,15,2,0,0,0,Clear,14500,None,,PS-003,Cold
FIR-000543,Extortion,5,Industrial Belt,26.853138,75.767887,2026-01-08T23:02:58.257791,23,3,1,0,0,Clear,3100,Blunt Object,P-00090,PS-006,Closed
FIR-000544,Burglary,2,East Ward,26.900802,75.826729,2026-06-19T03:06:58.257791,3,4,1,0,0,Cloudy,10800,None,,PS-004,Under Investigation
FIR-000545,Fraud,3,Industrial Belt,26.865848,75.769834,2025-12-10T06:58:58.257791,6,2,0,0,0,Cloudy,3100,None,P-00285,PS-005,Under Investigation
FIR-000546,Fraud,2,North District,26.922669,75.825401,2026-01-13T02:46:58.257791,2,1,1,0,0,Clear,8200,None,P-00334,PS-008,Under Investigation
FIR-000547,Burglary,4,East Ward,26.904244,75.830648,2026-03-08T20:01:58.257791,20,6,1,1,0,Clear,10800,None,P-00099,PS-004,Closed
FIR-000548,Cybercrime,3,Riverside,26.873833,75.801582,2026-01-09T22:28:58.257791,22,4,1,0,0,Heatwave,5200,None,,PS-002,Under Investigation
FIR-000549,Narcotics,3,West Sector,26.901264,75.774735,2025-08-23T11:03:58.257791,11,5,0,1,0,Clear,9100,None,,PS-008,Closed
FIR-000550,Fraud,3,South Division,26.874919,75.786933,2026-05-14T08:13:58.257791,8,3,0,0,0,Cloudy,6400,None,P-00139,PS-004,Closed
FIR-000551,Cybercrime,1,West Sector,26.905141,75.77849,2025-08-26T19:03:58.257791,19,1,0,0,0,Clear,9100,None,,PS-006,Under Investigation
FIR-000552,Extortion,3,North District,26.908548,75.811581,2025-10-18T00:46:58.257791,0,5,1,1,0,Rain,8200,Improvised,,PS-006,Closed
FIR-000553,Fraud,1,North District,26.909361,75.827758,2025-11-05T09:08:58.257791,9,2,0,0,0,Cloudy,8200,None,,PS-007,Cold
FIR-000554,Cybercrime,1,North District,26.917548,75.823199,2026-07-13T12:22:58.257791,12,0,0,0,0,Clear,8200,None,,PS-002,Under Investigation
FIR-000555,Fraud,1,North District,26.909284,75.82254,2026-07-13T16:20:58.257791,16,0,0,0,0,Clear,8200,None,,PS-002,Under Investigation
FIR-000556,Theft,3,West Sector,26.883766,75.766264,2025-09-17T22:49:58.257791,22,2,1,0,0,Clear,9100,None,P-00549,PS-008,Cold
FIR-000557,Assault,3,Central Zone,26.898355,75.796096,2026-06-10T17:37:58.257791,17,2,0,0,0,Clear,14500,Knife,P-00477,PS-008,Closed
FIR-000558,Fraud,1,Old City,26.905411,75.799827,2025-12-28T09:57:58.257791,9,6,0,1,0,Clear,16200,None,,PS-007,Closed
FIR-000559,Cybercrime,1,Central Zone,26.902312,75.797014,2026-01-14T18:27:58.257791,18,2,0,0,0,Cloudy,14500,None,P-00596,PS-004,Chargesheet Filed
FIR-000560,Theft,3,West Sector,26.900664,75.76303,2026-01-22T17:15:58.257791,17,3,0,0,0,Rain,9100,None,,PS-006,Under Investigation
FIR-000561,Cybercrime,1,Old City,26.906405,75.797578,2026-04-06T18:40:58.257791,18,0,0,0,0,Clear,16200,None,,PS-006,Closed
FIR-000562,Extortion,5,West Sector,26.901685,75.763615,2025-10-01T00:45:58.257791,0,2,1,0,0,Clear,9100,None,,PS-007,Under Investigation
FIR-000563,Theft,3,East Ward,26.907866,75.828635,2026-03-29T01:26:58.257791,1,6,1,1,0,Cloudy,10800,None,,PS-002,Under Investigation
FIR-000564,Narcotics,4,Riverside,26.883602,75.819627,2025-08-07T07:05:58.257791,7,3,0,0,0,Clear,5200,None,P-00193,PS-003,Chargesheet Filed
FIR-000565,Extortion,3,Old City,26.908993,75.795993,2026-06-19T18:05:58.257791,18,4,0,0,0,Rain,16200,Blunt Object,,PS-008,Closed
FIR-000566,Theft,1,Old City,26.911901,75.807163,2026-03-15T05:18:58.257791,5,6,0,1,1,Fog,16200,None,,PS-006,Under Investigation
FIR-000567,Theft,2,South Division,26.869082,75.778066,2025-10-23T01:07:58.257791,1,3,1,0,0,Cloudy,6400,None,P-00060,PS-002,Chargesheet Filed
FIR-000568,Fraud,2,South Division,26.871292,75.780409,2025-08-14T23:52:58.257791,23,3,1,0,0,Rain,6400,None,P-00557,PS-002,Closed
FIR-000569,Narcotics,4,South Division,26.86679,75.780578,2025-08-17T10:51:58.257791,10,6,0,1,0,Cloudy,6400,None,,PS-002,Cold
FIR-000570,Burglary,2,Old City,26.908916,75.804087,2026-03-20T20:03:58.257791,20,4,1,0,0,Cloudy,16200,None,P-00073,PS-001,Chargesheet Filed
FIR-000571,Narcotics,2,Central Zone,26.890741,75.792717,2026-04-24T02:22:58.257791,2,4,1,0,0,Clear,14500,None,P-00317,PS-003,Under Investigation
FIR-000572,Assault,4,Riverside,26.879908,75.802909,2026-07-08T05:19:58.257791,5,2,0,0,0,Clear,5200,Firearm,,PS-004,Cold
FIR-000573,Fraud,2,Old City,26.925127,75.81312,2025-11-06T13:16:58.257791,13,3,0,0,0,Clear,16200,None,,PS-007,Chargesheet Filed
FIR-000574,Theft,2,North District,26.908456,75.809382,2026-05-21T20:24:58.257791,20,3,1,0,0,Clear,8200,None,P-00302,PS-007,Under Investigation
FIR-000575,Narcotics,2,Industrial Belt,26.858726,75.769656,2026-06-12T11:52:58.257791,11,4,0,0,0,Rain,3100,None,P-00190,PS-001,Under Investigation
FIR-000576,Robbery,5,East Ward,26.90651,75.834798,2026-05-22T01:25:58.257791,1,4,1,0,0,Rain,10800,Firearm,,PS-001,Under Investigation
FIR-000577,Theft,3,Old City,26.917612,75.79391,2026-07-23T20:11:58.257791,20,3,1,0,0,Rain,16200,None,,PS-008,Cold
FIR-000578,Vehicle Theft,1,West Sector,26.894118,75.773536,2026-06-02T10:22:58.257791,10,1,0,0,0,Cloudy,9100,None,P-00302,PS-007,Closed
FIR-000579,Theft,1,Old City,26.914639,75.815861,2025-09-17T07:49:58.257791,7,2,0,0,0,Clear,16200,None,P-00429,PS-005,Under Investigation
FIR-000580,Fraud,3,Riverside,26.884074,75.812283,2026-01-08T07:02:58.257791,7,3,0,0,0,Clear,5200,None,,PS-002,Cold
FIR-000581,Burglary,3,South Division,26.878355,75.800938,2025-08-02T20:36:58.257791,20,5,1,1,0,Rain,6400,None,P-00158,PS-008,Under Investigation
FIR-000582,Theft,1,South Division,26.873858,75.793822,2026-04-28T22:57:58.257791,22,1,1,0,0,Clear,6400,None,,PS-005,Under Investigation
FIR-000583,Vehicle Theft,3,Industrial Belt,26.861717,75.772291,2026-05-01T20:06:58.257791,20,4,1,0,0,Clear,3100,None,,PS-008,Cold
FIR-000584,Vehicle Theft,3,Riverside,26.882104,75.804954,2025-09-07T07:52:58.257791,7,6,0,1,0,Rain,5200,None,,PS-001,Chargesheet Filed
FIR-000585,Robbery,3,Riverside,26.886188,75.808831,2026-05-02T06:48:58.257791,6,5,0,1,0,Clear,5200,Firearm,,PS-004,Closed
FIR-000586,Vehicle Theft,1,South Division,26.877485,75.784228,2026-04-12T05:19:58.257791,5,6,0,1,0,Fog,6400,None,P-00353,PS-006,Closed
FIR-000587,Burglary,3,North District,26.910196,75.823551,2025-10-27T00:15:58.257791,0,0,1,0,0,Cloudy,8200,None,P-00119,PS-008,Closed
FIR-000588,Extortion,3,East Ward,26.904121,75.836052,2025-10-19T13:33:58.257791,13,6,0,1,0,Clear,10800,Blunt Object,,PS-001,Under Investigation
FIR-000589,Fraud,3,East Ward,26.903165,75.826511,2025-11-21T15:58:58.257791,15,4,0,0,0,Clear,10800,None,P-00413,PS-004,Under Investigation
FIR-000590,Fraud,2,Central Zone,26.890568,75.810344,2026-07-15T11:26:58.257791,11,2,0,0,1,Clear,14500,None,,PS-007,Under Investigation
FIR-000591,Narcotics,3,East Ward,26.90221,75.823968,2026-06-01T07:35:58.257791,7,0,0,0,0,Cloudy,10800,None,P-00453,PS-007,Under Investigation
FIR-000592,Theft,2,South Division,26.860453,75.781416,2026-01-01T21:55:58.257791,21,3,1,0,0,Clear,6400,None,,PS-006,Closed
FIR-000593,Theft,3,Central Zone,26.911224,75.811044,2026-06-14T07:08:58.257791,7,6,0,1,0,Cloudy,14500,None,,PS-005,Closed
FIR-000594,Assault,4,East Ward,26.902485,75.821632,2026-04-09T01:30:58.257791,1,3,1,0,0,Clear,10800,Improvised,,PS-008,Closed
FIR-000595,Burglary,2,North District,26.931969,75.810711,2025-08-07T13:44:58.257791,13,3,0,0,0,Clear,8200,None,,PS-004,Under Investigation
FIR-000596,Fraud,1,Old City,26.920154,75.795591,2026-05-30T14:43:58.257791,14,5,0,1,0,Clear,16200,None,P-00527,PS-007,Chargesheet Filed
FIR-000597,Robbery,3,West Sector,26.892615,75.781714,2025-11-30T19:49:58.257791,19,6,0,1,0,Clear,9100,Knife,,PS-006,Cold
FIR-000598,Fraud,2,Central Zone,26.895629,75.788758,2025-12-28T09:00:58.257791,9,6,0,1,0,Clear,14500,None,P-00219,PS-005,Under Investigation
FIR-000599,Assault,2,East Ward,26.911538,75.821043,2026-02-16T20:21:58.257791,20,0,1,0,0,Rain,10800,Improvised,P-00401,PS-001,Closed
FIR-000600,Burglary,3,Industrial Belt,26.849911,75.764501,2025-07-28T06:20:58.257791,6,0,0,0,0,Rain,3100,None,P-00094,PS-004,Chargesheet Filed
FIR-000601,Vehicle Theft,3,East Ward,26.908916,75.832818,2026-02-13T14:15:58.257791,14,4,0,0,0,Fog,10800,None,,PS-007,Closed
FIR-000602,Fraud,1,East Ward,26.900856,75.83212,2026-01-02T10:15:58.257791,10,4,0,0,0,Cloudy,10800,None,,PS-001,Under Investigation
FIR-000603,Fraud,2,East Ward,26.916872,75.823914,2026-05-29T15:02:58.257791,15,4,0,0,0,Clear,10800,None,,PS-001,Under Investigation
FIR-000604,Burglary,4,North District,26.920908,75.826511,2025-09-05T07:34:58.257791,7,4,0,0,0,Rain,8200,None,,PS-004,Under Investigation
FIR-000605,Fraud,2,Central Zone,26.896937,75.789339,2026-07-25T13:59:58.257791,13,5,0,1,0,Clear,14500,None,P-00053,PS-001,Closed
FIR-000606,Robbery,3,East Ward,26.894127,75.840092,2025-12-27T22:10:58.257791,22,5,1,1,0,Cloudy,10800,Firearm,,PS-007,Under Investigation
FIR-000607,Narcotics,3,West Sector,26.890554,75.783764,2026-01-10T07:07:58.257791,7,5,0,1,0,Clear,9100,None,P-00326,PS-006,Closed
FIR-000608,Burglary,4,North District,26.927326,75.808693,2026-03-14T03:40:58.257791,3,5,1,1,0,Clear,8200,None,P-00566,PS-006,Under Investigation
FIR-000609,Fraud,2,West Sector,26.899814,75.764301,2026-02-06T22:45:58.257791,22,4,1,0,0,Cloudy,9100,None,P-00244,PS-006,Under Investigation
FIR-000610,Theft,1,North District,26.911652,75.812345,2026-07-17T15:18:58.257791,15,4,0,0,0,Clear,8200,None,,PS-008,Under Investigation
FIR-000611,Theft,2,Riverside,26.882719,75.807363,2026-07-17T15:21:58.257791,15,4,0,0,0,Clear,5200,None,P-00130,PS-005,Chargesheet Filed
FIR-000612,Vehicle Theft,3,North District,26.923346,75.831841,2026-02-02T10:43:58.257791,10,0,0,0,0,Heatwave,8200,None,P-00401,PS-001,Under Investigation
FIR-000613,Robbery,3,East Ward,26.913991,75.822149,2026-02-14T09:36:58.257791,9,5,0,1,0,Cloudy,10800,Firearm,,PS-008,Cold
FIR-000614,Robbery,4,Riverside,26.888466,75.813326,2025-12-13T07:59:58.257791,7,5,0,1,0,Heatwave,5200,None,P-00110,PS-003,Under Investigation
FIR-000615,Burglary,3,East Ward,26.901297,75.83213,2025-11-21T17:39:58.257791,17,4,0,0,0,Fog,10800,None,P-00554,PS-001,Closed
FIR-000616,Cybercrime,1,West Sector,26.890434,75.765962,2026-06-16T23:14:58.257791,23,1,1,0,0,Heatwave,9100,None,,PS-004,Closed
FIR-000617,Cybercrime,2,Riverside,26.875332,75.806818,2026-01-28T01:54:58.257791,1,2,1,0,0,Clear,5200,None,,PS-006,Chargesheet Filed
FIR-000618,Burglary,4,Riverside,26.891633,75.804851,2025-09-03T20:59:58.257791,20,2,1,0,0,Fog,5200,None,P-00557,PS-008,Closed
FIR-000619,Assault,3,East Ward,26.89883,75.825043,2025-09-08T08:19:58.257791,8,0,0,0,0,Fog,10800,Knife,,PS-008,Under Investigation
FIR-000620,Extortion,4,Central Zone,26.896487,75.788303,2026-05-07T11:15:58.257791,11,3,0,0,0,Cloudy,14500,None,P-00580,PS-007,Cold
FIR-000621,Theft,3,Riverside,26.891864,75.821493,2025-12-04T04:36:58.257791,4,3,1,0,0,Cloudy,5200,None,P-00405,PS-003,Under Investigation
FIR-000622,Theft,3,Riverside,26.886908,75.815767,2026-01-12T01:47:58.257791,1,0,1,0,0,Clear,5200,None,P-00518,PS-007,Under Investigation
FIR-000623,Kidnapping,5,South Division,26.864098,75.800003,2026-04-15T20:44:58.257791,20,2,1,0,1,Clear,6400,Firearm,,PS-005,Under Investigation
FIR-000624,Theft,3,Riverside,26.882869,75.808808,2025-11-11T11:47:58.257791,11,1,0,0,0,Clear,5200,None,,PS-002,Under Investigation
FIR-000625,Theft,3,Old City,26.913956,75.805056,2026-07-04T04:06:58.257791,4,5,1,1,0,Cloudy,16200,None,,PS-007,Chargesheet Filed
FIR-000626,Theft,3,East Ward,26.907372,75.825346,2026-03-01T12:24:58.257791,12,6,0,1,0,Cloudy,10800,None,,PS-008,Closed
FIR-000627,Vehicle Theft,2,North District,26.917044,75.808874,2026-03-28T21:08:58.257791,21,5,1,1,0,Rain,8200,None,P-00531,PS-007,Chargesheet Filed
FIR-000628,Burglary,3,Central Zone,26.891906,75.793651,2025-10-02T00:44:58.257791,0,3,1,0,0,Cloudy,14500,None,,PS-002,Under Investigation
FIR-000629,Assault,3,North District,26.930649,75.821598,2026-06-22T15:26:58.257791,15,0,0,0,0,Cloudy,8200,Improvised,,PS-001,Chargesheet Filed
FIR-000630,Fraud,1,East Ward,26.897443,75.822217,2025-11-11T23:00:58.257791,23,1,1,0,0,Clear,10800,None,P-00062,PS-007,Closed
FIR-000631,Fraud,3,West Sector,26.905069,75.779242,2025-08-18T18:23:58.257791,18,0,0,0,0,Rain,9100,None,,PS-002,Under Investigation
FIR-000632,Theft,1,North District,26.930014,75.813646,2025-12-25T00:14:58.257791,0,3,1,0,0,Clear,8200,None,,PS-006,Closed
FIR-000633,Narcotics,3,East Ward,26.903107,75.836026,2025-09-08T12:23:58.257791,12,0,0,0,0,Rain,10800,None,,PS-003,Under Investigation
FIR-000634,Theft,1,West Sector,26.887765,75.781554,2026-05-24T04:44:58.257791,4,6,1,1,0,Cloudy,9100,None,P-00554,PS-007,Cold
FIR-000635,Assault,2,North District,26.915954,75.829671,2025-12-16T04:38:58.257791,4,1,1,0,0,Cloudy,8200,Blunt Object,P-00312,PS-007,Under Investigation
FIR-000636,Narcotics,4,North District,26.910167,75.828177,2026-06-23T06:49:58.257791,6,1,0,0,0,Clear,8200,None,,PS-004,Cold
FIR-000637,Vehicle Theft,3,North District,26.914453,75.822847,2026-03-12T11:11:58.257791,11,3,0,0,0,Clear,8200,None,P-00454,PS-001,Under Investigation
FIR-000638,Burglary,2,East Ward,26.90207,75.835415,2025-11-03T07:17:58.257791,7,0,0,0,0,Cloudy,10800,None,,PS-007,Under Investigation
FIR-000639,Robbery,5,East Ward,26.914545,75.831578,2025-08-03T10:05:58.257791,10,6,0,1,0,Cloudy,10800,Blunt Object,P-00483,PS-002,Under Investigation
FIR-000640,Narcotics,4,West Sector,26.893907,75.772049,2026-05-25T07:02:58.257791,7,0,0,0,0,Clear,9100,None,,PS-004,Under Investigation
FIR-000641,Kidnapping,5,Industrial Belt,26.868382,75.773145,2025-10-02T07:47:58.257791,7,3,0,0,0,Rain,3100,Knife,,PS-007,Under Investigation
FIR-000642,Extortion,4,Industrial Belt,26.870429,75.780578,2026-05-05T18:39:58.257791,18,1,0,0,0,Fog,3100,Firearm,,PS-006,Closed
FIR-000643,Fraud,3,Industrial Belt,26.865951,75.769719,2025-09-25T08:22:58.257791,8,3,0,0,0,Cloudy,3100,None,P-00139,PS-002,Under Investigation
FIR-000644,Robbery,5,Old City,26.912668,75.796306,2026-06-22T11:00:58.257791,11,0,0,0,0,Clear,16200,Knife,P-00120,PS-008,Under Investigation
FIR-000645,Kidnapping,5,East Ward,26.910304,75.826795,2026-03-13T19:42:58.257791,19,4,0,0,0,Rain,10800,None,,PS-006,Closed
FIR-000646,Theft,3,West Sector,26.886397,75.78327,2025-08-19T04:18:58.257791,4,1,1,0,0,Rain,9100,None,P-00001,PS-001,Cold
FIR-000647,Extortion,4,North District,26.914603,75.809268,2026-06-15T06:05:58.257791,6,0,0,0,1,Fog,8200,Firearm,P-00107,PS-008,Cold
FIR-000648,Extortion,4,South Division,26.858121,75.780135,2026-05-09T13:11:58.257791,13,5,0,1,0,Fog,6400,Improvised,P-00593,PS-003,Under Investigation
FIR-000649,Assault,5,Central Zone,26.910598,75.801014,2026-03-15T00:56:58.257791,0,6,1,1,1,Clear,14500,Firearm,,PS-001,Closed
FIR-000650,Cybercrime,1,North District,26.910788,75.816923,2026-01-22T11:32:58.257791,11,3,0,0,0,Cloudy,8200,None,P-00130,PS-008,Chargesheet Filed
FIR-000651,Theft,1,North District,26.925853,75.813458,2026-06-27T20:11:58.257791,20,5,1,1,0,Clear,8200,None,,PS-008,Under Investigation
FIR-000652,Fraud,3,East Ward,26.900534,75.818353,2025-11-05T18:53:58.257791,18,2,0,0,0,Cloudy,10800,None,,PS-005,Cold
FIR-000653,Narcotics,4,Riverside,26.885073,75.814779,2026-06-25T20:47:58.257791,20,3,1,0,0,Cloudy,5200,None,P-00469,PS-003,Chargesheet Filed
FIR-000654,Narcotics,3,East Ward,26.901271,75.832284,2026-02-23T12:26:58.257791,12,0,0,0,0,Cloudy,10800,None,P-00352,PS-002,Under Investigation
FIR-000655,Cybercrime,1,Old City,26.922315,75.812462,2026-06-11T17:23:58.257791,17,3,0,0,0,Fog,16200,None,P-00561,PS-002,Under Investigation
FIR-000656,Vehicle Theft,1,West Sector,26.89943,75.764649,2025-10-13T05:40:58.257791,5,0,0,0,0,Cloudy,9100,None,,PS-004,Cold
FIR-000657,Narcotics,2,Old City,26.911097,75.815042,2026-01-27T08:07:58.257791,8,1,0,0,0,Cloudy,16200,None,P-00060,PS-007,Chargesheet Filed
FIR-000658,Burglary,4,Industrial Belt,26.853257,75.775226,2026-03-05T19:38:58.257791,19,3,0,0,0,Clear,3100,None,P-00226,PS-004,Closed
FIR-000659,Narcotics,4,Industrial Belt,26.871257,75.76515,2026-01-05T01:15:58.257791,1,0,1,0,0,Fog,3100,None,,PS-001,Under Investigation
FIR-000660,Burglary,4,North District,26.916054,75.809921,2026-03-11T02:36:58.257791,2,2,1,0,0,Clear,8200,None,,PS-003,Under Investigation
FIR-000661,Assault,4,Central Zone,26.890571,75.799841,2025-07-31T12:53:58.257791,12,3,0,0,0,Cloudy,14500,None,,PS-002,Chargesheet Filed
FIR-000662,Cybercrime,1,North District,26.922425,75.82448,2025-09-06T21:20:58.257791,21,5,1,1,0,Rain,8200,None,P-00581,PS-005,Chargesheet Filed
FIR-000663,Burglary,2,South Division,26.867747,75.792904,2026-02-10T19:34:58.257791,19,1,0,0,0,Rain,6400,None,,PS-006,Chargesheet Filed
FIR-000664,Theft,1,Industrial Belt,26.864005,75.762374,2026-07-18T20:34:58.257791,20,5,1,1,0,Clear,3100,None,,PS-006,Chargesheet Filed
FIR-000665,Extortion,3,North District,26.915668,75.816094,2025-10-15T07:39:58.257791,7,2,0,0,1,Rain,8200,Knife,,PS-006,Cold
FIR-000666,Extortion,4,East Ward,26.893768,75.82478,2026-07-13T12:07:58.257791,12,0,0,0,0,Clear,10800,Blunt Object,,PS-002,Chargesheet Filed
FIR-000667,Cybercrime,3,Old City,26.920836,75.809178,2025-10-01T08:29:58.257791,8,2,0,0,0,Cloudy,16200,None,,PS-004,Closed
FIR-000668,Fraud,1,Riverside,26.891276,75.816549,2025-08-19T18:16:58.257791,18,1,0,0,0,Clear,5200,None,P-00491,PS-002,Under Investigation
FIR-000669,Robbery,4,West Sector,26.884546,75.776026,2025-08-12T00:18:58.257791,0,1,1,0,0,Clear,9100,None,,PS-004,Cold
FIR-000670,Robbery,4,West Sector,26.901239,75.768847,2026-06-07T13:48:58.257791,13,6,0,1,0,Clear,9100,Firearm,P-00425,PS-003,Under Investigation
FIR-000671,Vehicle Theft,3,West Sector,26.883313,75.763461,2025-08-12T19:17:58.257791,19,1,0,0,0,Heatwave,9100,None,,PS-001,Under Investigation
FIR-000672,Fraud,1,West Sector,26.906907,75.775023,2026-03-08T09:07:58.257791,9,6,0,1,0,Clear,9100,None,,PS-003,Chargesheet Filed
FIR-000673,Burglary,4,Industrial Belt,26.871116,75.766999,2026-07-01T00:27:58.257791,0,2,1,0,0,Rain,3100,None,P-00001,PS-007,Closed
FIR-000674,Theft,2,West Sector,26.902883,75.764749,2025-10-15T04:11:58.257791,4,2,1,0,1,Clear,9100,None,P-00280,PS-006,Under Investigation
FIR-000675,Burglary,4,Riverside,26.869468,75.802482,2025-10-29T02:57:58.257791,2,2,1,0,0,Cloudy,5200,None,,PS-003,Under Investigation
FIR-000676,Narcotics,4,Central Zone,26.888956,75.809481,2026-01-11T20:55:58.257791,20,6,1,1,0,Clear,14500,None,P-00482,PS-001,Under Investigation
FIR-000677,Burglary,2,North District,26.911635,75.829668,2026-04-29T11:49:58.257791,11,2,0,0,0,Clear,8200,None,P-00285,PS-008,Under Investigation
FIR-000678,Cybercrime,2,Central Zone,26.896018,75.809035,2025-07-30T03:48:58.257791,3,2,1,0,0,Cloudy,14500,None,,PS-008,Under Investigation
FIR-000679,Robbery,4,East Ward,26.90048,75.827486,2025-10-29T20:01:58.257791,20,2,1,0,0,Cloudy,10800,Blunt Object,P-00176,PS-003,Chargesheet Filed
FIR-000680,Theft,2,Riverside,26.879087,75.809121,2025-10-07T08:14:58.257791,8,1,0,0,0,Clear,5200,None,P-00443,PS-003,Under Investigation
FIR-000681,Fraud,3,South Division,26.858147,75.782537,2025-09-11T05:44:58.257791,5,3,0,0,0,Clear,6400,None,,PS-003,Under Investigation
FIR-000682,Narcotics,2,Old City,26.915534,75.814837,2026-06-29T22:55:58.257791,22,0,1,0,0,Clear,16200,None,,PS-006,Closed
FIR-000683,Assault,2,South Division,26.875528,75.799137,2025-09-22T10:18:58.257791,10,0,0,0,0,Clear,6400,Blunt Object,,PS-008,Under Investigation
FIR-000684,Theft,2,Old City,26.925012,75.80449,2026-02-07T11:24:58.257791,11,5,0,1,0,Clear,16200,None,,PS-004,Under Investigation
FIR-000685,Assault,3,Industrial Belt,26.867289,75.764627,2026-06-02T22:23:58.257791,22,1,1,0,0,Fog,3100,Firearm,,PS-001,Closed
FIR-000686,Burglary,2,Industrial Belt,26.852263,75.76313,2025-10-04T23:37:58.257791,23,5,1,1,0,Rain,3100,None,P-00104,PS-004,Under Investigation
FIR-000687,Assault,4,Industrial Belt,26.863716,75.775547,2025-08-26T01:56:58.257791,1,1,1,0,0,Clear,3100,Improvised,,PS-002,Under Investigation
FIR-000688,Fraud,3,Industrial Belt,26.851037,75.773055,2026-01-27T12:29:58.257791,12,1,0,0,0,Rain,3100,None,P-00041,PS-004,Cold
FIR-000689,Burglary,3,Central Zone,26.899953,75.808412,2026-07-17T22:05:58.257791,22,4,1,0,0,Fog,14500,None,P-00094,PS-004,Under Investigation
FIR-000690,Cybercrime,2,Central Zone,26.894083,75.792729,2025-10-01T09:56:58.257791,9,2,0,0,0,Clear,14500,None,,PS-001,Under Investigation
FIR-000691,Burglary,4,Old City,26.905303,75.805894,2025-11-22T08:20:58.257791,8,5,0,1,0,Cloudy,16200,None,P-00065,PS-001,Closed
FIR-000692,Fraud,3,Industrial Belt,26.849777,75.765165,2025-09-10T07:34:58.257791,7,2,0,0,0,Fog,3100,None,,PS-001,Chargesheet Filed
FIR-000693,Theft,1,Central Zone,26.908212,75.805805,2026-04-23T23:58:58.257791,23,3,1,0,0,Fog,14500,None,,PS-002,Closed
FIR-000694,Burglary,2,West Sector,26.893075,75.763336,2025-10-12T11:56:58.257791,11,6,0,1,0,Rain,9100,None,P-00295,PS-006,Cold
FIR-000695,Theft,1,South Division,26.87481,75.800317,2026-02-13T08:39:58.257791,8,4,0,0,0,Fog,6400,None,P-00389,PS-007,Under Investigation
FIR-000696,Burglary,4,North District,26.908868,75.831167,2026-05-20T03:40:58.257791,3,2,1,0,0,Rain,8200,None,P-00148,PS-005,Closed
FIR-000697,Assault,5,Central Zone,26.892015,75.792555,2025-11-19T12:17:58.257791,12,2,0,0,0,Clear,14500,Blunt Object,,PS-003,Under Investigation
FIR-000698,Narcotics,4,Riverside,26.871299,75.81789,2025-09-10T03:00:58.257791,3,2,1,0,0,Clear,5200,None,P-00474,PS-006,Under Investigation
FIR-000699,Cybercrime,1,Central Zone,26.900811,75.799832,2026-07-09T10:45:58.257791,10,3,0,0,0,Cloudy,14500,None,,PS-002,Chargesheet Filed
FIR-000700,Extortion,5,Industrial Belt,26.850031,75.772419,2025-10-10T14:06:58.257791,14,4,0,0,0,Rain,3100,Firearm,,PS-004,Under Investigation
FIR-000701,Kidnapping,5,West Sector,26.906379,75.76748,2025-11-25T22:37:58.257791,22,1,1,0,0,Heatwave,9100,Firearm,P-00056,PS-004,Under Investigation
FIR-000702,Theft,3,Central Zone,26.908027,75.80836,2025-11-06T19:42:58.257791,19,3,0,0,0,Cloudy,14500,None,P-00295,PS-001,Under Investigation
FIR-000703,Cybercrime,3,Old City,26.919203,75.804985,2026-02-01T08:40:58.257791,8,6,0,1,0,Rain,16200,None,,PS-007,Closed
FIR-000704,Cybercrime,2,Riverside,26.890728,75.806652,2025-12-11T17:40:58.257791,17,3,0,0,0,Fog,5200,None,P-00273,PS-008,Cold
FIR-000705,Vehicle Theft,1,Central Zone,26.898342,75.809743,2026-02-09T17:29:58.257791,17,0,0,0,0,Rain,14500,None,P-00130,PS-006,Under Investigation
FIR-000706,Narcotics,4,North District,26.93001,75.815352,2026-07-18T18:27:58.257791,18,5,0,1,0,Clear,8200,None,P-00246,PS-003,Chargesheet Filed
FIR-000707,Burglary,3,East Ward,26.897361,75.838483,2026-01-08T05:27:58.257791,5,3,0,0,0,Clear,10800,None,P-00337,PS-005,Under Investigation
FIR-000708,Theft,2,West Sector,26.884263,75.779025,2026-05-23T21:08:58.257791,21,5,1,1,0,Clear,9100,None,P-00405,PS-004,Under Investigation
FIR-000709,Narcotics,2,Riverside,26.885241,75.79934,2026-02-23T21:10:58.257791,21,0,1,0,0,Rain,5200,None,,PS-004,Closed
FIR-000710,Robbery,5,South Division,26.875541,75.789896,2025-09-18T15:48:58.257791,15,3,0,0,0,Clear,6400,Knife,P-00263,PS-003,Cold
FIR-000711,Vehicle Theft,2,North District,26.911754,75.816706,2026-05-04T07:56:58.257791,7,0,0,0,0,Fog,8200,None,,PS-005,Chargesheet Filed
FIR-000712,Fraud,3,Central Zone,26.899953,75.790698,2026-04-11T08:07:58.257791,8,5,0,1,0,Clear,14500,None,P-00120,PS-001,Closed
FIR-000713,Extortion,4,West Sector,26.893871,75.776855,2026-01-17T17:43:58.257791,17,5,0,1,0,Clear,9100,Blunt Object,P-00238,PS-004,Under Investigation
FIR-000714,Cybercrime,3,North District,26.924806,75.827567,2025-12-15T19:32:58.257791,19,0,0,0,1,Rain,8200,None,,PS-002,Under Investigation
FIR-000715,Theft,1,Industrial Belt,26.870099,75.769612,2026-01-09T14:24:58.257791,14,4,0,0,0,Cloudy,3100,None,,PS-003,Under Investigation
FIR-000716,Burglary,2,Central Zone,26.902501,75.793441,2026-03-21T15:45:58.257791,15,5,0,1,0,Fog,14500,None,,PS-002,Chargesheet Filed
FIR-000717,Theft,1,Central Zone,26.909802,75.792763,2026-02-15T10:42:58.257791,10,6,0,1,1,Cloudy,14500,None,P-00459,PS-006,Under Investigation
FIR-000718,Fraud,1,Central Zone,26.901815,75.803148,2026-02-11T23:49:58.257791,23,2,1,0,0,Rain,14500,None,P-00188,PS-006,Under Investigation
FIR-000719,Fraud,1,West Sector,26.904829,75.766561,2026-06-07T05:43:58.257791,5,6,0,1,0,Fog,9100,None,P-00494,PS-008,Under Investigation
FIR-000720,Burglary,3,East Ward,26.909589,75.837879,2026-04-20T13:29:58.257791,13,0,0,0,0,Clear,10800,None,,PS-004,Chargesheet Filed
FIR-000721,Assault,2,Central Zone,26.899269,75.790199,2025-11-20T07:18:58.257791,7,3,0,0,0,Clear,14500,None,P-00338,PS-003,Under Investigation
FIR-000722,Narcotics,3,South Division,26.858926,75.77834,2025-09-26T10:42:58.257791,10,4,0,0,0,Clear,6400,None,P-00292,PS-002,Under Investigation
FIR-000723,Fraud,3,Riverside,26.891086,75.814946,2026-05-06T01:48:58.257791,1,2,1,0,0,Heatwave,5200,None,,PS-008,Closed
FIR-000724,Narcotics,3,Riverside,26.879483,75.805783,2026-03-06T16:39:58.257791,16,4,0,0,0,Clear,5200,None,,PS-003,Under Investigation
FIR-000725,Theft,3,Industrial Belt,26.860201,75.773234,2025-11-14T16:00:58.257791,16,4,0,0,0,Clear,3100,None,,PS-005,Under Investigation
FIR-000726,Burglary,4,Central Zone,26.911779,75.803152,2026-05-09T15:45:58.257791,15,5,0,1,0,Rain,14500,None,P-00538,PS-006,Under Investigation
FIR-000727,Theft,2,West Sector,26.888814,75.78453,2026-06-08T04:04:58.257791,4,0,1,0,0,Clear,9100,None,,PS-008,Chargesheet Filed
FIR-000728,Assault,5,Central Zone,26.894619,75.807864,2026-06-22T21:25:58.257791,21,0,1,0,0,Clear,14500,Firearm,P-00480,PS-004,Chargesheet Filed
FIR-000729,Theft,3,Industrial Belt,26.849722,75.776594,2025-09-27T14:26:58.257791,14,5,0,1,0,Clear,3100,None,P-00477,PS-001,Closed
FIR-000730,Robbery,4,Central Zone,26.897267,75.795532,2026-02-16T01:27:58.257791,1,0,1,0,0,Rain,14500,None,P-00353,PS-006,Under Investigation
FIR-000731,Theft,3,East Ward,26.899424,75.81986,2025-10-24T14:33:58.257791,14,4,0,0,0,Clear,10800,None,,PS-006,Under Investigation
FIR-000732,Robbery,3,Central Zone,26.902182,75.798821,2026-05-14T14:56:58.257791,14,3,0,0,0,Cloudy,14500,Knife,P-00581,PS-001,Closed
FIR-000733,Cybercrime,3,North District,26.908358,75.822946,2025-10-04T18:07:58.257791,18,5,0,1,0,Clear,8200,None,,PS-002,Under Investigation
FIR-000734,Robbery,5,Old City,26.91332,75.815719,2025-10-11T02:55:58.257791,2,5,1,1,0,Fog,16200,Improvised,P-00400,PS-008,Under Investigation
FIR-000735,Assault,5,East Ward,26.898552,75.837149,2026-04-20T09:04:58.257791,9,0,0,0,0,Clear,10800,Knife,,PS-003,Under Investigation
FIR-000736,Cybercrime,3,West Sector,26.897919,75.77857,2025-08-10T08:12:58.257791,8,6,0,1,0,Cloudy,9100,None,P-00172,PS-004,Cold
FIR-000737,Robbery,5,Old City,26.921479,75.800892,2026-07-19T16:10:58.257791,16,6,0,1,0,Clear,16200,Improvised,P-00389,PS-006,Under Investigation
FIR-000738,Burglary,2,North District,26.92659,75.819671,2025-08-18T22:58:58.257791,22,0,1,0,0,Cloudy,8200,None,P-00214,PS-008,Chargesheet Filed
FIR-000739,Robbery,5,Central Zone,26.899142,75.795348,2025-07-30T15:54:58.257791,15,2,0,0,0,Clear,14500,Blunt Object,P-00557,PS-008,Under Investigation
FIR-000740,Cybercrime,2,East Ward,26.912589,75.827256,2026-05-26T08:50:58.257791,8,1,0,0,0,Clear,10800,None,P-00491,PS-001,Under Investigation
FIR-000741,Fraud,2,West Sector,26.88778,75.777133,2025-08-07T07:06:58.257791,7,3,0,0,0,Clear,9100,None,P-00202,PS-007,Closed
FIR-000742,Fraud,2,Industrial Belt,26.851296,75.774703,2026-03-08T19:58:58.257791,19,6,0,1,0,Fog,3100,None,P-00152,PS-001,Closed
FIR-000743,Burglary,2,East Ward,26.904104,75.834186,2025-07-30T23:14:58.257791,23,2,1,0,0,Clear,10800,None,P-00172,PS-002,Chargesheet Filed
FIR-000744,Robbery,4,East Ward,26.907681,75.826368,2026-04-21T13:45:58.257791,13,1,0,0,0,Cloudy,10800,Blunt Object,P-00475,PS-004,Under Investigation
FIR-000745,Vehicle Theft,1,West Sector,26.902001,75.770328,2025-12-08T03:38:58.257791,3,0,1,0,0,Clear,9100,None,P-00425,PS-004,Chargesheet Filed
FIR-000746,Burglary,4,Central Zone,26.909142,75.80905,2026-07-23T02:08:58.257791,2,3,1,0,0,Cloudy,14500,None,P-00397,PS-003,Under Investigation
FIR-000747,Fraud,3,North District,26.930444,75.83172,2026-01-11T10:17:58.257791,10,6,0,1,0,Clear,8200,None,,PS-005,Under Investigation
FIR-000748,Fraud,1,Central Zone,26.90865,75.80628,2025-07-31T12:19:58.257791,12,3,0,0,0,Clear,14500,None,P-00227,PS-006,Under Investigation
FIR-000749,Robbery,3,East Ward,26.893895,75.818244,2026-02-23T05:12:58.257791,5,0,0,0,0,Cloudy,10800,Blunt Object,P-00425,PS-005,Under Investigation
FIR-000750,Theft,3,North District,26.928991,75.810559,2026-06-04T01:27:58.257791,1,3,1,0,0,Clear,8200,None,,PS-004,Chargesheet Filed
FIR-000751,Assault,4,South Division,26.871976,75.793072,2026-02-13T05:24:58.257791,5,4,0,0,0,Rain,6400,None,,PS-007,Cold
FIR-000752,Burglary,3,North District,26.921261,75.81254,2026-05-16T13:04:58.257791,13,5,0,1,0,Fog,8200,None,,PS-007,Under Investigation
FIR-000753,Extortion,4,North District,26.929366,75.812572,2025-11-18T11:26:58.257791,11,1,0,0,0,Clear,8200,Knife,P-00480,PS-001,Chargesheet Filed
FIR-000754,Burglary,2,Central Zone,26.888449,75.793568,2026-03-18T03:02:58.257791,3,2,1,0,0,Clear,14500,None,P-00433,PS-007,Closed
FIR-000755,Narcotics,2,Old City,26.916252,75.814639,2026-06-28T06:41:58.257791,6,6,0,1,0,Rain,16200,None,,PS-006,Chargesheet Filed
FIR-000756,Cybercrime,1,Riverside,26.889267,75.813692,2026-05-14T02:15:58.257791,2,3,1,0,0,Rain,5200,None,,PS-008,Under Investigation
FIR-000757,Burglary,3,Central Zone,26.889403,75.793481,2026-03-22T02:03:58.257791,2,6,1,1,0,Heatwave,14500,None,,PS-006,Cold
FIR-000758,Assault,5,Central Zone,26.906039,75.805516,2026-05-09T13:08:58.257791,13,5,0,1,0,Clear,14500,Knife,,PS-004,Under Investigation
FIR-000759,Theft,1,East Ward,26.900925,75.831767,2025-10-13T13:41:58.257791,13,0,0,0,0,Clear,10800,None,P-00152,PS-001,Under Investigation
FIR-000760,Fraud,1,Central Zone,26.904088,75.798267,2025-12-03T07:20:58.257791,7,2,0,0,0,Clear,14500,None,P-00588,PS-001,Under Investigation
FIR-000761,Narcotics,2,South Division,26.879567,75.77936,2026-03-28T13:30:58.257791,13,5,0,1,0,Clear,6400,None,P-00273,PS-004,Under Investigation
FIR-000762,Narcotics,3,Industrial Belt,26.852095,75.758697,2025-10-23T01:38:58.257791,1,3,1,0,0,Cloudy,3100,None,P-00569,PS-003,Under Investigation
FIR-000763,Vehicle Theft,1,East Ward,26.895181,75.835225,2026-03-17T20:42:58.257791,20,1,1,0,0,Cloudy,10800,None,,PS-003,Under Investigation
FIR-000764,Robbery,4,Riverside,26.883853,75.811115,2025-08-25T08:43:58.257791,8,0,0,0,0,Fog,5200,None,,PS-008,Closed
FIR-000765,Fraud,3,Old City,26.925457,75.797389,2026-01-07T02:17:58.257791,2,2,1,0,0,Clear,16200,None,P-00281,PS-006,Closed
FIR-000766,Vehicle Theft,2,Central Zone,26.900139,75.810347,2026-03-08T22:41:58.257791,22,6,1,1,0,Cloudy,14500,None,P-00237,PS-001,Chargesheet Filed
FIR-000767,Assault,4,East Ward,26.914957,75.835393,2026-07-14T04:15:58.257791,4,1,1,0,0,Clear,10800,Blunt Object,P-00188,PS-004,Closed
FIR-000768,Theft,1,South Division,26.860861,75.788989,2025-09-03T22:57:58.257791,22,2,1,0,0,Clear,6400,None,P-00172,PS-006,Cold
FIR-000769,Cybercrime,1,East Ward,26.903906,75.819188,2026-06-05T19:33:58.257791,19,4,0,0,0,Fog,10800,None,,PS-005,Closed
FIR-000770,Robbery,5,Old City,26.917814,75.809667,2025-11-19T13:00:58.257791,13,2,0,0,0,Clear,16200,None,P-00237,PS-008,Under Investigation
FIR-000771,Burglary,3,Central Zone,26.892363,75.788515,2026-04-05T06:38:58.257791,6,6,0,1,0,Clear,14500,None,,PS-003,Under Investigation
FIR-000772,Theft,3,West Sector,26.89218,75.785995,2026-02-04T15:11:58.257791,15,2,0,0,0,Cloudy,9100,None,,PS-001,Closed
FIR-000773,Narcotics,2,Riverside,26.875314,75.818175,2025-11-07T03:09:58.257791,3,4,1,0,0,Clear,5200,None,P-00445,PS-006,Under Investigation
FIR-000774,Fraud,3,South Division,26.874425,75.779713,2025-10-19T18:46:58.257791,18,6,0,1,0,Clear,6400,None,,PS-006,Under Investigation
FIR-000775,Burglary,3,Old City,26.918232,75.798021,2026-04-07T02:30:58.257791,2,1,1,0,0,Rain,16200,None,,PS-006,Under Investigation
FIR-000776,Theft,2,Central Zone,26.901614,75.788421,2026-03-15T09:21:58.257791,9,6,0,1,1,Clear,14500,None,P-00294,PS-006,Closed
FIR-000777,Vehicle Theft,1,Central Zone,26.891622,75.79486,2026-05-31T21:52:58.257791,21,6,1,1,0,Cloudy,14500,None,P-00558,PS-007,Under Investigation
FIR-000778,Vehicle Theft,1,Central Zone,26.898461,75.799119,2026-01-05T04:39:58.257791,4,0,1,0,0,Cloudy,14500,None,,PS-003,Closed
FIR-000779,Cybercrime,1,Central Zone,26.898355,75.789824,2026-06-10T17:09:58.257791,17,2,0,0,0,Cloudy,14500,None,,PS-001,Closed
FIR-000780,Burglary,4,East Ward,26.911247,75.818971,2025-09-14T00:04:58.257791,0,6,1,1,0,Rain,10800,None,P-00400,PS-004,Chargesheet Filed
FIR-000781,Theft,1,Central Zone,26.906771,75.796931,2026-06-19T20:02:58.257791,20,4,1,0,0,Fog,14500,None,P-00477,PS-002,Chargesheet Filed
FIR-000782,Kidnapping,5,East Ward,26.914447,75.820496,2026-03-06T11:17:58.257791,11,4,0,0,0,Cloudy,10800,Improvised,,PS-006,Under Investigation
FIR-000783,Narcotics,4,East Ward,26.893023,75.837071,2026-02-11T03:10:58.257791,3,2,1,0,0,Rain,10800,None,P-00382,PS-008,Under Investigation
FIR-000784,Vehicle Theft,2,East Ward,26.908307,75.824762,2025-11-29T04:24:58.257791,4,5,1,1,0,Clear,10800,None,,PS-005,Chargesheet Filed
FIR-000785,Vehicle Theft,1,North District,26.922652,75.825157,2026-03-06T16:59:58.257791,16,4,0,0,0,Clear,8200,None,P-00110,PS-003,Under Investigation
FIR-000786,Theft,2,Central Zone,26.900766,75.8071,2025-12-30T15:55:58.257791,15,1,0,0,0,Clear,14500,None,P-00538,PS-008,Cold
FIR-000787,Robbery,5,Industrial Belt,26.858716,75.777809,2026-05-13T16:46:58.257791,16,2,0,0,0,Clear,3100,Improvised,P-00453,PS-005,Closed
FIR-000788,Theft,3,East Ward,26.893478,75.823264,2026-06-24T23:23:58.257791,23,2,1,0,0,Cloudy,10800,None,P-00297,PS-001,Chargesheet Filed
FIR-000789,Cybercrime,3,Old City,26.906871,75.80108,2026-07-22T17:54:58.257791,17,2,0,0,0,Clear,16200,None,P-00143,PS-002,Under Investigation
FIR-000790,Assault,3,East Ward,26.906196,75.818046,2026-01-09T23:08:58.257791,23,4,1,0,0,Clear,10800,Knife,P-00491,PS-007,Chargesheet Filed
FIR-000791,Theft,2,East Ward,26.905816,75.828373,2026-06-29T12:40:58.257791,12,0,0,0,0,Cloudy,10800,None,,PS-007,Cold
FIR-000792,Narcotics,4,Riverside,26.889431,75.814156,2025-10-25T11:47:58.257791,11,5,0,1,0,Clear,5200,None,,PS-004,Under Investigation
FIR-000793,Extortion,5,South Division,26.879913,75.796001,2025-09-07T10:12:58.257791,10,6,0,1,0,Cloudy,6400,Knife,,PS-007,Closed
FIR-000794,Cybercrime,1,Central Zone,26.891721,75.80014,2026-05-05T03:40:58.257791,3,1,1,0,0,Clear,14500,None,P-00161,PS-003,Under Investigation
FIR-000795,Theft,3,East Ward,26.907402,75.838547,2026-04-13T17:05:58.257791,17,0,0,0,0,Clear,10800,None,P-00240,PS-001,Under Investigation
FIR-000796,Assault,4,Riverside,26.887813,75.802009,2026-04-05T05:57:58.257791,5,6,0,1,0,Cloudy,5200,Improvised,,PS-002,Chargesheet Filed
FIR-000797,Robbery,4,Old City,26.905803,75.815037,2025-11-29T20:30:58.257791,20,5,1,1,0,Clear,16200,Firearm,,PS-007,Closed
FIR-000798,Vehicle Theft,1,East Ward,26.910626,75.818399,2025-11-30T11:35:58.257791,11,6,0,1,0,Clear,10800,None,,PS-003,Chargesheet Filed
FIR-000799,Theft,2,West Sector,26.896794,75.765261,2026-07-18T06:25:58.257791,6,5,0,1,0,Clear,9100,None,P-00152,PS-005,Closed
FIR-000800,Burglary,3,East Ward,26.908079,75.818217,2025-10-18T04:11:58.257791,4,5,1,1,0,Clear,10800,None,P-00226,PS-003,Closed
FIR-000801,Vehicle Theft,2,East Ward,26.903153,75.841723,2026-03-11T02:31:58.257791,2,2,1,0,0,Cloudy,10800,None,P-00557,PS-008,Closed
FIR-000802,Vehicle Theft,2,West Sector,26.899464,75.774953,2025-08-07T10:51:58.257791,10,3,0,0,0,Cloudy,9100,None,,PS-005,Under Investigation
FIR-000803,Assault,4,North District,26.910701,75.819089,2026-04-13T00:42:58.257791,0,0,1,0,0,Cloudy,8200,Improvised,P-00338,PS-006,Under Investigation
FIR-000804,Burglary,4,Old City,26.915809,75.799365,2026-04-27T10:57:58.257791,10,0,0,0,0,Heatwave,16200,None,P-00569,PS-003,Closed
FIR-000805,Theft,1,South Division,26.861937,75.781349,2026-02-12T18:11:58.257791,18,3,0,0,0,Heatwave,6400,None,P-00292,PS-007,Under Investigation
FIR-000806,Burglary,3,East Ward,26.901606,75.820505,2025-08-26T18:44:58.257791,18,1,0,0,0,Cloudy,10800,None,P-00414,PS-004,Chargesheet Filed
FIR-000807,Assault,3,Old City,26.917853,75.810685,2026-01-11T09:10:58.257791,9,6,0,1,0,Cloudy,16200,None,P-00549,PS-006,Under Investigation
FIR-000808,Narcotics,2,Riverside,26.869134,75.803108,2025-08-02T22:50:58.257791,22,5,1,1,0,Heatwave,5200,None,,PS-007,Chargesheet Filed
FIR-000809,Theft,2,West Sector,26.892298,75.76533,2026-05-26T13:13:58.257791,13,1,0,0,0,Cloudy,9100,None,P-00422,PS-004,Chargesheet Filed
FIR-000810,Theft,2,Industrial Belt,26.869936,75.779894,2026-07-02T03:18:58.257791,3,3,1,0,0,Clear,3100,None,,PS-008,Under Investigation
FIR-000811,Theft,2,Riverside,26.889325,75.800949,2025-08-12T17:58:58.257791,17,1,0,0,0,Cloudy,5200,None,P-00220,PS-005,Cold
FIR-000812,Assault,4,Central Zone,26.910913,75.801407,2026-05-30T12:53:58.257791,12,5,0,1,0,Clear,14500,Firearm,,PS-003,Under Investigation
FIR-000813,Burglary,4,North District,26.918469,75.819464,2025-10-06T21:58:58.257791,21,0,1,0,0,Clear,8200,None,P-00306,PS-003,Under Investigation
FIR-000814,Theft,3,Riverside,26.88354,75.805077,2025-09-28T12:51:58.257791,12,6,0,1,0,Clear,5200,None,,PS-005,Closed
FIR-000815,Fraud,2,South Division,26.872335,75.792419,2026-02-11T03:25:58.257791,3,2,1,0,0,Clear,6400,None,P-00087,PS-004,Closed
FIR-000816,Fraud,1,West Sector,26.885439,75.779836,2026-04-02T19:59:58.257791,19,3,0,0,0,Clear,9100,None,,PS-001,Under Investigation
FIR-000817,Cybercrime,1,Central Zone,26.910303,75.806699,2025-09-30T15:02:58.257791,15,1,0,0,0,Fog,14500,None,P-00565,PS-003,Closed
FIR-000818,Fraud,3,South Division,26.863913,75.786316,2025-10-15T07:40:58.257791,7,2,0,0,1,Clear,6400,None,P-00481,PS-006,Closed
FIR-000819,Extortion,3,Central Zone,26.905107,75.795503,2026-05-22T15:10:58.257791,15,4,0,0,0,Clear,14500,Firearm,P-00382,PS-008,Under Investigation
FIR-000820,Vehicle Theft,3,North District,26.909132,75.815404,2025-08-29T19:12:58.257791,19,4,0,0,0,Fog,8200,None,P-00334,PS-008,Under Investigation
FIR-000821,Theft,2,South Division,26.878972,75.795563,2026-01-30T14:04:58.257791,14,4,0,0,0,Clear,6400,None,,PS-005,Under Investigation
FIR-000822,Vehicle Theft,3,Old City,26.914027,75.799239,2026-03-19T21:13:58.257791,21,3,1,0,0,Cloudy,16200,None,,PS-004,Under Investigation
FIR-000823,Theft,1,Central Zone,26.898111,75.808972,2026-04-14T10:52:58.257791,10,1,0,0,0,Clear,14500,None,P-00151,PS-004,Chargesheet Filed
FIR-000824,Assault,3,East Ward,26.91249,75.831364,2026-05-29T23:18:58.257791,23,4,1,0,0,Fog,10800,Blunt Object,P-00126,PS-008,Under Investigation
FIR-000825,Theft,1,Central Zone,26.890933,75.804596,2026-05-07T07:02:58.257791,7,3,0,0,0,Clear,14500,None,P-00477,PS-004,Cold
FIR-000826,Robbery,3,Old City,26.91155,75.809453,2026-03-31T09:54:58.257791,9,1,0,0,0,Clear,16200,Blunt Object,P-00208,PS-008,Under Investigation
FIR-000827,Vehicle Theft,1,South Division,26.881686,75.783388,2026-02-04T23:28:58.257791,23,2,1,0,0,Rain,6400,None,,PS-003,Closed
FIR-000828,Cybercrime,2,East Ward,26.894264,75.832101,2026-02-04T14:41:58.257791,14,2,0,0,0,Clear,10800,None,,PS-001,Closed
FIR-000829,Theft,1,North District,26.920751,75.813615,2026-04-25T13:26:58.257791,13,5,0,1,0,Clear,8200,None,,PS-006,Under Investigation
FIR-000830,Theft,2,Old City,26.907085,75.800075,2026-04-29T13:17:58.257791,13,2,0,0,0,Cloudy,16200,None,P-00389,PS-005,Closed
FIR-000831,Assault,3,Industrial Belt,26.861465,75.779044,2026-07-05T13:37:58.257791,13,6,0,1,0,Cloudy,3100,Blunt Object,,PS-006,Closed
FIR-000832,Narcotics,2,East Ward,26.8973,75.819715,2026-04-18T22:24:58.257791,22,5,1,1,0,Rain,10800,None,,PS-008,Chargesheet Filed
FIR-000833,Theft,3,East Ward,26.905971,75.833343,2026-07-01T14:44:58.257791,14,2,0,0,0,Clear,10800,None,,PS-008,Chargesheet Filed
FIR-000834,Cybercrime,2,South Division,26.877461,75.796958,2026-01-11T12:24:58.257791,12,6,0,1,0,Clear,6400,None,,PS-004,Under Investigation
FIR-000835,Theft,1,Old City,26.920427,75.808317,2025-10-16T10:16:58.257791,10,3,0,0,0,Heatwave,16200,None,P-00382,PS-006,Chargesheet Filed
FIR-000836,Kidnapping,5,Riverside,26.888023,75.799915,2025-09-22T20:27:58.257791,20,0,1,0,0,Clear,5200,Firearm,,PS-001,Chargesheet Filed
FIR-000837,Narcotics,4,North District,26.923127,75.812006,2026-06-08T15:49:58.257791,15,0,0,0,0,Fog,8200,None,P-00351,PS-001,Under Investigation
FIR-000838,Extortion,4,Central Zone,26.890146,75.807897,2026-03-01T07:28:58.257791,7,6,0,1,0,Clear,14500,Improvised,P-00384,PS-001,Chargesheet Filed
FIR-000839,Fraud,1,South Division,26.875907,75.780917,2025-08-02T15:11:58.257791,15,5,0,1,0,Clear,6400,None,,PS-002,Under Investigation
FIR-000840,Assault,3,Industrial Belt,26.863512,75.765564,2026-04-24T22:45:58.257791,22,4,1,0,0,Cloudy,3100,Blunt Object,P-00528,PS-001,Closed
FIR-000841,Assault,2,Old City,26.904025,75.800866,2026-01-10T11:42:58.257791,11,5,0,1,0,Clear,16200,Firearm,,PS-004,Chargesheet Filed
FIR-000842,Narcotics,3,Central Zone,26.892935,75.806181,2025-08-31T04:50:58.257791,4,6,1,1,0,Cloudy,14500,None,P-00321,PS-002,Under Investigation
FIR-000843,Burglary,4,West Sector,26.884448,75.763171,2026-05-29T06:27:58.257791,6,4,0,0,0,Clear,9100,None,P-00238,PS-007,Under Investigation
FIR-000844,Vehicle Theft,2,East Ward,26.91269,75.823746,2025-12-23T08:33:58.257791,8,1,0,0,0,Clear,10800,None,P-00139,PS-006,Under Investigation
FIR-000845,Cybercrime,3,Riverside,26.869022,75.801217,2025-09-16T06:09:58.257791,6,1,0,0,0,Clear,5200,None,P-00176,PS-008,Closed
FIR-000846,Fraud,2,South Division,26.867837,75.786235,2025-10-16T11:29:58.257791,11,3,0,0,0,Clear,6400,None,P-00130,PS-002,Under Investigation
FIR-000847,Theft,1,Central Zone,26.902963,75.804718,2025-08-31T16:34:58.257791,16,6,0,1,0,Clear,14500,None,,PS-006,Closed
FIR-000848,Extortion,3,Central Zone,26.911408,75.81112,2026-04-27T14:49:58.257791,14,0,0,0,0,Clear,14500,Improvised,P-00480,PS-001,Under Investigation
FIR-000849,Burglary,2,Industrial Belt,26.870407,75.770219,2025-07-31T02:00:58.257791,2,3,1,0,0,Cloudy,3100,None,P-00463,PS-005,Closed
FIR-000850,Fraud,1,South Division,26.871808,75.791803,2026-04-23T12:05:58.257791,12,3,0,0,0,Cloudy,6400,None,P-00375,PS-007,Under Investigation
FIR-000851,Cybercrime,3,Old City,26.907169,75.805136,2026-06-29T13:31:58.257791,13,0,0,0,0,Heatwave,16200,None,,PS-005,Cold
FIR-000852,Theft,3,South Division,26.863691,75.797954,2025-12-12T04:39:58.257791,4,4,1,0,0,Heatwave,6400,None,P-00551,PS-008,Under Investigation
FIR-000853,Robbery,4,South Division,26.877345,75.801037,2026-03-16T02:47:58.257791,2,0,1,0,0,Clear,6400,None,,PS-007,Chargesheet Filed
FIR-000854,Vehicle Theft,3,Riverside,26.889628,75.810174,2025-08-13T00:10:58.257791,0,2,1,0,0,Fog,5200,None,P-00352,PS-008,Closed
FIR-000855,Burglary,3,West Sector,26.893788,75.782906,2026-04-15T01:37:58.257791,1,2,1,0,1,Clear,9100,None,P-00518,PS-001,Closed
FIR-000856,Vehicle Theft,2,East Ward,26.916264,75.822471,2025-09-22T05:03:58.257791,5,0,0,0,0,Cloudy,10800,None,P-00107,PS-006,Under Investigation
FIR-000857,Burglary,2,Central Zone,26.909467,75.802669,2025-08-16T01:55:58.257791,1,5,1,1,0,Cloudy,14500,None,,PS-006,Closed
FIR-000858,Fraud,2,Central Zone,26.904547,75.808133,2025-12-11T01:55:58.257791,1,3,1,0,0,Clear,14500,None,P-00422,PS-004,Under Investigation
FIR-000859,Vehicle Theft,3,West Sector,26.897787,75.765371,2025-11-26T11:32:58.257791,11,2,0,0,0,Clear,9100,None,,PS-003,Under Investigation
FIR-000860,Fraud,1,Central Zone,26.905866,75.811591,2026-03-21T18:28:58.257791,18,5,0,1,0,Rain,14500,None,,PS-007,Under Investigation
FIR-000861,Theft,2,Central Zone,26.888336,75.807977,2025-09-05T09:44:58.257791,9,4,0,0,0,Clear,14500,None,,PS-004,Under Investigation
FIR-000862,Burglary,4,North District,26.918359,75.824501,2026-04-26T12:54:58.257791,12,6,0,1,0,Clear,8200,None,P-00353,PS-001,Under Investigation
FIR-000863,Cybercrime,1,West Sector,26.883763,75.771045,2026-07-17T14:01:58.257791,14,4,0,0,0,Clear,9100,None,,PS-007,Chargesheet Filed
FIR-000864,Assault,2,West Sector,26.883239,75.774156,2025-10-03T20:27:58.257791,20,4,1,0,0,Clear,9100,None,,PS-001,Under Investigation
FIR-000865,Vehicle Theft,3,Central Zone,26.899075,75.792548,2026-01-13T11:51:58.257791,11,1,0,0,0,Clear,14500,None,,PS-008,Under Investigation
FIR-000866,Theft,3,North District,26.919343,75.809814,2025-11-08T11:43:58.257791,11,5,0,1,0,Clear,8200,None,P-00109,PS-003,Under Investigation
FIR-000867,Fraud,3,Old City,26.91278,75.795685,2025-12-03T04:46:58.257791,4,2,1,0,0,Fog,16200,None,P-00425,PS-003,Closed
FIR-000868,Burglary,2,Industrial Belt,26.857769,75.781598,2025-08-31T09:44:58.257791,9,6,0,1,0,Clear,3100,None,P-00161,PS-005,Under Investigation
FIR-000869,Robbery,3,Old City,26.906458,75.797346,2025-10-01T23:14:58.257791,23,2,1,0,0,Clear,16200,Firearm,,PS-002,Under Investigation
FIR-000870,Theft,2,Old City,26.922148,75.804387,2026-07-02T16:52:58.257791,16,3,0,0,0,Cloudy,16200,None,P-00454,PS-001,Under Investigation
FIR-000871,Burglary,2,Central Zone,26.899288,75.789894,2026-06-20T14:13:58.257791,14,5,0,1,0,Clear,14500,None,P-00593,PS-005,Chargesheet Filed
FIR-000872,Narcotics,3,North District,26.922024,75.816418,2026-07-07T22:08:58.257791,22,1,1,0,0,Fog,8200,None,P-00106,PS-002,Under Investigation
FIR-000873,Theft,2,Old City,26.915972,75.80271,2026-01-06T11:28:58.257791,11,1,0,0,0,Fog,16200,None,,PS-005,Chargesheet Filed
FIR-000874,Fraud,3,Old City,26.919187,75.796046,2026-02-23T02:21:58.257791,2,0,1,0,0,Cloudy,16200,None,P-00060,PS-001,Closed
FIR-000875,Burglary,4,Central Zone,26.90138,75.790126,2026-03-17T01:52:58.257791,1,1,1,0,0,Cloudy,14500,None,,PS-001,Closed
FIR-000876,Theft,2,East Ward,26.906711,75.835426,2026-05-12T21:56:58.257791,21,1,1,0,0,Clear,10800,None,P-00596,PS-004,Under Investigation
FIR-000877,Burglary,2,Industrial Belt,26.854686,75.764456,2026-06-11T22:44:58.257791,22,3,1,0,0,Clear,3100,None,P-00334,PS-001,Closed
FIR-000878,Assault,3,North District,26.925146,75.808233,2026-05-16T10:17:58.257791,10,5,0,1,0,Clear,8200,Knife,P-00121,PS-008,Closed
FIR-000879,Narcotics,2,Old City,26.903047,75.793495,2025-08-03T05:48:58.257791,5,6,0,1,0,Clear,16200,None,P-00278,PS-004,Chargesheet Filed
FIR-000880,Robbery,3,Old City,26.915388,75.806722,2026-02-18T08:06:58.257791,8,2,0,0,0,Cloudy,16200,None,,PS-002,Under Investigation
FIR-000881,Narcotics,3,West Sector,26.896625,75.780793,2025-07-27T18:28:58.257791,18,6,0,1,0,Heatwave,9100,None,P-00172,PS-003,Closed
FIR-000882,Fraud,3,Central Zone,26.905442,75.80576,2026-03-17T17:44:58.257791,17,1,0,0,0,Cloudy,14500,None,,PS-007,Under Investigation
FIR-000883,Cybercrime,3,Old City,26.913206,75.816999,2026-01-15T03:25:58.257791,3,3,1,0,1,Heatwave,16200,None,P-00043,PS-001,Under Investigation
FIR-000884,Burglary,2,East Ward,26.914368,75.835352,2026-05-24T10:08:58.257791,10,6,0,1,0,Cloudy,10800,None,P-00334,PS-002,Cold
FIR-000885,Assault,4,East Ward,26.909663,75.825913,2025-09-08T03:56:58.257791,3,0,1,0,0,Cloudy,10800,Firearm,P-00429,PS-003,Cold
FIR-000886,Burglary,2,Central Zone,26.894666,75.797867,2025-12-07T14:51:58.257791,14,6,0,1,0,Clear,14500,None,P-00278,PS-005,Under Investigation
FIR-000887,Fraud,1,Riverside,26.869405,75.801311,2025-12-13T06:18:58.257791,6,5,0,1,0,Clear,5200,None,,PS-001,Chargesheet Filed
FIR-000888,Extortion,5,Old City,26.90834,75.803722,2026-04-28T20:35:58.257791,20,1,1,0,0,Cloudy,16200,Firearm,,PS-001,Under Investigation
FIR-000889,Extortion,4,Riverside,26.87429,75.805794,2025-10-06T19:24:58.257791,19,0,0,0,0,Clear,5200,Firearm,P-00167,PS-004,Under Investigation
FIR-000890,Assault,3,Central Zone,26.902874,75.81182,2025-11-17T05:20:58.257791,5,0,0,0,0,Clear,14500,Knife,,PS-006,Under Investigation
FIR-000891,Robbery,4,North District,26.916303,75.80843,2026-02-25T20:31:58.257791,20,2,1,0,0,Clear,8200,Blunt Object,,PS-002,Chargesheet Filed
FIR-000892,Assault,2,North District,26.909291,75.811067,2026-05-30T23:05:58.257791,23,5,1,1,0,Clear,8200,Blunt Object,P-00109,PS-002,Under Investigation
FIR-000893,Vehicle Theft,3,Old City,26.913253,75.80142,2025-10-24T00:48:58.257791,0,4,1,0,0,Clear,16200,None,P-00474,PS-005,Cold
FIR-000894,Fraud,1,Old City,26.925937,75.811526,2025-08-01T09:38:58.257791,9,4,0,0,0,Clear,16200,None,,PS-005,Under Investigation
FIR-000895,Cybercrime,2,Old City,26.926702,75.813451,2025-12-30T14:02:58.257791,14,1,0,0,0,Fog,16200,None,P-00020,PS-002,Closed
FIR-000896,Narcotics,2,West Sector,26.906137,75.770419,2025-07-30T05:22:58.257791,5,2,0,0,0,Rain,9100,None,,PS-005,Under Investigation
FIR-000897,Assault,3,East Ward,26.915565,75.836165,2026-02-26T20:22:58.257791,20,3,1,0,0,Heatwave,10800,Knife,,PS-008,Closed
FIR-000898,Robbery,4,Central Zone,26.910439,75.810365,2026-03-14T18:23:58.257791,18,5,0,1,0,Clear,14500,Knife,,PS-003,Under Investigation
FIR-000899,Extortion,4,North District,26.920255,75.828263,2026-06-10T08:47:58.257791,8,2,0,0,0,Heatwave,8200,Firearm,,PS-008,Closed
FIR-000900,Assault,2,North District,26.917907,75.830384,2025-10-16T11:54:58.257791,11,3,0,0,0,Cloudy,8200,Firearm,,PS-008,Cold
FIR-000901,Narcotics,3,Industrial Belt,26.849288,75.775425,2025-09-29T01:11:58.257791,1,0,1,0,0,Fog,3100,None,,PS-007,Closed
FIR-000902,Assault,4,Industrial Belt,26.86251,75.776029,2025-10-11T20:12:58.257791,20,5,1,1,0,Rain,3100,Improvised,P-00192,PS-003,Under Investigation
FIR-000903,Fraud,1,West Sector,26.885426,75.780046,2026-07-15T02:42:58.257791,2,2,1,0,1,Clear,9100,None,P-00148,PS-002,Closed
FIR-000904,Burglary,4,South Division,26.872082,75.7849,2025-07-28T15:18:58.257791,15,0,0,0,0,Clear,6400,None,,PS-003,Chargesheet Filed
FIR-000905,Theft,2,East Ward,26.902724,75.838788,2025-12-15T12:42:58.257791,12,0,0,0,1,Clear,10800,None,P-00090,PS-002,Cold
FIR-000906,Fraud,1,Central Zone,26.907252,75.792476,2025-10-17T05:10:58.257791,5,4,0,0,0,Clear,14500,None,,PS-002,Chargesheet Filed
FIR-000907,Narcotics,2,North District,26.91992,75.810412,2026-06-04T17:24:58.257791,17,3,0,0,0,Clear,8200,None,,PS-007,Under Investigation
FIR-000908,Vehicle Theft,3,North District,26.927874,75.82295,2025-10-17T19:35:58.257791,19,4,0,0,0,Clear,8200,None,,PS-001,Under Investigation
FIR-000909,Cybercrime,1,Old City,26.908777,75.811005,2025-08-11T18:04:58.257791,18,0,0,0,0,Clear,16200,None,P-00090,PS-008,Chargesheet Filed
FIR-000910,Fraud,1,East Ward,26.911253,75.840558,2025-08-19T16:57:58.257791,16,1,0,0,0,Fog,10800,None,,PS-001,Chargesheet Filed
FIR-000911,Fraud,3,Central Zone,26.895888,75.796752,2026-05-20T14:09:58.257791,14,2,0,0,0,Rain,14500,None,P-00101,PS-002,Under Investigation
FIR-000912,Theft,2,South Division,26.880143,75.791395,2025-11-18T04:24:58.257791,4,1,1,0,0,Clear,6400,None,,PS-008,Closed
FIR-000913,Fraud,2,North District,26.910687,75.817972,2025-10-05T08:29:58.257791,8,6,0,1,0,Rain,8200,None,P-00413,PS-002,Chargesheet Filed
FIR-000914,Robbery,5,South Division,26.87321,75.787221,2025-10-13T22:48:58.257791,22,0,1,0,0,Clear,6400,None,P-00564,PS-004,Closed
FIR-000915,Narcotics,2,Riverside,26.872369,75.804883,2025-08-16T08:47:58.257791,8,5,0,1,0,Clear,5200,None,P-00528,PS-006,Chargesheet Filed
FIR-000916,Burglary,3,South Division,26.86266,75.796433,2026-04-08T18:51:58.257791,18,2,0,0,0,Clear,6400,None,P-00292,PS-003,Under Investigation
FIR-000917,Robbery,5,Riverside,26.886322,75.811236,2026-02-12T11:53:58.257791,11,3,0,0,0,Rain,5200,Firearm,,PS-007,Closed
FIR-000918,Assault,2,North District,26.913902,75.828393,2026-03-10T15:34:58.257791,15,1,0,0,0,Clear,8200,Firearm,,PS-003,Under Investigation
FIR-000919,Theft,1,North District,26.908106,75.830266,2025-09-24T07:48:58.257791,7,2,0,0,0,Clear,8200,None,P-00272,PS-001,Cold
FIR-000920,Narcotics,3,Industrial Belt,26.868365,75.774868,2026-06-24T10:40:58.257791,10,2,0,0,0,Clear,3100,None,,PS-004,Closed
FIR-000921,Theft,1,Central Zone,26.905726,75.802416,2025-12-23T09:55:58.257791,9,1,0,0,0,Clear,14500,None,,PS-001,Under Investigation
FIR-000922,Assault,4,Central Zone,26.906328,75.805143,2025-10-09T21:14:58.257791,21,3,1,0,0,Fog,14500,Firearm,,PS-007,Chargesheet Filed
FIR-000923,Assault,2,Central Zone,26.890243,75.79582,2026-07-03T13:46:58.257791,13,4,0,0,0,Clear,14500,Firearm,,PS-008,Under Investigation
FIR-000924,Vehicle Theft,2,Old City,26.923533,75.795935,2025-10-14T09:23:58.257791,9,1,0,0,0,Rain,16200,None,P-00413,PS-006,Under Investigation
FIR-000925,Extortion,4,Old City,26.910908,75.795364,2025-09-20T22:25:58.257791,22,5,1,1,0,Rain,16200,Improvised,P-00275,PS-008,Closed
FIR-000926,Vehicle Theft,3,West Sector,26.90249,75.774085,2025-12-05T22:15:58.257791,22,4,1,0,0,Fog,9100,None,P-00281,PS-001,Under Investigation
FIR-000927,Fraud,2,Old City,26.921556,75.804246,2026-03-06T17:44:58.257791,17,4,0,0,0,Heatwave,16200,None,P-00062,PS-008,Under Investigation
FIR-000928,Assault,4,South Division,26.876113,75.789536,2025-08-27T10:20:58.257791,10,2,0,0,0,Clear,6400,Knife,,PS-008,Closed
FIR-000929,Theft,1,North District,26.926632,75.829328,2025-09-15T09:11:58.257791,9,0,0,0,1,Clear,8200,None,P-00065,PS-005,Closed
FIR-000930,Theft,1,West Sector,26.890976,75.781494,2026-03-19T15:02:58.257791,15,3,0,0,0,Clear,9100,None,P-00399,PS-007,Cold
FIR-000931,Kidnapping,5,Riverside,26.877999,75.804016,2025-10-30T11:24:58.257791,11,3,0,0,0,Rain,5200,Blunt Object,P-00474,PS-004,Under Investigation
FIR-000932,Robbery,4,Industrial Belt,26.859421,75.774599,2026-07-23T00:12:58.257791,0,3,1,0,0,Clear,3100,Knife,P-00104,PS-007,Chargesheet Filed
FIR-000933,Fraud,2,Riverside,26.880408,75.820467,2026-06-01T19:17:58.257791,19,0,0,0,0,Fog,5200,None,,PS-004,Under Investigation
FIR-000934,Fraud,3,Old City,26.915596,75.813022,2026-02-01T01:07:58.257791,1,6,1,1,0,Clear,16200,None,,PS-008,Under Investigation
FIR-000935,Assault,4,South Division,26.876636,75.785542,2025-09-07T04:29:58.257791,4,6,1,1,0,Fog,6400,Firearm,,PS-007,Closed
FIR-000936,Fraud,2,Old City,26.909113,75.803472,2026-04-09T13:47:58.257791,13,3,0,0,0,Cloudy,16200,None,P-00504,PS-001,Under Investigation
FIR-000937,Theft,2,Old City,26.92099,75.796126,2025-12-05T22:45:58.257791,22,4,1,0,0,Clear,16200,None,,PS-003,Under Investigation
FIR-000938,Fraud,2,Central Zone,26.907923,75.80363,2026-06-20T22:21:58.257791,22,5,1,1,0,Clear,14500,None,P-00448,PS-002,Cold
FIR-000939,Vehicle Theft,3,North District,26.916927,75.814935,2025-10-18T19:40:58.257791,19,5,0,1,0,Clear,8200,None,,PS-007,Closed
FIR-000940,Cybercrime,1,Central Zone,26.892976,75.808555,2026-02-02T22:57:58.257791,22,0,1,0,0,Rain,14500,None,P-00024,PS-003,Chargesheet Filed
FIR-000941,Cybercrime,2,Industrial Belt,26.852425,75.76754,2026-05-14T10:51:58.257791,10,3,0,0,0,Clear,3100,None,P-00071,PS-001,Under Investigation
FIR-000942,Fraud,1,North District,26.927349,75.809929,2025-09-01T08:20:58.257791,8,0,0,0,0,Fog,8200,None,,PS-008,Chargesheet Filed
FIR-000943,Burglary,2,North District,26.913008,75.817918,2026-01-18T14:51:58.257791,14,6,0,1,0,Fog,8200,None,P-00190,PS-005,Under Investigation
FIR-000944,Narcotics,3,Central Zone,26.911493,75.809981,2025-09-22T08:01:58.257791,8,0,0,0,0,Cloudy,14500,None,P-00160,PS-001,Chargesheet Filed
FIR-000945,Burglary,4,Old City,26.917706,75.816679,2026-01-09T01:54:58.257791,1,4,1,0,0,Clear,16200,None,P-00495,PS-004,Chargesheet Filed
FIR-000946,Fraud,3,Central Zone,26.908668,75.791842,2026-03-20T16:01:58.257791,16,4,0,0,0,Heatwave,14500,None,,PS-007,Under Investigation
FIR-000947,Theft,2,East Ward,26.910245,75.828861,2025-12-26T12:43:58.257791,12,4,0,0,0,Clear,10800,None,,PS-003,Closed
FIR-000948,Fraud,2,Central Zone,26.902962,75.803038,2026-06-21T03:13:58.257791,3,6,1,1,0,Heatwave,14500,None,P-00336,PS-001,Closed
FIR-000949,Kidnapping,5,East Ward,26.913316,75.818521,2025-12-27T18:17:58.257791,18,5,0,1,0,Rain,10800,None,P-00009,PS-003,Closed
FIR-000950,Robbery,3,Central Zone,26.902873,75.794708,2025-09-04T05:40:58.257791,5,3,0,0,0,Rain,14500,Improvised,P-00034,PS-004,Under Investigation
FIR-000951,Cybercrime,1,Central Zone,26.896581,75.788978,2025-11-02T01:04:58.257791,1,6,1,1,0,Clear,14500,None,,PS-006,Under Investigation
FIR-000952,Kidnapping,5,Industrial Belt,26.855885,75.77523,2025-09-23T13:47:58.257791,13,1,0,0,0,Rain,3100,Knife,,PS-007,Closed
FIR-000953,Robbery,3,Old City,26.907626,75.796893,2026-05-09T03:35:58.257791,3,5,1,1,0,Rain,16200,Blunt Object,,PS-003,Closed
FIR-000954,Fraud,3,North District,26.913532,75.811032,2026-04-27T18:13:58.257791,18,0,0,0,0,Cloudy,8200,None,,PS-005,Chargesheet Filed
FIR-000955,Fraud,2,North District,26.915513,75.82899,2026-05-18T19:19:58.257791,19,0,0,0,0,Rain,8200,None,,PS-003,Cold
FIR-000956,Robbery,4,North District,26.922112,75.814669,2025-11-28T09:16:58.257791,9,4,0,0,0,Clear,8200,Blunt Object,P-00011,PS-003,Closed
FIR-000957,Assault,2,Riverside,26.882063,75.802339,2026-06-19T20:27:58.257791,20,4,1,0,0,Clear,5200,Knife,P-00501,PS-002,Closed
FIR-000958,Burglary,3,Central Zone,26.891627,75.808473,2026-02-16T22:18:58.257791,22,0,1,0,0,Fog,14500,None,,PS-007,Under Investigation
FIR-000959,Robbery,4,North District,26.927408,75.813486,2025-10-07T15:52:58.257791,15,1,0,0,0,Fog,8200,Knife,P-00439,PS-005,Under Investigation
FIR-000960,Theft,3,Central Zone,26.893527,75.795965,2025-08-27T00:01:58.257791,0,2,1,0,0,Rain,14500,None,P-00087,PS-005,Under Investigation
FIR-000961,Theft,1,Old City,26.915418,75.803599,2025-09-16T12:31:58.257791,12,1,0,0,0,Clear,16200,None,,PS-008,Closed
FIR-000962,Burglary,2,Central Zone,26.89168,75.790242,2026-05-31T22:14:58.257791,22,6,1,1,0,Cloudy,14500,None,P-00509,PS-005,Closed
FIR-000963,Theft,1,Old City,26.91026,75.806026,2026-07-20T11:41:58.257791,11,0,0,0,0,Clear,16200,None,P-00312,PS-008,Closed
FIR-000964,Burglary,4,Riverside,26.891668,75.80832,2025-11-05T00:47:58.257791,0,2,1,0,0,Clear,5200,None,P-00457,PS-001,Under Investigation
FIR-000965,Burglary,4,South Division,26.866005,75.790083,2026-04-30T15:09:58.257791,15,3,0,0,0,Heatwave,6400,None,,PS-004,Chargesheet Filed
FIR-000966,Robbery,4,East Ward,26.911925,75.818432,2026-01-07T16:18:58.257791,16,2,0,0,0,Rain,10800,Blunt Object,P-00292,PS-003,Closed
FIR-000967,Fraud,2,Old City,26.920691,75.794924,2026-01-28T03:50:58.257791,3,2,1,0,0,Clear,16200,None,,PS-003,Closed
FIR-000968,Burglary,4,Central Zone,26.9071,75.810412,2026-01-21T18:39:58.257791,18,2,0,0,0,Clear,14500,None,P-00555,PS-005,Under Investigation
FIR-000969,Theft,1,East Ward,26.895175,75.840698,2025-10-31T12:39:58.257791,12,4,0,0,0,Clear,10800,None,,PS-004,Cold
FIR-000970,Fraud,3,North District,26.924852,75.81802,2026-05-14T12:02:58.257791,12,3,0,0,0,Cloudy,8200,None,P-00494,PS-008,Under Investigation
FIR-000971,Burglary,2,West Sector,26.906109,75.771671,2025-07-27T02:49:58.257791,2,6,1,1,0,Rain,9100,None,P-00064,PS-008,Chargesheet Filed
FIR-000972,Theft,1,East Ward,26.906798,75.823895,2025-08-05T16:05:58.257791,16,1,0,0,0,Cloudy,10800,None,,PS-003,Under Investigation
FIR-000973,Burglary,2,Central Zone,26.904676,75.798077,2026-03-20T19:56:58.257791,19,4,0,0,0,Fog,14500,None,P-00399,PS-003,Closed
FIR-000974,Cybercrime,3,Old City,26.913032,75.813173,2026-01-07T06:08:58.257791,6,2,0,0,0,Clear,16200,None,P-00317,PS-003,Under Investigation
FIR-000975,Fraud,1,Central Zone,26.899113,75.792797,2026-04-22T16:13:58.257791,16,2,0,0,0,Clear,14500,None,P-00326,PS-007,Closed
FIR-000976,Narcotics,3,Riverside,26.870752,75.81343,2026-07-05T21:04:58.257791,21,6,1,1,0,Heatwave,5200,None,,PS-005,Under Investigation
FIR-000977,Fraud,2,North District,26.916375,75.829598,2026-03-06T02:59:58.257791,2,4,1,0,0,Fog,8200,None,P-00551,PS-004,Closed
FIR-000978,Cybercrime,1,South Division,26.868128,75.794621,2026-06-29T06:24:58.257791,6,0,0,0,0,Clear,6400,None,,PS-005,Under Investigation
FIR-000979,Burglary,3,Industrial Belt,26.850402,75.771211,2025-12-16T07:42:58.257791,7,1,0,0,0,Clear,3100,None,P-00081,PS-008,Closed
FIR-000980,Narcotics,3,East Ward,26.906449,75.828687,2025-10-23T03:35:58.257791,3,3,1,0,0,Clear,10800,None,P-00195,PS-002,Chargesheet Filed
FIR-000981,Extortion,5,Central Zone,26.907774,75.801742,2025-12-11T05:18:58.257791,5,3,0,0,0,Rain,14500,None,P-00556,PS-003,Under Investigation
FIR-000982,Extortion,3,Central Zone,26.898033,75.801628,2026-04-27T05:38:58.257791,5,0,0,0,0,Clear,14500,Knife,P-00351,PS-004,Closed
FIR-000983,Cybercrime,3,Old City,26.911134,75.805021,2025-12-09T20:32:58.257791,20,1,1,0,0,Clear,16200,None,P-00234,PS-008,Chargesheet Filed
FIR-000984,Assault,2,Central Zone,26.908045,75.78878,2025-09-11T06:37:58.257791,6,3,0,0,0,Clear,14500,Blunt Object,,PS-002,Under Investigation
FIR-000985,Assault,2,South Division,26.865046,75.788935,2025-12-30T09:45:58.257791,9,1,0,0,0,Cloudy,6400,Improvised,,PS-005,Under Investigation
FIR-000986,Fraud,3,South Division,26.881112,75.786434,2026-02-14T17:15:58.257791,17,5,0,1,0,Clear,6400,None,P-00302,PS-008,Under Investigation
FIR-000987,Cybercrime,1,Riverside,26.876826,75.805126,2025-11-23T06:26:58.257791,6,6,0,1,0,Fog,5200,None,,PS-006,Chargesheet Filed
FIR-000988,Assault,3,Old City,26.916845,75.79564,2026-05-14T18:54:58.257791,18,3,0,0,0,Clear,16200,Firearm,,PS-006,Under Investigation
FIR-000989,Burglary,3,South Division,26.87607,75.788282,2026-05-10T05:52:58.257791,5,6,0,1,0,Clear,6400,None,P-00041,PS-004,Chargesheet Filed
FIR-000990,Theft,2,South Division,26.873471,75.793981,2026-03-01T12:23:58.257791,12,6,0,1,0,Clear,6400,None,P-00295,PS-008,Chargesheet Filed
FIR-000991,Fraud,2,Riverside,26.877848,75.818583,2025-09-26T11:50:58.257791,11,4,0,0,0,Clear,5200,None,,PS-005,Chargesheet Filed
FIR-000992,Burglary,2,East Ward,26.905057,75.825908,2026-04-15T08:23:58.257791,8,2,0,0,1,Cloudy,10800,None,,PS-001,Under Investigation
FIR-000993,Fraud,3,Old City,26.915361,75.80783,2026-05-16T07:04:58.257791,7,5,0,1,0,Clear,16200,None,,PS-008,Cold
FIR-000994,Narcotics,4,North District,26.915264,75.811313,2026-01-04T14:11:58.257791,14,6,0,1,0,Rain,8200,None,,PS-008,Under Investigation
FIR-000995,Theft,2,East Ward,26.909387,75.828627,2026-05-10T07:39:58.257791,7,6,0,1,0,Rain,10800,None,P-00152,PS-003,Chargesheet Filed
FIR-000996,Vehicle Theft,1,Old City,26.91439,75.815644,2026-02-16T23:27:58.257791,23,0,1,0,0,Fog,16200,None,,PS-003,Chargesheet Filed
FIR-000997,Narcotics,2,South Division,26.869773,75.791484,2026-06-06T20:34:58.257791,20,5,1,1,0,Heatwave,6400,None,P-00238,PS-004,Chargesheet Filed
FIR-000998,Theft,2,Central Zone,26.907737,75.795391,2025-09-11T08:38:58.257791,8,3,0,0,0,Fog,14500,None,P-00295,PS-005,Under Investigation
FIR-000999,Fraud,1,Central Zone,26.90419,75.793698,2026-07-18T12:25:58.257791,12,5,0,1,0,Cloudy,14500,None,P-00489,PS-001,Under Investigation
FIR-001000,Kidnapping,4,West Sector,26.884524,75.771159,2026-05-12T13:17:58.257791,13,1,0,0,0,Clear,9100,None,P-00143,PS-006,Under Investigation
FIR-001001,Assault,4,East Ward,26.908809,75.823889,2025-10-18T02:05:58.257791,2,5,1,1,0,Cloudy,10800,None,P-00110,PS-008,Chargesheet Filed
FIR-001002,Assault,5,North District,26.930892,75.814506,2026-03-25T10:46:58.257791,10,2,0,0,0,Fog,8200,Firearm,P-00100,PS-001,Under Investigation
FIR-001003,Theft,3,East Ward,26.905264,75.825886,2025-12-03T12:49:58.257791,12,2,0,0,0,Rain,10800,None,P-00334,PS-001,Under Investigation
FIR-001004,Theft,1,North District,26.912886,75.820316,2026-05-28T22:17:58.257791,22,3,1,0,0,Cloudy,8200,None,P-00393,PS-002,Closed
FIR-001005,Robbery,5,West Sector,26.903883,75.770104,2026-04-22T23:29:58.257791,23,2,1,0,0,Fog,9100,Firearm,P-00397,PS-001,Closed
FIR-001006,Cybercrime,3,North District,26.912412,75.823524,2025-10-10T10:23:58.257791,10,4,0,0,0,Cloudy,8200,None,,PS-002,Under Investigation
FIR-001007,Vehicle Theft,2,East Ward,26.913606,75.822116,2026-02-28T12:34:58.257791,12,5,0,1,0,Clear,10800,None,P-00285,PS-003,Under Investigation
FIR-001008,Assault,3,North District,26.931862,75.818111,2025-10-02T18:06:58.257791,18,3,0,0,0,Cloudy,8200,Firearm,,PS-005,Under Investigation
FIR-001009,Vehicle Theft,2,West Sector,26.90696,75.779331,2026-05-27T06:31:58.257791,6,2,0,0,0,Cloudy,9100,None,,PS-001,Under Investigation
FIR-001010,Burglary,4,North District,26.929046,75.813159,2025-12-25T15:50:58.257791,15,3,0,0,0,Cloudy,8200,None,,PS-002,Cold
FIR-001011,Burglary,3,Central Zone,26.901677,75.797722,2025-11-18T08:14:58.257791,8,1,0,0,0,Clear,14500,None,,PS-001,Under Investigation
FIR-001012,Burglary,3,West Sector,26.890638,75.783267,2026-03-12T17:59:58.257791,17,3,0,0,0,Fog,9100,None,,PS-005,Under Investigation
FIR-001013,Theft,3,West Sector,26.902564,75.781955,2026-07-19T07:07:58.257791,7,6,0,1,0,Cloudy,9100,None,,PS-005,Closed
FIR-001014,Extortion,5,Industrial Belt,26.851525,75.766455,2026-02-16T16:08:58.257791,16,0,0,0,0,Rain,3100,Blunt Object,,PS-008,Under Investigation
FIR-001015,Theft,1,West Sector,26.88854,75.763923,2026-07-26T06:17:58.257791,6,6,0,1,0,Clear,9100,None,P-00350,PS-007,Under Investigation
FIR-001016,Robbery,5,North District,26.929722,75.811237,2026-02-02T12:10:58.257791,12,0,0,0,0,Cloudy,8200,Knife,P-00192,PS-007,Under Investigation
FIR-001017,Assault,2,Industrial Belt,26.871196,75.780767,2026-05-11T12:59:58.257791,12,0,0,0,0,Clear,3100,Blunt Object,,PS-003,Under Investigation
FIR-001018,Fraud,1,West Sector,26.897112,75.780694,2026-06-04T12:49:58.257791,12,3,0,0,0,Fog,9100,None,,PS-004,Under Investigation
FIR-001019,Fraud,2,Old City,26.917662,75.801932,2026-03-28T06:26:58.257791,6,5,0,1,0,Cloudy,16200,None,,PS-001,Under Investigation
FIR-001020,Narcotics,3,Central Zone,26.909485,75.807514,2026-04-20T22:54:58.257791,22,0,1,0,0,Cloudy,14500,None,P-00151,PS-004,Cold
FIR-001021,Theft,1,East Ward,26.89995,75.819192,2025-10-13T22:16:58.257791,22,0,1,0,0,Clear,10800,None,,PS-008,Cold
FIR-001022,Cybercrime,2,Central Zone,26.905789,75.803872,2026-06-07T17:38:58.257791,17,6,0,1,0,Fog,14500,None,,PS-005,Chargesheet Filed
FIR-001023,Assault,5,East Ward,26.900714,75.839627,2025-11-15T02:58:58.257791,2,5,1,1,1,Clear,10800,Blunt Object,,PS-003,Under Investigation
FIR-001024,Assault,3,East Ward,26.910815,75.834011,2026-03-06T14:11:58.257791,14,4,0,0,0,Rain,10800,Firearm,,PS-001,Under Investigation
FIR-001025,Burglary,2,Industrial Belt,26.848744,75.78038,2026-06-23T21:54:58.257791,21,1,1,0,0,Cloudy,3100,None,,PS-007,Closed
FIR-001026,Burglary,4,Old City,26.925564,75.812855,2026-06-10T02:26:58.257791,2,2,1,0,0,Fog,16200,None,P-00593,PS-001,Closed
FIR-001027,Theft,3,Riverside,26.876748,75.813071,2026-02-17T10:59:58.257791,10,1,0,0,0,Fog,5200,None,P-00454,PS-007,Under Investigation
FIR-001028,Burglary,4,Industrial Belt,26.869968,75.773407,2026-03-04T12:12:58.257791,12,2,0,0,0,Heatwave,3100,None,,PS-001,Under Investigation
FIR-001029,Theft,1,Old City,26.926145,75.80876,2025-12-31T09:07:58.257791,9,2,0,0,0,Clear,16200,None,P-00457,PS-006,Chargesheet Filed
FIR-001030,Vehicle Theft,1,North District,26.919912,75.831296,2025-08-22T09:22:58.257791,9,4,0,0,0,Cloudy,8200,None,P-00303,PS-002,Chargesheet Filed
FIR-001031,Narcotics,4,Old City,26.92306,75.807343,2025-10-25T19:00:58.257791,19,5,0,1,0,Cloudy,16200,None,P-00148,PS-008,Under Investigation
FIR-001032,Burglary,3,South Division,26.864601,75.788765,2025-11-01T03:37:58.257791,3,5,1,1,0,Clear,6400,None,P-00001,PS-005,Closed
FIR-001033,Theft,1,North District,26.930152,75.829237,2026-04-26T07:46:58.257791,7,6,0,1,0,Clear,8200,None,,PS-008,Under Investigation
FIR-001034,Theft,3,North District,26.921377,75.82675,2026-06-02T20:41:58.257791,20,1,1,0,0,Cloudy,8200,None,P-00367,PS-004,Cold
FIR-001035,Assault,3,Central Zone,26.911318,75.788889,2026-04-28T12:13:58.257791,12,1,0,0,0,Clear,14500,Improvised,,PS-006,Closed
FIR-001036,Narcotics,3,West Sector,26.904485,75.773845,2026-05-01T16:56:58.257791,16,4,0,0,0,Rain,9100,None,P-00573,PS-007,Closed
FIR-001037,Fraud,2,Central Zone,26.888065,75.794841,2026-07-02T21:49:58.257791,21,3,1,0,0,Clear,14500,None,,PS-001,Chargesheet Filed
FIR-001038,Theft,1,West Sector,26.897501,75.781923,2026-01-01T21:25:58.257791,21,3,1,0,0,Clear,9100,None,P-00130,PS-002,Chargesheet Filed
FIR-001039,Theft,3,North District,26.925553,75.813725,2025-11-11T12:15:58.257791,12,1,0,0,0,Clear,8200,None,P-00596,PS-007,Closed
FIR-001040,Fraud,1,Central Zone,26.891637,75.795721,2026-07-17T16:52:58.257791,16,4,0,0,0,Cloudy,14500,None,,PS-006,Under Investigation
FIR-001041,Burglary,2,Riverside,26.885337,75.806221,2025-12-18T16:18:58.257791,16,3,0,0,0,Rain,5200,None,P-00151,PS-001,Cold
FIR-001042,Assault,2,East Ward,26.91129,75.83817,2026-03-23T03:07:58.257791,3,0,1,0,0,Fog,10800,Improvised,P-00384,PS-008,Cold
FIR-001043,Fraud,3,North District,26.910224,75.828138,2025-10-20T19:34:58.257791,19,0,0,0,0,Rain,8200,None,,PS-005,Chargesheet Filed
FIR-001044,Narcotics,3,North District,26.910406,75.816047,2025-11-06T15:45:58.257791,15,3,0,0,0,Fog,8200,None,P-00245,PS-001,Under Investigation
FIR-001045,Assault,5,Old City,26.903776,75.816861,2025-11-26T23:33:58.257791,23,2,1,0,0,Clear,16200,Knife,,PS-003,Under Investigation
FIR-001046,Cybercrime,2,Central Zone,26.905068,75.79511,2026-03-24T14:51:58.257791,14,1,0,0,0,Cloudy,14500,None,,PS-001,Chargesheet Filed
FIR-001047,Theft,2,Old City,26.921017,75.799943,2026-07-08T22:49:58.257791,22,2,1,0,0,Cloudy,16200,None,,PS-006,Chargesheet Filed
FIR-001048,Assault,5,East Ward,26.897315,75.825841,2026-02-27T09:42:58.257791,9,4,0,0,0,Clear,10800,Blunt Object,,PS-001,Under Investigation
FIR-001049,Robbery,3,Industrial Belt,26.851114,75.769668,2025-10-05T17:15:58.257791,17,6,0,1,0,Clear,3100,Blunt Object,,PS-001,Under Investigation
FIR-001050,Theft,1,West Sector,26.883997,75.772499,2026-02-16T19:12:58.257791,19,0,0,0,0,Fog,9100,None,P-00009,PS-006,Under Investigation
FIR-001051,Burglary,2,Old City,26.917972,75.807106,2026-06-19T20:32:58.257791,20,4,1,0,0,Cloudy,16200,None,P-00159,PS-001,Closed
FIR-001052,Theft,1,Industrial Belt,26.848559,75.764295,2025-08-26T17:06:58.257791,17,1,0,0,0,Cloudy,3100,None,P-00151,PS-008,Chargesheet Filed
FIR-001053,Theft,3,East Ward,26.912785,75.84126,2026-07-18T13:14:58.257791,13,5,0,1,0,Clear,10800,None,P-00459,PS-007,Under Investigation
FIR-001054,Vehicle Theft,2,Riverside,26.883878,75.804187,2026-03-21T05:49:58.257791,5,5,0,1,0,Rain,5200,None,P-00462,PS-003,Under Investigation
FIR-001055,Cybercrime,1,Central Zone,26.900331,75.790985,2026-05-08T13:09:58.257791,13,4,0,0,0,Cloudy,14500,None,P-00419,PS-002,Chargesheet Filed
FIR-001056,Burglary,3,East Ward,26.91129,75.827555,2026-01-21T14:13:58.257791,14,2,0,0,0,Cloudy,10800,None,P-00121,PS-006,Under Investigation
FIR-001057,Assault,3,South Division,26.881268,75.787801,2026-04-05T19:11:58.257791,19,6,0,1,0,Cloudy,6400,Knife,,PS-005,Closed
FIR-001058,Burglary,3,North District,26.929643,75.817747,2025-08-01T03:19:58.257791,3,4,1,0,0,Fog,8200,None,P-00258,PS-002,Under Investigation
FIR-001059,Theft,1,West Sector,26.899305,75.778235,2025-09-01T05:03:58.257791,5,0,0,0,0,Cloudy,9100,None,P-00379,PS-002,Under Investigation
FIR-001060,Theft,2,North District,26.915253,75.813021,2026-04-22T08:27:58.257791,8,2,0,0,0,Clear,8200,None,,PS-005,Under Investigation
FIR-001061,Vehicle Theft,1,Central Zone,26.90432,75.795677,2026-07-25T06:07:58.257791,6,5,0,1,0,Rain,14500,None,,PS-008,Closed
FIR-001062,Theft,3,West Sector,26.905378,75.778293,2026-03-18T21:27:58.257791,21,2,1,0,0,Fog,9100,None,P-00317,PS-005,Chargesheet Filed
FIR-001063,Theft,1,West Sector,26.887675,75.770734,2025-11-13T07:12:58.257791,7,3,0,0,0,Clear,9100,None,,PS-005,Closed
FIR-001064,Assault,3,East Ward,26.916294,75.841852,2026-02-14T10:51:58.257791,10,5,0,1,0,Clear,10800,Blunt Object,,PS-002,Closed
FIR-001065,Theft,3,Central Zone,26.896637,75.799733,2025-07-30T13:57:58.257791,13,2,0,0,0,Cloudy,14500,None,P-00593,PS-003,Closed
FIR-001066,Burglary,3,East Ward,26.899938,75.818958,2026-03-29T00:41:58.257791,0,6,1,1,0,Cloudy,10800,None,,PS-003,Under Investigation
FIR-001067,Robbery,3,Old City,26.909199,75.803543,2026-02-14T08:15:58.257791,8,5,0,1,0,Cloudy,16200,Improvised,,PS-003,Under Investigation
FIR-001068,Burglary,2,East Ward,26.893521,75.820254,2026-01-16T14:00:58.257791,14,4,0,0,0,Clear,10800,None,,PS-001,Under Investigation
FIR-001069,Theft,2,East Ward,26.904871,75.819694,2025-11-19T23:24:58.257791,23,2,1,0,0,Clear,10800,None,,PS-003,Chargesheet Filed
FIR-001070,Extortion,4,North District,26.928226,75.824561,2026-07-06T09:12:58.257791,9,0,0,0,0,Rain,8200,None,P-00282,PS-008,Under Investigation
FIR-001071,Cybercrime,1,East Ward,26.893707,75.835199,2026-06-03T12:55:58.257791,12,2,0,0,0,Clear,10800,None,P-00214,PS-004,Under Investigation
FIR-001072,Cybercrime,2,Central Zone,26.898786,75.799205,2026-03-05T14:37:58.257791,14,3,0,0,0,Rain,14500,None,P-00071,PS-007,Chargesheet Filed
FIR-001073,Fraud,1,South Division,26.880212,75.788631,2025-08-13T06:16:58.257791,6,2,0,0,0,Fog,6400,None,P-00265,PS-001,Under Investigation
FIR-001074,Assault,4,Old City,26.906247,75.799904,2026-01-14T13:11:58.257791,13,2,0,0,0,Clear,16200,None,,PS-008,Chargesheet Filed
FIR-001075,Theft,3,Central Zone,26.908845,75.799358,2025-08-22T22:48:58.257791,22,4,1,0,0,Cloudy,14500,None,,PS-003,Under Investigation
FIR-001076,Cybercrime,1,South Division,26.858331,75.77896,2026-02-02T12:50:58.257791,12,0,0,0,0,Clear,6400,None,,PS-004,Chargesheet Filed
FIR-001077,Cybercrime,2,Old City,26.925701,75.810494,2026-01-25T14:45:58.257791,14,6,0,1,0,Rain,16200,None,P-00334,PS-005,Under Investigation
FIR-001078,Burglary,4,South Division,26.874776,75.791698,2026-05-22T23:57:58.257791,23,4,1,0,0,Cloudy,6400,None,P-00431,PS-005,Chargesheet Filed
FIR-001079,Assault,2,East Ward,26.907143,75.832885,2025-09-04T02:29:58.257791,2,3,1,0,0,Fog,10800,None,P-00234,PS-005,Closed
FIR-001080,Narcotics,3,Old City,26.908195,75.796163,2025-11-09T22:43:58.257791,22,6,1,1,0,Clear,16200,None,P-00439,PS-005,Chargesheet Filed
FIR-001081,Vehicle Theft,3,North District,26.927334,75.809791,2025-09-15T23:36:58.257791,23,0,1,0,1,Cloudy,8200,None,,PS-002,Under Investigation
FIR-001082,Fraud,1,Central Zone,26.904441,75.798486,2026-01-16T01:07:58.257791,1,4,1,0,0,Clear,14500,None,,PS-003,Under Investigation
FIR-001083,Cybercrime,2,Central Zone,26.892143,75.809348,2026-05-25T10:36:58.257791,10,0,0,0,0,Fog,14500,None,,PS-006,Under Investigation
FIR-001084,Robbery,5,South Division,26.870633,75.799816,2026-04-11T16:22:58.257791,16,5,0,1,0,Clear,6400,Improvised,P-00336,PS-008,Under Investigation
FIR-001085,Burglary,2,East Ward,26.916699,75.822798,2025-12-21T20:15:58.257791,20,6,1,1,0,Cloudy,10800,None,,PS-006,Under Investigation
FIR-001086,Cybercrime,2,South Division,26.858588,75.794307,2026-05-17T13:25:58.257791,13,6,0,1,0,Heatwave,6400,None,P-00489,PS-008,Closed
FIR-001087,Burglary,2,East Ward,26.913552,75.838594,2026-02-10T00:47:58.257791,0,1,1,0,0,Cloudy,10800,None,P-00151,PS-007,Chargesheet Filed
FIR-001088,Robbery,4,North District,26.917619,75.808178,2026-04-30T19:27:58.257791,19,3,0,0,0,Fog,8200,Firearm,P-00263,PS-008,Closed
FIR-001089,Assault,5,West Sector,26.890739,75.781039,2025-12-16T04:22:58.257791,4,1,1,0,0,Cloudy,9100,Firearm,P-00375,PS-002,Cold
FIR-001090,Theft,3,Central Zone,26.898714,75.800504,2026-03-24T07:08:58.257791,7,1,0,0,0,Clear,14500,None,,PS-003,Under Investigation
FIR-001091,Burglary,2,North District,26.912203,75.814161,2025-09-01T07:15:58.257791,7,0,0,0,0,Clear,8200,None,P-00064,PS-008,Cold
FIR-001092,Assault,5,North District,26.908408,75.826613,2025-11-07T00:24:58.257791,0,4,1,0,0,Clear,8200,Blunt Object,,PS-001,Chargesheet Filed
FIR-001093,Vehicle Theft,2,South Division,26.861693,75.783092,2025-11-29T07:03:58.257791,7,5,0,1,0,Clear,6400,None,,PS-001,Under Investigation
FIR-001094,Fraud,1,Old City,26.90373,75.807609,2026-01-13T16:54:58.257791,16,1,0,0,0,Cloudy,16200,None,,PS-002,Under Investigation
FIR-001095,Theft,3,Old City,26.914415,75.804635,2025-08-02T12:40:58.257791,12,5,0,1,0,Clear,16200,None,,PS-008,Under Investigation
FIR-001096,Assault,4,Central Zone,26.900639,75.795172,2025-10-13T11:08:58.257791,11,0,0,0,0,Clear,14500,Blunt Object,,PS-004,Under Investigation
FIR-001097,Cybercrime,1,Old City,26.916753,75.804958,2026-07-15T09:10:58.257791,9,2,0,0,1,Heatwave,16200,None,,PS-004,Closed
FIR-001098,Assault,3,Old City,26.918789,75.803373,2026-01-15T12:44:58.257791,12,3,0,0,1,Cloudy,16200,Firearm,P-00454,PS-005,Under Investigation
FIR-001099,Robbery,3,Riverside,26.875971,75.804729,2025-08-18T00:56:58.257791,0,0,1,0,0,Clear,5200,None,,PS-008,Under Investigation
FIR-001100,Assault,5,West Sector,26.894308,75.775782,2025-08-16T00:57:58.257791,0,5,1,1,0,Cloudy,9100,Firearm,P-00453,PS-002,Closed
FIR-001101,Fraud,3,North District,26.911815,75.808089,2026-03-01T17:08:58.257791,17,6,0,1,0,Heatwave,8200,None,P-00528,PS-003,Chargesheet Filed
FIR-001102,Robbery,4,West Sector,26.885545,75.773087,2026-06-20T10:46:58.257791,10,5,0,1,0,Clear,9100,Knife,P-00558,PS-003,Cold
FIR-001103,Fraud,2,South Division,26.861978,75.78808,2026-06-21T05:37:58.257791,5,6,0,1,0,Cloudy,6400,None,P-00393,PS-004,Under Investigation
FIR-001104,Theft,3,Industrial Belt,26.853127,75.781199,2025-11-02T15:51:58.257791,15,6,0,1,0,Clear,3100,None,,PS-002,Under Investigation
FIR-001105,Burglary,2,Industrial Belt,26.869272,75.77776,2026-04-23T20:20:58.257791,20,3,1,0,0,Cloudy,3100,None,,PS-005,Under Investigation
FIR-001106,Theft,3,East Ward,26.896466,75.83369,2025-08-07T07:50:58.257791,7,3,0,0,0,Clear,10800,None,P-00459,PS-001,Cold
FIR-001107,Theft,3,Riverside,26.887501,75.81631,2025-11-20T09:34:58.257791,9,3,0,0,0,Rain,5200,None,P-00596,PS-005,Chargesheet Filed
FIR-001108,Extortion,4,Old City,26.922438,75.816626,2026-06-13T14:19:58.257791,14,5,0,1,0,Clear,16200,Firearm,,PS-002,Closed
FIR-001109,Assault,2,South Division,26.878232,75.795975,2026-04-07T04:11:58.257791,4,1,1,0,0,Clear,6400,Firearm,P-00062,PS-002,Under Investigation
FIR-001110,Kidnapping,5,East Ward,26.897024,75.837843,2026-05-08T12:10:58.257791,12,4,0,0,0,Clear,10800,Improvised,P-00194,PS-008,Under Investigation
FIR-001111,Theft,1,East Ward,26.907248,75.83435,2025-10-13T18:34:58.257791,18,0,0,0,0,Cloudy,10800,None,P-00462,PS-001,Closed
FIR-001112,Theft,3,West Sector,26.898529,75.77596,2025-09-10T11:47:58.257791,11,2,0,0,0,Rain,9100,None,,PS-002,Closed
FIR-001113,Cybercrime,2,Central Zone,26.905166,75.808395,2025-08-09T14:43:58.257791,14,5,0,1,0,Cloudy,14500,None,,PS-002,Under Investigation
FIR-001114,Robbery,4,East Ward,26.906279,75.839443,2025-11-16T09:40:58.257791,9,6,0,1,0,Clear,10800,Improvised,P-00504,PS-007,Closed
FIR-001115,Theft,2,East Ward,26.90087,75.830265,2026-03-15T19:06:58.257791,19,6,0,1,1,Rain,10800,None,P-00393,PS-004,Cold
FIR-001116,Vehicle Theft,1,Central Zone,26.905754,75.806383,2026-01-24T16:19:58.257791,16,5,0,1,0,Clear,14500,None,,PS-004,Under Investigation
FIR-001117,Burglary,4,West Sector,26.904722,75.771579,2026-06-14T19:34:58.257791,19,6,0,1,0,Rain,9100,None,,PS-008,Closed
FIR-001118,Burglary,2,Old City,26.910468,75.816565,2025-11-17T10:08:58.257791,10,0,0,0,0,Rain,16200,None,P-00094,PS-002,Under Investigation
FIR-001119,Theft,1,West Sector,26.905469,75.786467,2026-03-30T19:32:58.257791,19,0,0,0,0,Fog,9100,None,,PS-001,Under Investigation
FIR-001120,Burglary,4,East Ward,26.907442,75.835848,2026-03-10T21:11:58.257791,21,1,1,0,0,Cloudy,10800,None,,PS-008,Chargesheet Filed
FIR-001121,Theft,3,South Division,26.881365,75.797303,2026-03-12T10:54:58.257791,10,3,0,0,0,Fog,6400,None,,PS-006,Under Investigation
FIR-001122,Theft,1,Central Zone,26.907666,75.798158,2026-02-22T09:27:58.257791,9,6,0,1,0,Rain,14500,None,,PS-005,Chargesheet Filed
FIR-001123,Burglary,3,North District,26.920145,75.813,2025-11-14T22:30:58.257791,22,4,1,0,0,Clear,8200,None,P-00437,PS-008,Under Investigation
FIR-001124,Theft,2,Old City,26.908605,75.805217,2025-10-17T13:49:58.257791,13,4,0,0,0,Rain,16200,None,,PS-004,Chargesheet Filed
FIR-001125,Fraud,2,Central Zone,26.903421,75.811902,2025-09-10T04:26:58.257791,4,2,1,0,0,Clear,14500,None,P-00126,PS-005,Under Investigation
FIR-001126,Fraud,3,Riverside,26.873939,75.808389,2026-02-01T20:26:58.257791,20,6,1,1,0,Clear,5200,None,P-00351,PS-004,Under Investigation
FIR-001127,Fraud,2,Old City,26.920832,75.806735,2026-03-25T16:07:58.257791,16,2,0,0,0,Clear,16200,None,P-00471,PS-002,Cold
FIR-001128,Theft,1,South Division,26.880759,75.799541,2026-06-03T21:18:58.257791,21,2,1,0,0,Clear,6400,None,P-00478,PS-002,Under Investigation
FIR-001129,Burglary,3,East Ward,26.913107,75.834024,2026-06-22T03:48:58.257791,3,0,1,0,0,Heatwave,10800,None,P-00056,PS-005,Chargesheet Filed
FIR-001130,Kidnapping,4,Central Zone,26.900864,75.794927,2026-04-02T08:09:58.257791,8,3,0,0,0,Clear,14500,Knife,,PS-004,Chargesheet Filed
FIR-001131,Cybercrime,3,North District,26.90871,75.825424,2025-10-12T07:45:58.257791,7,6,0,1,0,Cloudy,8200,None,,PS-003,Under Investigation
FIR-001132,Vehicle Theft,2,Riverside,26.891759,75.807933,2026-02-24T06:19:58.257791,6,1,0,0,0,Cloudy,5200,None,,PS-001,Under Investigation
FIR-001133,Cybercrime,1,West Sector,26.886226,75.783377,2026-02-13T01:08:58.257791,1,4,1,0,0,Clear,9100,None,P-00483,PS-004,Under Investigation
FIR-001134,Fraud,2,East Ward,26.906289,75.839386,2025-08-15T20:48:58.257791,20,4,1,0,1,Heatwave,10800,None,P-00457,PS-001,Under Investigation
FIR-001135,Burglary,3,Riverside,26.870887,75.80505,2026-06-05T20:11:58.257791,20,4,1,0,0,Clear,5200,None,,PS-004,Under Investigation
FIR-001136,Cybercrime,2,Riverside,26.88916,75.801363,2025-08-28T08:10:58.257791,8,3,0,0,0,Fog,5200,None,,PS-001,Under Investigation
FIR-001137,Robbery,4,West Sector,26.900642,75.778428,2026-04-02T22:15:58.257791,22,3,1,0,0,Clear,9100,Firearm,,PS-006,Closed
FIR-001138,Extortion,4,Central Zone,26.907485,75.795167,2025-10-28T09:34:58.257791,9,1,0,0,0,Clear,14500,Improvised,P-00159,PS-006,Under Investigation
FIR-001139,Kidnapping,5,Central Zone,26.906708,75.810209,2026-01-14T03:55:58.257791,3,2,1,0,0,Rain,14500,Blunt Object,P-00412,PS-008,Under Investigation
FIR-001140,Assault,3,East Ward,26.915961,75.819587,2026-04-27T01:27:58.257791,1,0,1,0,0,Clear,10800,Firearm,,PS-007,Chargesheet Filed
FIR-001141,Narcotics,2,Old City,26.911582,75.795747,2026-02-03T15:21:58.257791,15,1,0,0,0,Clear,16200,None,,PS-008,Closed
FIR-001142,Vehicle Theft,2,South Division,26.858335,75.785734,2026-01-04T23:55:58.257791,23,6,1,1,0,Clear,6400,None,P-00375,PS-007,Under Investigation
FIR-001143,Vehicle Theft,1,South Division,26.860398,75.794721,2025-08-22T16:24:58.257791,16,4,0,0,0,Rain,6400,None,P-00181,PS-002,Under Investigation
FIR-001144,Assault,5,East Ward,26.8971,75.820493,2026-01-08T19:55:58.257791,19,3,0,0,0,Clear,10800,Blunt Object,,PS-002,Closed
FIR-001145,Burglary,3,North District,26.911093,75.826264,2026-06-06T15:16:58.257791,15,5,0,1,0,Cloudy,8200,None,,PS-007,Closed
FIR-001146,Robbery,3,East Ward,26.898865,75.837407,2025-07-27T22:46:58.257791,22,6,1,1,0,Clear,10800,Knife,P-00194,PS-004,Under Investigation
FIR-001147,Assault,4,North District,26.931443,75.824593,2025-10-28T23:54:58.257791,23,1,1,0,0,Clear,8200,None,P-00495,PS-006,Cold
FIR-001148,Narcotics,2,Central Zone,26.897689,75.79953,2025-12-21T16:57:58.257791,16,6,0,1,0,Clear,14500,None,P-00071,PS-005,Under Investigation
FIR-001149,Assault,3,East Ward,26.897939,75.835765,2025-10-06T17:57:58.257791,17,0,0,0,0,Heatwave,10800,Knife,P-00107,PS-005,Under Investigation
FIR-001150,Theft,2,Industrial Belt,26.857067,75.77372,2025-11-22T11:59:58.257791,11,5,0,1,0,Clear,3100,None,P-00477,PS-001,Chargesheet Filed
FIR-001151,Burglary,2,North District,26.912619,75.823402,2025-11-10T02:25:58.257791,2,0,1,0,0,Clear,8200,None,P-00393,PS-007,Cold
FIR-001152,Burglary,3,North District,26.924303,75.815998,2025-11-12T23:06:58.257791,23,2,1,0,0,Rain,8200,None,P-00139,PS-007,Under Investigation
FIR-001153,Theft,3,Old City,26.915288,75.803306,2026-06-04T08:18:58.257791,8,3,0,0,0,Rain,16200,None,P-00549,PS-001,Chargesheet Filed
FIR-001154,Vehicle Theft,2,East Ward,26.908002,75.838807,2026-01-25T01:18:58.257791,1,6,1,1,0,Rain,10800,None,P-00477,PS-006,Under Investigation
FIR-001155,Theft,3,South Division,26.862262,75.787208,2025-11-22T05:16:58.257791,5,5,0,1,0,Rain,6400,None,,PS-006,Chargesheet Filed
FIR-001156,Burglary,2,East Ward,26.901874,75.823911,2025-08-29T02:22:58.257791,2,4,1,0,0,Rain,10800,None,,PS-001,Closed
FIR-001157,Kidnapping,4,South Division,26.863981,75.798376,2025-12-26T21:08:58.257791,21,4,1,0,0,Cloudy,6400,Knife,,PS-005,Chargesheet Filed
FIR-001158,Fraud,2,Old City,26.908001,75.806933,2025-12-12T06:18:58.257791,6,4,0,0,0,Rain,16200,None,,PS-007,Under Investigation
FIR-001159,Burglary,3,East Ward,26.897861,75.839859,2026-05-18T11:47:58.257791,11,0,0,0,0,Clear,10800,None,,PS-007,Closed
FIR-001160,Burglary,3,East Ward,26.913722,75.834748,2025-12-25T21:12:58.257791,21,3,1,0,0,Cloudy,10800,None,P-00148,PS-004,Under Investigation
FIR-001161,Robbery,4,Central Zone,26.893912,75.801866,2026-06-29T03:17:58.257791,3,0,1,0,0,Cloudy,14500,Blunt Object,P-00090,PS-003,Under Investigation
FIR-001162,Narcotics,4,South Division,26.876896,75.779852,2026-06-19T01:30:58.257791,1,4,1,0,0,Cloudy,6400,None,P-00161,PS-002,Under Investigation
FIR-001163,Theft,1,Riverside,26.868555,75.817354,2026-04-16T14:03:58.257791,14,3,0,0,0,Cloudy,5200,None,P-00280,PS-001,Closed
FIR-001164,Assault,5,Central Zone,26.911014,75.809692,2025-07-28T21:08:58.257791,21,0,1,0,0,Cloudy,14500,Blunt Object,P-00108,PS-005,Closed
FIR-001165,Vehicle Theft,2,North District,26.926792,75.818609,2025-09-27T03:16:58.257791,3,5,1,1,0,Rain,8200,None,P-00467,PS-005,Chargesheet Filed
FIR-001166,Burglary,3,Old City,26.907923,75.812583,2026-06-15T23:15:58.257791,23,0,1,0,1,Rain,16200,None,,PS-008,Under Investigation
FIR-001167,Burglary,4,Industrial Belt,26.854294,75.778316,2026-05-24T14:48:58.257791,14,6,0,1,0,Clear,3100,None,P-00478,PS-002,Under Investigation
FIR-001168,Theft,2,West Sector,26.893836,75.779134,2026-02-08T16:09:58.257791,16,6,0,1,0,Cloudy,9100,None,P-00412,PS-004,Under Investigation
FIR-001169,Theft,2,Central Zone,26.906846,75.801709,2025-09-20T18:57:58.257791,18,5,0,1,0,Heatwave,14500,None,P-00564,PS-004,Closed
FIR-001170,Burglary,2,Central Zone,26.894532,75.794526,2026-05-21T19:39:58.257791,19,3,0,0,0,Rain,14500,None,P-00478,PS-007,Chargesheet Filed
FIR-001171,Theft,1,East Ward,26.912813,75.831092,2025-11-09T15:08:58.257791,15,6,0,1,0,Cloudy,10800,None,,PS-002,Chargesheet Filed
FIR-001172,Theft,2,Industrial Belt,26.869809,75.760187,2026-03-06T09:29:58.257791,9,4,0,0,0,Clear,3100,None,P-00214,PS-002,Chargesheet Filed
FIR-001173,Cybercrime,1,North District,26.911613,75.821484,2026-01-02T14:48:58.257791,14,4,0,0,0,Fog,8200,None,,PS-007,Cold
FIR-001174,Extortion,5,West Sector,26.883949,75.770007,2026-04-30T19:38:58.257791,19,3,0,0,0,Heatwave,9100,Knife,P-00561,PS-005,Closed
FIR-001175,Theft,1,Old City,26.908029,75.79774,2026-01-11T03:26:58.257791,3,6,1,1,0,Clear,16200,None,P-00495,PS-008,Closed
FIR-001176,Assault,2,Old City,26.904916,75.811893,2026-04-01T11:57:58.257791,11,2,0,0,0,Clear,16200,None,P-00501,PS-008,Under Investigation
FIR-001177,Extortion,3,Riverside,26.891913,75.805283,2026-07-22T21:28:58.257791,21,2,1,0,0,Cloudy,5200,Knife,P-00005,PS-002,Under Investigation
FIR-001178,Burglary,3,North District,26.930413,75.809802,2026-04-26T08:45:58.257791,8,6,0,1,0,Cloudy,8200,None,,PS-004,Cold
FIR-001179,Narcotics,2,South Division,26.872525,75.783732,2026-04-14T05:22:58.257791,5,1,0,0,0,Clear,6400,None,,PS-002,Under Investigation
FIR-001180,Assault,4,East Ward,26.897064,75.833394,2025-12-28T12:58:58.257791,12,6,0,1,0,Cloudy,10800,None,P-00214,PS-002,Chargesheet Filed
FIR-001181,Robbery,4,North District,26.931179,75.812453,2026-01-14T00:12:58.257791,0,2,1,0,0,Clear,8200,Firearm,P-00412,PS-006,Under Investigation
FIR-001182,Extortion,3,Industrial Belt,26.851334,75.766719,2025-10-24T14:22:58.257791,14,4,0,0,0,Rain,3100,None,P-00582,PS-008,Closed
FIR-001183,Narcotics,3,East Ward,26.90237,75.824776,2026-06-06T02:24:58.257791,2,5,1,1,0,Cloudy,10800,None,,PS-004,Cold
FIR-001184,Assault,5,North District,26.916349,75.823922,2025-09-19T12:31:58.257791,12,4,0,0,0,Rain,8200,Firearm,P-00272,PS-005,Chargesheet Filed
FIR-001185,Vehicle Theft,2,Riverside,26.877701,75.81625,2025-10-29T08:31:58.257791,8,2,0,0,0,Rain,5200,None,P-00272,PS-001,Under Investigation
FIR-001186,Burglary,4,Riverside,26.890104,75.80067,2026-03-26T18:33:58.257791,18,3,0,0,0,Clear,5200,None,P-00593,PS-007,Closed
FIR-001187,Vehicle Theft,2,Industrial Belt,26.866673,75.760463,2026-02-26T23:07:58.257791,23,3,1,0,0,Clear,3100,None,P-00464,PS-007,Under Investigation
FIR-001188,Assault,3,East Ward,26.893185,75.827783,2026-07-06T02:42:58.257791,2,0,1,0,0,Rain,10800,None,P-00527,PS-002,Under Investigation
FIR-001189,Theft,1,Old City,26.916346,75.799814,2025-10-16T22:05:58.257791,22,3,1,0,0,Clear,16200,None,P-00352,PS-006,Chargesheet Filed
FIR-001190,Theft,2,East Ward,26.895214,75.835431,2026-01-26T13:28:58.257791,13,0,0,0,0,Cloudy,10800,None,,PS-008,Closed
FIR-001191,Burglary,4,North District,26.908713,75.828472,2026-02-01T21:36:58.257791,21,6,1,1,0,Clear,8200,None,,PS-004,Under Investigation
FIR-001192,Assault,3,Old City,26.925165,75.793184,2026-03-09T22:01:58.257791,22,0,1,0,0,Rain,16200,Firearm,,PS-002,Closed
FIR-001193,Fraud,2,Industrial Belt,26.860581,75.758701,2026-01-27T09:26:58.257791,9,1,0,0,0,Heatwave,3100,None,,PS-001,Chargesheet Filed
FIR-001194,Narcotics,3,North District,26.913822,75.809853,2025-12-26T21:30:58.257791,21,4,1,0,0,Clear,8200,None,P-00556,PS-003,Chargesheet Filed
FIR-001195,Robbery,4,South Division,26.864908,75.799211,2025-09-13T14:07:58.257791,14,5,0,1,0,Clear,6400,Knife,P-00041,PS-002,Closed
FIR-001196,Vehicle Theft,2,Old City,26.926552,75.806422,2026-06-04T00:52:58.257791,0,3,1,0,0,Clear,16200,None,,PS-001,Closed
FIR-001197,Theft,1,Central Zone,26.907774,75.802894,2026-05-08T12:40:58.257791,12,4,0,0,0,Clear,14500,None,,PS-008,Under Investigation
FIR-001198,Theft,2,Industrial Belt,26.861261,75.780988,2025-11-26T17:16:58.257791,17,2,0,0,0,Cloudy,3100,None,,PS-006,Closed
FIR-001199,Robbery,5,West Sector,26.883016,75.773058,2025-08-06T11:39:58.257791,11,2,0,0,0,Clear,9100,Improvised,,PS-001,Closed
FIR-001200,Robbery,4,West Sector,26.8846,75.764163,2025-10-13T10:29:58.257791,10,0,0,0,0,Rain,9100,Knife,P-00338,PS-004,Closed
FIR-001201,Theft,2,Central Zone,26.890238,75.793344,2026-03-10T18:56:58.257791,18,1,0,0,0,Clear,14500,None,,PS-002,Under Investigation
FIR-001202,Theft,2,Riverside,26.872667,75.815349,2025-08-24T22:13:58.257791,22,6,1,1,0,Clear,5200,None,,PS-003,Closed
FIR-001203,Narcotics,2,Riverside,26.875755,75.819035,2025-12-25T02:10:58.257791,2,3,1,0,0,Cloudy,5200,None,P-00214,PS-003,Under Investigation
FIR-001204,Theft,1,Central Zone,26.894574,75.798905,2025-12-01T23:04:58.257791,23,0,1,0,0,Clear,14500,None,P-00099,PS-006,Under Investigation
FIR-001205,Burglary,3,Industrial Belt,26.854763,75.780961,2026-02-15T12:57:58.257791,12,6,0,1,1,Clear,3100,None,,PS-007,Under Investigation
FIR-001206,Assault,2,South Division,26.86374,75.796309,2026-02-04T18:01:58.257791,18,2,0,0,0,Clear,6400,Improvised,P-00109,PS-006,Closed
FIR-001207,Vehicle Theft,1,Central Zone,26.900609,75.793433,2025-10-27T01:45:58.257791,1,0,1,0,0,Clear,14500,None,P-00108,PS-007,Under Investigation
FIR-001208,Theft,2,Industrial Belt,26.855092,75.761767,2026-07-15T13:29:58.257791,13,2,0,0,1,Clear,3100,None,P-00106,PS-001,Under Investigation
FIR-001209,Vehicle Theft,3,West Sector,26.887226,75.772747,2026-04-29T23:48:58.257791,23,2,1,0,0,Clear,9100,None,,PS-008,Chargesheet Filed
FIR-001210,Narcotics,2,Riverside,26.870907,75.803535,2026-02-14T00:59:58.257791,0,5,1,1,0,Rain,5200,None,P-00048,PS-005,Closed
FIR-001211,Assault,2,Industrial Belt,26.85055,75.763745,2026-01-25T18:02:58.257791,18,6,0,1,0,Clear,3100,Improvised,P-00275,PS-004,Closed
FIR-001212,Theft,3,South Division,26.871962,75.786198,2026-05-31T18:51:58.257791,18,6,0,1,0,Clear,6400,None,P-00110,PS-003,Chargesheet Filed
FIR-001213,Assault,4,West Sector,26.891494,75.777393,2026-07-08T02:35:58.257791,2,2,1,0,0,Cloudy,9100,Improvised,P-00336,PS-003,Under Investigation
FIR-001214,Burglary,2,Central Zone,26.889988,75.797242,2026-01-19T17:42:58.257791,17,0,0,0,0,Heatwave,14500,None,,PS-008,Cold
FIR-001215,Assault,4,East Ward,26.913109,75.828655,2025-09-03T03:12:58.257791,3,2,1,0,0,Clear,10800,None,,PS-005,Cold
FIR-001216,Cybercrime,3,West Sector,26.893833,75.774975,2026-07-08T13:35:58.257791,13,2,0,0,0,Fog,9100,None,,PS-007,Under Investigation
FIR-001217,Assault,3,West Sector,26.883636,75.776812,2026-06-29T09:32:58.257791,9,0,0,0,0,Fog,9100,Firearm,,PS-008,Closed
FIR-001218,Theft,1,West Sector,26.899204,75.772379,2025-09-02T17:30:58.257791,17,1,0,0,0,Clear,9100,None,,PS-008,Under Investigation
FIR-001219,Burglary,2,East Ward,26.897762,75.829671,2026-03-28T14:18:58.257791,14,5,0,1,0,Clear,10800,None,P-00437,PS-003,Under Investigation
FIR-001220,Fraud,2,Central Zone,26.893296,75.799952,2026-06-17T10:37:58.257791,10,2,0,0,0,Clear,14500,None,P-00111,PS-005,Under Investigation
FIR-001221,Extortion,5,North District,26.926056,75.82155,2025-11-29T08:44:58.257791,8,5,0,1,0,Clear,8200,Knife,,PS-002,Under Investigation
FIR-001222,Extortion,4,Central Zone,26.902703,75.791043,2026-01-19T13:33:58.257791,13,0,0,0,0,Cloudy,14500,Firearm,P-00401,PS-002,Closed
FIR-001223,Theft,2,East Ward,26.914492,75.840064,2026-07-11T09:17:58.257791,9,5,0,1,0,Clear,10800,None,P-00087,PS-002,Chargesheet Filed
FIR-001224,Fraud,2,Old City,26.910028,75.803346,2025-08-11T06:42:58.257791,6,0,0,0,0,Clear,16200,None,,PS-004,Chargesheet Filed
FIR-001225,Burglary,3,West Sector,26.888295,75.782387,2025-10-08T09:02:58.257791,9,2,0,0,0,Heatwave,9100,None,P-00272,PS-007,Under Investigation
FIR-001226,Assault,4,Old City,26.917128,75.796834,2026-06-06T09:17:58.257791,9,5,0,1,0,Clear,16200,Improvised,P-00580,PS-005,Chargesheet Filed
FIR-001227,Burglary,3,Riverside,26.881886,75.821297,2025-08-07T03:17:58.257791,3,3,1,0,0,Cloudy,5200,None,P-00281,PS-006,Chargesheet Filed
FIR-001228,Theft,2,Central Zone,26.90902,75.805063,2026-07-05T19:46:58.257791,19,6,0,1,0,Clear,14500,None,P-00170,PS-006,Chargesheet Filed
FIR-001229,Burglary,2,East Ward,26.894751,75.831813,2026-05-22T00:07:58.257791,0,4,1,0,0,Cloudy,10800,None,P-00566,PS-006,Cold
FIR-001230,Robbery,5,Central Zone,26.910438,75.804782,2025-11-04T03:48:58.257791,3,1,1,0,0,Cloudy,14500,None,,PS-005,Cold
FIR-001231,Assault,4,Industrial Belt,26.864755,75.759247,2026-05-13T08:45:58.257791,8,2,0,0,0,Fog,3100,Improvised,P-00167,PS-003,Under Investigation
FIR-001232,Assault,3,South Division,26.874642,75.800235,2026-07-09T22:40:58.257791,22,3,1,0,0,Clear,6400,Firearm,,PS-006,Under Investigation
FIR-001233,Theft,1,Industrial Belt,26.857768,75.763273,2026-04-02T06:40:58.257791,6,3,0,0,0,Rain,3100,None,P-00566,PS-007,Under Investigation
FIR-001234,Narcotics,4,North District,26.924221,75.815012,2025-10-04T21:52:58.257791,21,5,1,1,0,Rain,8200,None,,PS-003,Under Investigation
FIR-001235,Burglary,3,Central Zone,26.904217,75.797145,2026-05-01T00:04:58.257791,0,4,1,0,0,Heatwave,14500,None,,PS-003,Cold
FIR-001236,Fraud,3,Old City,26.907964,75.793209,2026-06-01T06:22:58.257791,6,0,0,0,0,Rain,16200,None,P-00482,PS-005,Closed
FIR-001237,Cybercrime,2,Central Zone,26.894718,75.805165,2026-03-06T12:59:58.257791,12,4,0,0,0,Clear,14500,None,P-00143,PS-003,Under Investigation
FIR-001238,Theft,3,West Sector,26.906259,75.783991,2025-09-12T12:50:58.257791,12,4,0,0,0,Clear,9100,None,P-00242,PS-005,Under Investigation
FIR-001239,Fraud,3,South Division,26.879067,75.783202,2026-04-24T16:35:58.257791,16,4,0,0,0,Fog,6400,None,P-00388,PS-001,Under Investigation
FIR-001240,Theft,2,East Ward,26.902239,75.830215,2025-08-27T02:54:58.257791,2,2,1,0,0,Clear,10800,None,P-00158,PS-006,Under Investigation
FIR-001241,Assault,5,East Ward,26.900673,75.830136,2025-09-17T02:23:58.257791,2,2,1,0,0,Cloudy,10800,None,P-00459,PS-002,Cold
FIR-001242,Assault,5,South Division,26.871174,75.778866,2026-01-05T06:09:58.257791,6,0,0,0,0,Clear,6400,Improvised,,PS-001,Under Investigation
FIR-001243,Robbery,5,South Division,26.8735,75.782901,2026-06-27T21:16:58.257791,21,5,1,1,0,Fog,6400,Blunt Object,,PS-002,Under Investigation
FIR-001244,Assault,2,South Division,26.87165,75.789281,2026-02-11T07:42:58.257791,7,2,0,0,0,Cloudy,6400,Blunt Object,,PS-006,Closed
FIR-001245,Theft,1,Old City,26.920266,75.813756,2025-11-07T15:03:58.257791,15,4,0,0,0,Clear,16200,None,P-00401,PS-004,Under Investigation
FIR-001246,Robbery,4,Central Zone,26.904934,75.80109,2026-06-21T10:55:58.257791,10,6,0,1,0,Cloudy,14500,Knife,P-00176,PS-003,Under Investigation
FIR-001247,Fraud,2,West Sector,26.891044,75.76404,2026-06-28T21:57:58.257791,21,6,1,1,0,Cloudy,9100,None,,PS-005,Cold
FIR-001248,Narcotics,2,South Division,26.858155,75.796929,2026-04-01T13:46:58.257791,13,2,0,0,0,Clear,6400,None,P-00119,PS-008,Under Investigation
FIR-001249,Burglary,3,Old City,26.904671,75.801903,2026-03-04T12:26:58.257791,12,2,0,0,0,Rain,16200,None,,PS-001,Under Investigation
FIR-001250,Cybercrime,1,North District,26.927291,75.819211,2026-04-18T05:10:58.257791,5,5,0,1,0,Clear,8200,None,P-00005,PS-008,Under Investigation
FIR-001251,Burglary,4,Old City,26.923271,75.815803,2025-07-31T14:20:58.257791,14,3,0,0,0,Rain,16200,None,,PS-008,Closed
FIR-001252,Burglary,3,Old City,26.906079,75.81058,2025-09-23T21:47:58.257791,21,1,1,0,0,Rain,16200,None,,PS-007,Under Investigation
FIR-001253,Theft,1,Old City,26.922855,75.810192,2025-08-26T18:19:58.257791,18,1,0,0,0,Fog,16200,None,P-00145,PS-005,Closed
FIR-001254,Vehicle Theft,3,South Division,26.873893,75.801651,2026-07-08T19:13:58.257791,19,2,0,0,0,Rain,6400,None,P-00457,PS-007,Cold
FIR-001255,Burglary,4,Old City,26.913428,75.811525,2026-05-21T14:21:58.257791,14,3,0,0,0,Clear,16200,None,P-00337,PS-007,Under Investigation
FIR-001256,Burglary,3,East Ward,26.893386,75.83276,2026-07-10T06:24:58.257791,6,4,0,0,0,Fog,10800,None,P-00120,PS-005,Cold
FIR-001257,Narcotics,4,Industrial Belt,26.852807,75.774669,2026-02-06T15:36:58.257791,15,4,0,0,0,Clear,3100,None,P-00081,PS-002,Chargesheet Filed
FIR-001258,Assault,4,Central Zone,26.899478,75.793838,2026-06-11T15:51:58.257791,15,3,0,0,0,Cloudy,14500,Firearm,P-00100,PS-008,Chargesheet Filed
FIR-001259,Theft,1,East Ward,26.902527,75.837891,2025-09-07T03:53:58.257791,3,6,1,1,0,Rain,10800,None,P-00009,PS-001,Closed
FIR-001260,Fraud,2,Central Zone,26.909834,75.802349,2026-01-21T11:27:58.257791,11,2,0,0,0,Rain,14500,None,,PS-004,Under Investigation
FIR-001261,Cybercrime,3,Central Zone,26.892485,75.794809,2026-04-09T16:04:58.257791,16,3,0,0,0,Clear,14500,None,P-00425,PS-002,Chargesheet Filed
FIR-001262,Vehicle Theft,2,West Sector,26.899291,75.768762,2026-07-25T10:50:58.257791,10,5,0,1,0,Clear,9100,None,P-00155,PS-002,Cold
FIR-001263,Burglary,2,Industrial Belt,26.866688,75.761408,2026-07-15T22:43:58.257791,22,2,1,0,1,Cloudy,3100,None,P-00244,PS-005,Chargesheet Filed
FIR-001264,Burglary,2,East Ward,26.91246,75.834541,2025-10-20T17:22:58.257791,17,0,0,0,0,Cloudy,10800,None,,PS-003,Under Investigation
FIR-001265,Burglary,2,West Sector,26.890671,75.777141,2025-08-20T20:10:58.257791,20,2,1,0,0,Cloudy,9100,None,,PS-006,Under Investigation
FIR-001266,Burglary,2,Riverside,26.889099,75.814706,2026-04-05T21:16:58.257791,21,6,1,1,0,Heatwave,5200,None,P-00172,PS-006,Chargesheet Filed
FIR-001267,Narcotics,2,Riverside,26.887484,75.800146,2025-11-15T06:29:58.257791,6,5,0,1,1,Rain,5200,None,P-00527,PS-001,Closed
FIR-001268,Assault,2,East Ward,26.910451,75.837429,2026-05-27T12:06:58.257791,12,2,0,0,0,Clear,10800,Improvised,P-00596,PS-001,Under Investigation
FIR-001269,Theft,3,East Ward,26.914139,75.832403,2025-11-22T04:35:58.257791,4,5,1,1,0,Heatwave,10800,None,P-00483,PS-001,Closed
FIR-001270,Robbery,3,Central Zone,26.893819,75.79802,2025-12-08T16:05:58.257791,16,0,0,0,0,Cloudy,14500,None,P-00467,PS-002,Under Investigation
FIR-001271,Cybercrime,3,Central Zone,26.895274,75.799013,2026-06-17T07:24:58.257791,7,2,0,0,0,Clear,14500,None,,PS-005,Chargesheet Filed
FIR-001272,Narcotics,2,Riverside,26.868872,75.806372,2026-01-20T16:05:58.257791,16,1,0,0,0,Clear,5200,None,P-00158,PS-004,Under Investigation
FIR-001273,Assault,3,East Ward,26.895272,75.832029,2026-04-07T00:29:58.257791,0,1,1,0,0,Clear,10800,Knife,P-00229,PS-007,Closed
FIR-001274,Theft,3,South Division,26.860492,75.797495,2026-02-20T17:46:58.257791,17,4,0,0,0,Clear,6400,None,P-00491,PS-002,Closed
FIR-001275,Cybercrime,2,South Division,26.880244,75.788379,2025-09-29T15:24:58.257791,15,0,0,0,0,Cloudy,6400,None,P-00478,PS-006,Under Investigation
FIR-001276,Theft,3,Old City,26.906814,75.803203,2026-02-15T14:01:58.257791,14,6,0,1,1,Cloudy,16200,None,P-00389,PS-001,Closed
FIR-001277,Burglary,3,Old City,26.907056,75.806207,2026-03-13T14:16:58.257791,14,4,0,0,0,Clear,16200,None,,PS-001,Closed
FIR-001278,Theft,2,East Ward,26.90794,75.829527,2025-11-27T04:27:58.257791,4,3,1,0,0,Cloudy,10800,None,P-00238,PS-008,Under Investigation
FIR-001279,Vehicle Theft,2,North District,26.908704,75.809739,2025-10-31T11:14:58.257791,11,4,0,0,0,Heatwave,8200,None,,PS-005,Under Investigation
FIR-001280,Burglary,2,South Division,26.880882,75.781338,2026-02-10T04:21:58.257791,4,1,1,0,0,Cloudy,6400,None,,PS-006,Chargesheet Filed
FIR-001281,Vehicle Theft,2,West Sector,26.895614,75.763945,2025-09-12T11:25:58.257791,11,4,0,0,0,Clear,9100,None,,PS-006,Chargesheet Filed
FIR-001282,Vehicle Theft,1,North District,26.920548,75.818733,2026-05-30T23:07:58.257791,23,5,1,1,0,Clear,8200,None,,PS-008,Under Investigation
FIR-001283,Fraud,3,South Division,26.862708,75.780964,2025-08-21T14:05:58.257791,14,3,0,0,0,Cloudy,6400,None,,PS-003,Under Investigation
FIR-001284,Theft,2,North District,26.912102,75.826102,2026-06-21T10:16:58.257791,10,6,0,1,0,Rain,8200,None,P-00477,PS-006,Under Investigation
FIR-001285,Narcotics,4,Central Zone,26.901459,75.797227,2025-11-20T00:17:58.257791,0,3,1,0,0,Cloudy,14500,None,,PS-001,Chargesheet Filed
FIR-001286,Narcotics,3,South Division,26.873629,75.788163,2025-11-03T17:59:58.257791,17,0,0,0,0,Rain,6400,None,P-00581,PS-008,Under Investigation
FIR-001287,Burglary,4,South Division,26.860209,75.793408,2026-06-17T02:52:58.257791,2,2,1,0,0,Cloudy,6400,None,P-00285,PS-006,Cold
FIR-001288,Assault,5,Old City,26.921936,75.801685,2026-04-06T01:54:58.257791,1,0,1,0,0,Rain,16200,Knife,P-00275,PS-005,Under Investigation
FIR-001289,Cybercrime,3,North District,26.927745,75.816494,2026-02-06T14:18:58.257791,14,4,0,0,0,Fog,8200,None,,PS-004,Closed
FIR-001290,Fraud,1,Riverside,26.883872,75.820244,2026-04-12T00:41:58.257791,0,6,1,1,0,Clear,5200,None,,PS-007,Closed
FIR-001291,Narcotics,4,Riverside,26.875517,75.801702,2026-04-06T00:18:58.257791,0,0,1,0,0,Heatwave,5200,None,,PS-008,Closed
FIR-001292,Burglary,4,East Ward,26.902804,75.8373,2025-07-29T10:48:58.257791,10,1,0,0,0,Cloudy,10800,None,,PS-005,Under Investigation
FIR-001293,Robbery,4,Riverside,26.868571,75.815377,2026-03-04T13:35:58.257791,13,2,0,0,0,Clear,5200,None,P-00573,PS-006,Cold
FIR-001294,Theft,1,North District,26.909227,75.81273,2025-10-24T11:08:58.257791,11,4,0,0,0,Clear,8200,None,P-00556,PS-004,Closed
FIR-001295,Extortion,5,Old City,26.910554,75.808238,2026-03-12T01:49:58.257791,1,3,1,0,0,Rain,16200,None,,PS-004,Closed
FIR-001296,Burglary,3,North District,26.908923,75.811184,2026-02-26T22:12:58.257791,22,3,1,0,0,Cloudy,8200,None,,PS-001,Under Investigation
FIR-001297,Burglary,2,West Sector,26.904233,75.766342,2026-06-27T23:26:58.257791,23,5,1,1,0,Clear,9100,None,P-00194,PS-004,Chargesheet Filed
FIR-001298,Vehicle Theft,1,Old City,26.90568,75.798736,2026-06-09T04:03:58.257791,4,1,1,0,0,Clear,16200,None,P-00024,PS-005,Cold
FIR-001299,Burglary,4,Central Zone,26.898419,75.804215,2026-01-25T23:47:58.257791,23,6,1,1,0,Cloudy,14500,None,,PS-006,Under Investigation
FIR-001300,Robbery,5,North District,26.916402,75.815021,2026-01-29T09:05:58.257791,9,3,0,0,0,Cloudy,8200,Firearm,,PS-007,Cold
FIR-001301,Theft,2,Old City,26.918973,75.815156,2026-06-11T20:28:58.257791,20,3,1,0,0,Clear,16200,None,P-00263,PS-006,Chargesheet Filed
FIR-001302,Fraud,2,Central Zone,26.892475,75.808285,2026-03-16T15:53:58.257791,15,0,0,0,0,Fog,14500,None,P-00151,PS-004,Under Investigation
FIR-001303,Assault,5,West Sector,26.900259,75.7813,2025-10-05T20:33:58.257791,20,6,1,1,0,Clear,9100,Blunt Object,,PS-005,Chargesheet Filed
FIR-001304,Theft,3,Central Zone,26.89861,75.791835,2026-02-28T18:23:58.257791,18,5,0,1,0,Clear,14500,None,,PS-001,Under Investigation
FIR-001305,Extortion,5,Central Zone,26.902345,75.810796,2026-05-31T07:06:58.257791,7,6,0,1,0,Clear,14500,None,P-00375,PS-005,Under Investigation
FIR-001306,Fraud,3,Old City,26.919894,75.803051,2026-06-07T12:25:58.257791,12,6,0,1,0,Clear,16200,None,P-00580,PS-002,Cold
FIR-001307,Narcotics,4,Industrial Belt,26.860734,75.758923,2025-11-14T02:41:58.257791,2,4,1,0,0,Clear,3100,None,P-00082,PS-005,Closed
FIR-001308,Burglary,2,North District,26.928617,75.811474,2026-02-01T13:43:58.257791,13,6,0,1,0,Clear,8200,None,P-00527,PS-004,Under Investigation
FIR-001309,Robbery,3,Central Zone,26.902553,75.789534,2026-03-25T05:40:58.257791,5,2,0,0,0,Clear,14500,Firearm,,PS-001,Chargesheet Filed
FIR-001310,Burglary,3,East Ward,26.89897,75.83919,2025-11-02T20:24:58.257791,20,6,1,1,0,Fog,10800,None,P-00570,PS-002,Chargesheet Filed
FIR-001311,Theft,3,Old City,26.905573,75.793379,2025-10-15T15:28:58.257791,15,2,0,0,1,Cloudy,16200,None,P-00437,PS-002,Cold
FIR-001312,Cybercrime,1,Industrial Belt,26.869833,75.763127,2026-05-31T22:15:58.257791,22,6,1,1,0,Fog,3100,None,P-00099,PS-007,Under Investigation
FIR-001313,Fraud,1,East Ward,26.896762,75.832249,2025-08-23T17:23:58.257791,17,5,0,1,0,Cloudy,10800,None,P-00425,PS-002,Chargesheet Filed
FIR-001314,Theft,1,South Division,26.866616,75.791557,2026-07-09T08:18:58.257791,8,3,0,0,0,Rain,6400,None,,PS-008,Under Investigation
FIR-001315,Fraud,2,East Ward,26.913721,75.819356,2026-01-20T13:38:58.257791,13,1,0,0,0,Cloudy,10800,None,P-00055,PS-001,Chargesheet Filed
FIR-001316,Fraud,3,Central Zone,26.899865,75.80271,2025-10-02T14:15:58.257791,14,3,0,0,0,Rain,14500,None,,PS-005,Closed
FIR-001317,Assault,5,Riverside,26.869134,75.813566,2025-10-22T13:11:58.257791,13,2,0,0,0,Cloudy,5200,Improvised,P-00009,PS-004,Under Investigation
FIR-001318,Theft,3,Old City,26.920366,75.798762,2026-03-19T15:13:58.257791,15,3,0,0,0,Clear,16200,None,P-00384,PS-002,Under Investigation
FIR-001319,Theft,2,Riverside,26.870403,75.80387,2026-05-04T14:59:58.257791,14,0,0,0,0,Clear,5200,None,P-00090,PS-005,Under Investigation
FIR-001320,Assault,3,North District,26.912172,75.826503,2025-11-24T11:33:58.257791,11,0,0,0,0,Cloudy,8200,None,,PS-007,Closed
FIR-001321,Theft,3,Old City,26.916568,75.809022,2026-06-18T07:05:58.257791,7,3,0,0,0,Clear,16200,None,P-00501,PS-008,Cold
FIR-001322,Vehicle Theft,2,Old City,26.918552,75.803282,2026-05-29T18:20:58.257791,18,4,0,0,0,Rain,16200,None,P-00043,PS-001,Under Investigation
FIR-001323,Cybercrime,1,North District,26.918962,75.818409,2026-07-19T15:57:58.257791,15,6,0,1,0,Rain,8200,None,P-00272,PS-001,Chargesheet Filed
FIR-001324,Assault,4,Old City,26.904942,75.795643,2026-06-02T03:57:58.257791,3,1,1,0,0,Clear,16200,None,,PS-005,Chargesheet Filed
FIR-001325,Theft,2,West Sector,26.891259,75.772348,2025-12-06T05:17:58.257791,5,5,0,1,0,Cloudy,9100,None,P-00139,PS-008,Under Investigation
FIR-001326,Theft,3,North District,26.920025,75.817967,2026-03-08T08:37:58.257791,8,6,0,1,0,Cloudy,8200,None,P-00306,PS-004,Closed
FIR-001327,Assault,5,West Sector,26.896054,75.785559,2025-10-03T17:16:58.257791,17,4,0,0,0,Rain,9100,Knife,P-00375,PS-008,Under Investigation
FIR-001328,Kidnapping,4,East Ward,26.910507,75.823218,2026-04-21T09:38:58.257791,9,1,0,0,0,Clear,10800,Firearm,,PS-007,Cold
FIR-001329,Theft,1,West Sector,26.88302,75.785834,2026-02-12T06:02:58.257791,6,3,0,0,0,Cloudy,9100,None,P-00581,PS-008,Under Investigation
FIR-001330,Burglary,3,North District,26.920273,75.810705,2025-12-25T23:31:58.257791,23,3,1,0,0,Cloudy,8200,None,P-00400,PS-007,Under Investigation
FIR-001331,Assault,5,Industrial Belt,26.860928,75.771569,2025-12-08T08:52:58.257791,8,0,0,0,0,Rain,3100,Blunt Object,,PS-001,Under Investigation
FIR-001332,Burglary,4,East Ward,26.90748,75.833377,2025-11-21T17:52:58.257791,17,4,0,0,0,Clear,10800,None,P-00167,PS-002,Chargesheet Filed
FIR-001333,Fraud,3,East Ward,26.895727,75.833452,2025-10-27T17:00:58.257791,17,0,0,0,0,Rain,10800,None,P-00056,PS-007,Under Investigation
FIR-001334,Robbery,5,Central Zone,26.891484,75.790261,2025-08-27T19:49:58.257791,19,2,0,0,0,Clear,14500,Knife,P-00122,PS-003,Under Investigation
FIR-001335,Assault,5,North District,26.923648,75.828352,2025-11-01T17:56:58.257791,17,5,0,1,0,Cloudy,8200,Blunt Object,P-00482,PS-005,Chargesheet Filed
FIR-001336,Vehicle Theft,2,South Division,26.86187,75.798838,2025-12-19T12:30:58.257791,12,4,0,0,0,Clear,6400,None,P-00103,PS-002,Under Investigation
FIR-001337,Theft,3,Riverside,26.880829,75.800448,2026-01-14T07:13:58.257791,7,2,0,0,0,Cloudy,5200,None,,PS-001,Under Investigation
FIR-001338,Fraud,2,South Division,26.878678,75.780273,2026-06-15T15:45:58.257791,15,0,0,0,1,Heatwave,6400,None,P-00087,PS-003,Closed
FIR-001339,Narcotics,3,Industrial Belt,26.850481,75.77232,2026-01-30T05:19:58.257791,5,4,0,0,0,Rain,3100,None,,PS-004,Closed
FIR-001340,Burglary,4,East Ward,26.910053,75.833558,2025-08-31T20:27:58.257791,20,6,1,1,0,Rain,10800,None,,PS-001,Under Investigation
FIR-001341,Burglary,2,Industrial Belt,26.85999,75.768224,2025-10-20T15:54:58.257791,15,0,0,0,0,Clear,3100,None,P-00143,PS-003,Under Investigation
FIR-001342,Narcotics,2,Central Zone,26.889845,75.802734,2026-07-15T00:17:58.257791,0,2,1,0,1,Fog,14500,None,P-00195,PS-001,Chargesheet Filed
FIR-001343,Assault,3,North District,26.922433,75.825994,2026-07-14T13:44:58.257791,13,1,0,0,0,Clear,8200,Firearm,P-00564,PS-004,Under Investigation
FIR-001344,Vehicle Theft,1,South Division,26.861676,75.798415,2025-11-24T15:29:58.257791,15,0,0,0,0,Fog,6400,None,,PS-004,Closed
FIR-001345,Burglary,4,Central Zone,26.904814,75.792422,2026-01-07T03:57:58.257791,3,2,1,0,0,Clear,14500,None,,PS-002,Closed
FIR-001346,Theft,1,Riverside,26.887654,75.821795,2025-12-04T09:46:58.257791,9,3,0,0,0,Clear,5200,None,,PS-007,Chargesheet Filed
FIR-001347,Burglary,3,North District,26.910344,75.81299,2026-04-30T06:05:58.257791,6,3,0,0,0,Cloudy,8200,None,,PS-005,Under Investigation
FIR-001348,Burglary,3,North District,26.922348,75.820512,2026-02-11T00:40:58.257791,0,2,1,0,0,Clear,8200,None,,PS-001,Closed
FIR-001349,Robbery,4,South Division,26.861255,75.784662,2026-06-30T03:14:58.257791,3,1,1,0,0,Fog,6400,Improvised,,PS-003,Chargesheet Filed
FIR-001350,Fraud,1,South Division,26.868045,75.790197,2026-06-17T00:12:58.257791,0,2,1,0,0,Cloudy,6400,None,P-00152,PS-004,Cold
FIR-001351,Theft,2,South Division,26.873765,75.794959,2026-03-03T07:52:58.257791,7,1,0,0,0,Cloudy,6400,None,,PS-003,Under Investigation
FIR-001352,Burglary,4,East Ward,26.907802,75.839109,2026-06-21T23:38:58.257791,23,6,1,1,0,Fog,10800,None,,PS-004,Chargesheet Filed
FIR-001353,Assault,4,North District,26.929643,75.810259,2026-07-06T01:02:58.257791,1,0,1,0,0,Rain,8200,Firearm,P-00471,PS-005,Under Investigation
FIR-001354,Fraud,1,Central Zone,26.904635,75.793872,2026-05-06T02:00:58.257791,2,2,1,0,0,Cloudy,14500,None,,PS-006,Under Investigation
FIR-001355,Cybercrime,1,East Ward,26.909039,75.830354,2026-03-08T07:13:58.257791,7,6,0,1,0,Rain,10800,None,,PS-006,Under Investigation
FIR-001356,Vehicle Theft,1,Central Zone,26.902904,75.802881,2026-06-05T12:09:58.257791,12,4,0,0,0,Clear,14500,None,P-00145,PS-008,Under Investigation
FIR-001357,Kidnapping,4,West Sector,26.895206,75.782792,2026-06-16T22:10:58.257791,22,1,1,0,0,Rain,9100,None,P-00071,PS-001,Closed
FIR-001358,Robbery,3,West Sector,26.883846,75.785963,2026-01-06T13:08:58.257791,13,1,0,0,0,Clear,9100,Blunt Object,P-00280,PS-007,Closed
FIR-001359,Fraud,1,Industrial Belt,26.853561,75.767209,2026-02-28T13:02:58.257791,13,5,0,1,0,Rain,3100,None,,PS-002,Chargesheet Filed
FIR-001360,Fraud,1,East Ward,26.911803,75.825333,2026-04-30T00:29:58.257791,0,3,1,0,0,Cloudy,10800,None,P-00462,PS-003,Under Investigation
FIR-001361,Burglary,2,West Sector,26.887838,75.770198,2026-07-05T23:23:58.257791,23,6,1,1,0,Rain,9100,None,P-00447,PS-004,Cold
FIR-001362,Fraud,2,Central Zone,26.898468,75.802695,2026-03-25T04:57:58.257791,4,2,1,0,0,Fog,14500,None,,PS-007,Chargesheet Filed
FIR-001363,Robbery,4,West Sector,26.905651,75.785673,2025-12-20T23:09:58.257791,23,5,1,1,0,Clear,9100,Firearm,,PS-001,Under Investigation
FIR-001364,Cybercrime,3,Central Zone,26.903206,75.810463,2025-08-07T12:46:58.257791,12,3,0,0,0,Clear,14500,None,,PS-006,Closed
FIR-001365,Vehicle Theft,3,Riverside,26.888967,75.808127,2026-03-29T14:46:58.257791,14,6,0,1,0,Clear,5200,None,P-00238,PS-002,Chargesheet Filed
FIR-001366,Fraud,3,South Division,26.862834,75.778903,2026-01-10T19:07:58.257791,19,5,0,1,0,Cloudy,6400,None,,PS-006,Under Investigation
FIR-001367,Burglary,4,East Ward,26.907652,75.827647,2026-03-17T00:50:58.257791,0,1,1,0,0,Clear,10800,None,P-00317,PS-007,Under Investigation
FIR-001368,Robbery,4,East Ward,26.909807,75.838523,2026-05-19T02:20:58.257791,2,1,1,0,0,Clear,10800,Improvised,P-00312,PS-001,Under Investigation
FIR-001369,Fraud,3,Central Zone,26.894257,75.810834,2026-03-08T19:56:58.257791,19,6,0,1,0,Clear,14500,None,,PS-008,Under Investigation
FIR-001370,Theft,2,West Sector,26.884838,75.780471,2026-01-26T07:18:58.257791,7,0,0,0,0,Rain,9100,None,P-00015,PS-002,Under Investigation
FIR-001371,Theft,2,Old City,26.919663,75.816272,2025-12-07T12:47:58.257791,12,6,0,1,0,Rain,16200,None,P-00464,PS-007,Closed
FIR-001372,Vehicle Theft,2,West Sector,26.892805,75.779978,2025-12-16T04:39:58.257791,4,1,1,0,0,Fog,9100,None,,PS-004,Closed
FIR-001373,Cybercrime,3,West Sector,26.893431,75.774319,2025-10-04T16:38:58.257791,16,5,0,1,0,Fog,9100,None,,PS-003,Chargesheet Filed
FIR-001374,Burglary,4,Old City,26.923622,75.805934,2025-09-28T02:53:58.257791,2,6,1,1,0,Rain,16200,None,,PS-008,Under Investigation
FIR-001375,Theft,2,Central Zone,26.906254,75.793985,2026-02-04T03:23:58.257791,3,2,1,0,0,Heatwave,14500,None,,PS-004,Chargesheet Filed
FIR-001376,Burglary,3,West Sector,26.888298,75.780282,2026-05-08T19:33:58.257791,19,4,0,0,0,Clear,9100,None,P-00561,PS-002,Chargesheet Filed
FIR-001377,Theft,3,Central Zone,26.903565,75.788037,2026-05-04T12:15:58.257791,12,0,0,0,0,Cloudy,14500,None,P-00382,PS-006,Under Investigation
FIR-001378,Assault,5,Riverside,26.869171,75.80319,2026-07-24T09:20:58.257791,9,4,0,0,0,Clear,5200,None,P-00110,PS-004,Chargesheet Filed
FIR-001379,Fraud,2,Central Zone,26.900208,75.802346,2025-12-29T15:09:58.257791,15,0,0,0,0,Clear,14500,None,,PS-004,Under Investigation
FIR-001380,Assault,5,East Ward,26.895131,75.835138,2026-07-06T22:03:58.257791,22,0,1,0,0,Clear,10800,None,,PS-008,Chargesheet Filed
FIR-001381,Assault,5,Riverside,26.872153,75.807923,2026-03-12T03:08:58.257791,3,3,1,0,0,Fog,5200,Blunt Object,P-00181,PS-008,Closed
FIR-001382,Cybercrime,3,Old City,26.914721,75.804902,2026-04-13T13:48:58.257791,13,0,0,0,0,Fog,16200,None,,PS-006,Closed
FIR-001383,Vehicle Theft,1,Old City,26.917098,75.813363,2026-06-24T01:09:58.257791,1,2,1,0,0,Rain,16200,None,P-00338,PS-005,Chargesheet Filed
FIR-001384,Vehicle Theft,2,Riverside,26.868601,75.818931,2025-11-26T09:15:58.257791,9,2,0,0,0,Cloudy,5200,None,P-00364,PS-007,Closed
FIR-001385,Theft,2,North District,26.926105,75.826397,2026-05-28T08:13:58.257791,8,3,0,0,0,Clear,8200,None,,PS-004,Under Investigation
FIR-001386,Narcotics,4,East Ward,26.893804,75.827817,2025-08-12T14:36:58.257791,14,1,0,0,0,Clear,10800,None,P-00528,PS-003,Under Investigation
FIR-001387,Cybercrime,2,Central Zone,26.903713,75.798144,2025-12-08T04:06:58.257791,4,0,1,0,0,Cloudy,14500,None,P-00131,PS-004,Chargesheet Filed
FIR-001388,Cybercrime,3,North District,26.926305,75.828681,2026-02-22T06:53:58.257791,6,6,0,1,0,Cloudy,8200,None,P-00351,PS-001,Chargesheet Filed
FIR-001389,Narcotics,4,East Ward,26.91675,75.833976,2025-09-04T19:54:58.257791,19,3,0,0,0,Rain,10800,None,,PS-002,Under Investigation
FIR-001390,Burglary,3,Old City,26.926847,75.795082,2026-05-29T10:27:58.257791,10,4,0,0,0,Cloudy,16200,None,P-00237,PS-004,Chargesheet Filed
FIR-001391,Fraud,2,South Division,26.868768,75.80016,2025-12-15T06:18:58.257791,6,0,0,0,1,Clear,6400,None,P-00557,PS-007,Closed
FIR-001392,Assault,5,Old City,26.916141,75.796534,2025-12-17T17:20:58.257791,17,2,0,0,0,Rain,16200,Firearm,,PS-003,Under Investigation
FIR-001393,Vehicle Theft,1,West Sector,26.889629,75.766938,2026-05-30T12:14:58.257791,12,5,0,1,0,Clear,9100,None,P-00170,PS-001,Chargesheet Filed
FIR-001394,Narcotics,3,East Ward,26.899678,75.829548,2025-10-30T09:18:58.257791,9,3,0,0,0,Fog,10800,None,P-00400,PS-007,Under Investigation
FIR-001395,Cybercrime,3,Central Zone,26.897325,75.788774,2025-12-02T19:13:58.257791,19,1,0,0,0,Clear,14500,None,P-00336,PS-004,Under Investigation
FIR-001396,Assault,3,East Ward,26.899268,75.825182,2025-09-11T02:20:58.257791,2,3,1,0,0,Rain,10800,None,P-00104,PS-004,Under Investigation
FIR-001397,Cybercrime,1,Central Zone,26.909992,75.793422,2025-09-16T18:50:58.257791,18,1,0,0,0,Fog,14500,None,P-00469,PS-004,Chargesheet Filed
FIR-001398,Narcotics,3,Industrial Belt,26.855442,75.77881,2026-04-28T17:34:58.257791,17,1,0,0,0,Cloudy,3100,None,P-00227,PS-002,Under Investigation
FIR-001399,Theft,2,Industrial Belt,26.860339,75.762694,2026-01-29T20:23:58.257791,20,3,1,0,0,Cloudy,3100,None,,PS-007,Chargesheet Filed
FIR-001400,Cybercrime,3,East Ward,26.901752,75.822027,2025-09-05T05:04:58.257791,5,4,0,0,0,Heatwave,10800,None,P-00412,PS-006,Under Investigation
FIR-001401,Burglary,4,East Ward,26.912048,75.819823,2026-06-08T19:42:58.257791,19,0,0,0,0,Cloudy,10800,None,P-00413,PS-007,Under Investigation
FIR-001402,Vehicle Theft,1,Old City,26.915913,75.815619,2025-09-21T06:20:58.257791,6,6,0,1,0,Clear,16200,None,P-00160,PS-005,Closed
FIR-001403,Theft,1,Industrial Belt,26.871826,75.781052,2025-09-11T11:48:58.257791,11,3,0,0,0,Rain,3100,None,P-00193,PS-007,Under Investigation
FIR-001404,Theft,3,North District,26.929031,75.821782,2026-06-01T23:10:58.257791,23,0,1,0,0,Fog,8200,None,,PS-004,Cold
FIR-001405,Theft,2,Riverside,26.871714,75.81971,2026-05-23T17:50:58.257791,17,5,0,1,0,Clear,5200,None,P-00081,PS-005,Chargesheet Filed
FIR-001406,Burglary,2,North District,26.928375,75.830854,2025-11-30T20:12:58.257791,20,6,1,1,0,Fog,8200,None,P-00041,PS-004,Under Investigation
FIR-001407,Vehicle Theft,1,West Sector,26.904449,75.777799,2025-08-01T08:19:58.257791,8,4,0,0,0,Cloudy,9100,None,,PS-007,Under Investigation
FIR-001408,Vehicle Theft,3,East Ward,26.903372,75.835983,2026-07-01T04:11:58.257791,4,2,1,0,0,Cloudy,10800,None,P-00227,PS-002,Chargesheet Filed
FIR-001409,Burglary,4,Old City,26.923584,75.807351,2025-10-29T13:28:58.257791,13,2,0,0,0,Clear,16200,None,P-00056,PS-007,Under Investigation
FIR-001410,Assault,2,North District,26.930025,75.825957,2026-06-08T17:42:58.257791,17,0,0,0,0,Clear,8200,Blunt Object,,PS-002,Under Investigation
FIR-001411,Theft,2,Riverside,26.871216,75.815761,2026-07-21T17:24:58.257791,17,1,0,0,0,Cloudy,5200,None,P-00109,PS-007,Chargesheet Filed
FIR-001412,Robbery,5,Industrial Belt,26.857651,75.773609,2025-10-12T14:56:58.257791,14,6,0,1,0,Cloudy,3100,Improvised,P-00457,PS-007,Cold
FIR-001413,Fraud,3,North District,26.910072,75.808093,2025-11-03T14:08:58.257791,14,0,0,0,0,Cloudy,8200,None,P-00167,PS-003,Closed
FIR-001414,Theft,3,East Ward,26.903941,75.834883,2026-06-16T05:22:58.257791,5,1,0,0,0,Clear,10800,None,P-00024,PS-001,Cold
FIR-001415,Fraud,2,Old City,26.922321,75.806356,2025-12-10T11:12:58.257791,11,2,0,0,0,Cloudy,16200,None,,PS-003,Closed
FIR-001416,Theft,3,North District,26.9319,75.82923,2026-01-13T23:48:58.257791,23,1,1,0,0,Rain,8200,None,,PS-001,Chargesheet Filed
FIR-001417,Robbery,4,Central Zone,26.901258,75.792164,2026-06-15T10:16:58.257791,10,0,0,0,1,Clear,14500,Knife,,PS-005,Under Investigation
FIR-001418,Fraud,3,Old City,26.926514,75.816185,2025-12-27T09:07:58.257791,9,5,0,1,0,Cloudy,16200,None,P-00433,PS-001,Under Investigation
FIR-001419,Assault,4,North District,26.912902,75.81025,2026-04-10T17:28:58.257791,17,4,0,0,0,Cloudy,8200,Firearm,P-00461,PS-007,Chargesheet Filed
FIR-001420,Fraud,3,Central Zone,26.909122,75.796342,2026-05-09T09:24:58.257791,9,5,0,1,0,Cloudy,14500,None,,PS-004,Under Investigation
FIR-001421,Cybercrime,3,West Sector,26.883553,75.765116,2025-08-22T07:32:58.257791,7,4,0,0,0,Clear,9100,None,P-00531,PS-004,Closed
FIR-001422,Fraud,2,North District,26.929661,75.809911,2025-12-17T09:44:58.257791,9,2,0,0,0,Cloudy,8200,None,,PS-001,Under Investigation
FIR-001423,Burglary,4,North District,26.922085,75.831768,2026-01-10T21:39:58.257791,21,5,1,1,0,Rain,8200,None,P-00181,PS-003,Cold
FIR-001424,Burglary,3,East Ward,26.912413,75.835546,2025-12-30T20:28:58.257791,20,1,1,0,0,Rain,10800,None,,PS-004,Under Investigation
FIR-001425,Cybercrime,2,North District,26.919382,75.823351,2025-11-26T12:13:58.257791,12,2,0,0,0,Fog,8200,None,,PS-006,Chargesheet Filed
FIR-001426,Burglary,4,North District,26.926219,75.817696,2026-02-13T08:51:58.257791,8,4,0,0,0,Rain,8200,None,,PS-007,Chargesheet Filed
FIR-001427,Theft,3,West Sector,26.905542,75.775835,2026-07-14T15:00:58.257791,15,1,0,0,0,Cloudy,9100,None,P-00119,PS-003,Chargesheet Filed
FIR-001428,Assault,2,Riverside,26.878483,75.810239,2025-09-21T10:04:58.257791,10,6,0,1,0,Clear,5200,Firearm,P-00401,PS-007,Closed
FIR-001429,Assault,4,West Sector,26.902241,75.768251,2026-04-06T09:52:58.257791,9,0,0,0,0,Cloudy,9100,Firearm,,PS-006,Chargesheet Filed
FIR-001430,Burglary,3,South Division,26.865737,75.786271,2025-10-09T20:05:58.257791,20,3,1,0,0,Clear,6400,None,,PS-006,Closed
FIR-001431,Fraud,2,Central Zone,26.911169,75.790088,2026-04-10T16:30:58.257791,16,4,0,0,0,Cloudy,14500,None,,PS-005,Cold
FIR-001432,Theft,3,West Sector,26.898646,75.781958,2025-10-15T07:19:58.257791,7,2,0,0,1,Clear,9100,None,,PS-007,Under Investigation
FIR-001433,Theft,2,Central Zone,26.906688,75.79846,2026-06-05T07:13:58.257791,7,4,0,0,0,Rain,14500,None,,PS-007,Under Investigation
FIR-001434,Theft,1,East Ward,26.901423,75.830104,2025-11-25T16:51:58.257791,16,1,0,0,0,Fog,10800,None,P-00099,PS-007,Chargesheet Filed
FIR-001435,Fraud,1,Riverside,26.872141,75.804739,2025-09-08T17:11:58.257791,17,0,0,0,0,Cloudy,5200,None,P-00208,PS-004,Under Investigation
FIR-001436,Theft,3,Old City,26.915478,75.799097,2025-10-20T09:15:58.257791,9,0,0,0,0,Clear,16200,None,,PS-001,Cold
FIR-001437,Theft,2,Old City,26.916285,75.794728,2026-04-11T19:08:58.257791,19,5,0,1,0,Clear,16200,None,,PS-004,Under Investigation
FIR-001438,Fraud,2,Central Zone,26.895831,75.794542,2026-04-22T06:16:58.257791,6,2,0,0,0,Heatwave,14500,None,,PS-006,Under Investigation
FIR-001439,Fraud,2,Central Zone,26.910353,75.807793,2026-02-12T19:30:58.257791,19,3,0,0,0,Fog,14500,None,P-00501,PS-003,Closed
FIR-001440,Fraud,2,North District,26.922977,75.809511,2026-01-13T17:04:58.257791,17,1,0,0,0,Clear,8200,None,,PS-003,Chargesheet Filed
FIR-001441,Cybercrime,1,Riverside,26.887272,75.806746,2026-01-21T07:19:58.257791,7,2,0,0,0,Rain,5200,None,P-00077,PS-006,Cold
FIR-001442,Narcotics,4,Old City,26.914931,75.801164,2026-06-24T15:04:58.257791,15,2,0,0,0,Cloudy,16200,None,P-00108,PS-002,Cold
FIR-001443,Burglary,3,West Sector,26.898392,75.769408,2026-02-25T02:04:58.257791,2,2,1,0,0,Fog,9100,None,,PS-001,Under Investigation
FIR-001444,Vehicle Theft,3,East Ward,26.909727,75.840516,2025-08-07T09:44:58.257791,9,3,0,0,0,Clear,10800,None,,PS-002,Closed
FIR-001445,Burglary,2,West Sector,26.902043,75.777496,2025-08-30T22:27:58.257791,22,5,1,1,0,Cloudy,9100,None,P-00152,PS-002,Under Investigation
FIR-001446,Narcotics,4,Central Zone,26.906735,75.796072,2026-04-29T23:24:58.257791,23,2,1,0,0,Rain,14500,None,,PS-005,Under Investigation
FIR-001447,Assault,4,South Division,26.865827,75.795407,2026-02-06T04:28:58.257791,4,4,1,0,0,Fog,6400,Knife,P-00570,PS-005,Under Investigation
FIR-001448,Burglary,3,Old City,26.922217,75.797193,2026-04-27T09:33:58.257791,9,0,0,0,0,Cloudy,16200,None,P-00001,PS-005,Chargesheet Filed
FIR-001449,Fraud,2,Riverside,26.888763,75.806299,2025-08-23T09:16:58.257791,9,5,0,1,0,Fog,5200,None,P-00350,PS-008,Under Investigation
FIR-001450,Vehicle Theft,2,North District,26.918916,75.813489,2025-08-19T20:58:58.257791,20,1,1,0,0,Fog,8200,None,P-00194,PS-004,Closed
FIR-001451,Theft,2,Riverside,26.890622,75.809239,2026-06-29T02:35:58.257791,2,0,1,0,0,Cloudy,5200,None,P-00294,PS-005,Under Investigation
FIR-001452,Theft,3,West Sector,26.890891,75.778569,2026-06-23T17:31:58.257791,17,1,0,0,0,Cloudy,9100,None,P-00457,PS-006,Under Investigation
FIR-001453,Theft,3,Riverside,26.885997,75.816858,2026-04-27T05:14:58.257791,5,0,0,0,0,Clear,5200,None,,PS-008,Chargesheet Filed
FIR-001454,Vehicle Theft,2,West Sector,26.884063,75.781898,2026-04-02T05:50:58.257791,5,3,0,0,0,Cloudy,9100,None,,PS-005,Closed
FIR-001455,Fraud,3,North District,26.92689,75.823314,2025-11-03T07:01:58.257791,7,0,0,0,0,Clear,8200,None,P-00226,PS-001,Closed
FIR-001456,Assault,5,Central Zone,26.904067,75.799739,2026-05-26T08:31:58.257791,8,1,0,0,0,Rain,14500,Knife,,PS-005,Under Investigation
FIR-001457,Vehicle Theft,1,West Sector,26.894984,75.769802,2026-01-06T12:12:58.257791,12,1,0,0,0,Heatwave,9100,None,,PS-007,Under Investigation
FIR-001458,Theft,2,South Division,26.86635,75.794267,2025-11-01T13:43:58.257791,13,5,0,1,0,Clear,6400,None,,PS-001,Chargesheet Filed
FIR-001459,Vehicle Theft,3,South Division,26.858803,75.791032,2025-08-14T06:20:58.257791,6,3,0,0,0,Cloudy,6400,None,,PS-003,Cold
FIR-001460,Burglary,4,West Sector,26.902155,75.776879,2026-07-09T21:16:58.257791,21,3,1,0,0,Fog,9100,None,,PS-007,Under Investigation
FIR-001461,Kidnapping,5,Old City,26.924101,75.812094,2026-01-23T00:41:58.257791,0,4,1,0,0,Clear,16200,Improvised,,PS-007,Under Investigation
FIR-001462,Burglary,2,North District,26.931209,75.813532,2025-09-29T22:25:58.257791,22,0,1,0,0,Cloudy,8200,None,P-00095,PS-004,Closed
FIR-001463,Narcotics,2,North District,26.91982,75.815434,2025-10-31T19:29:58.257791,19,4,0,0,0,Cloudy,8200,None,,PS-007,Under Investigation
FIR-001464,Fraud,2,Old City,26.913599,75.812684,2025-11-19T04:21:58.257791,4,2,1,0,0,Rain,16200,None,P-00494,PS-005,Closed
FIR-001465,Cybercrime,3,North District,26.925302,75.82731,2026-07-22T14:51:58.257791,14,2,0,0,0,Cloudy,8200,None,,PS-007,Chargesheet Filed
FIR-001466,Theft,2,East Ward,26.897355,75.8418,2025-10-13T06:43:58.257791,6,0,0,0,0,Clear,10800,None,P-00531,PS-008,Chargesheet Filed
FIR-001467,Narcotics,4,Industrial Belt,26.857368,75.780535,2026-07-23T20:00:58.257791,20,3,1,0,0,Fog,3100,None,P-00582,PS-003,Closed
FIR-001468,Burglary,2,Industrial Belt,26.867322,75.759983,2025-10-19T20:07:58.257791,20,6,1,1,0,Cloudy,3100,None,P-00372,PS-003,Chargesheet Filed
FIR-001469,Assault,4,Old City,26.9181,75.799548,2025-12-30T06:39:58.257791,6,1,0,0,0,Rain,16200,Knife,,PS-003,Under Investigation
FIR-001470,Robbery,5,Riverside,26.880776,75.8184,2025-12-17T03:50:58.257791,3,2,1,0,0,Clear,5200,Firearm,,PS-002,Under Investigation
FIR-001471,Theft,1,Industrial Belt,26.861263,75.773554,2025-10-31T09:52:58.257791,9,4,0,0,0,Cloudy,3100,None,P-00491,PS-004,Under Investigation
FIR-001472,Vehicle Theft,2,Industrial Belt,26.868687,75.780538,2026-03-03T10:10:58.257791,10,1,0,0,0,Rain,3100,None,P-00480,PS-003,Under Investigation
FIR-001473,Burglary,3,Industrial Belt,26.871395,75.779586,2025-12-07T15:24:58.257791,15,6,0,1,0,Clear,3100,None,P-00326,PS-003,Closed
FIR-001474,Narcotics,3,Industrial Belt,26.870083,75.769249,2025-07-31T23:51:58.257791,23,3,1,0,0,Cloudy,3100,None,P-00538,PS-001,Cold
FIR-001475,Burglary,3,Old City,26.912053,75.810771,2026-03-31T06:57:58.257791,6,1,0,0,0,Heatwave,16200,None,P-00367,PS-007,Closed
FIR-001476,Theft,1,Old City,26.904003,75.806094,2025-08-29T14:17:58.257791,14,4,0,0,0,Clear,16200,None,,PS-007,Closed
FIR-001477,Burglary,2,East Ward,26.914265,75.834111,2025-09-17T10:15:58.257791,10,2,0,0,0,Rain,10800,None,P-00226,PS-006,Chargesheet Filed
FIR-001478,Fraud,2,Central Zone,26.888888,75.80523,2026-03-03T08:10:58.257791,8,1,0,0,0,Clear,14500,None,,PS-004,Closed
FIR-001479,Fraud,2,North District,26.923484,75.813507,2025-12-02T11:53:58.257791,11,1,0,0,0,Heatwave,8200,None,P-00588,PS-002,Chargesheet Filed
FIR-001480,Fraud,2,East Ward,26.906408,75.820396,2026-07-10T18:58:58.257791,18,4,0,0,0,Cloudy,10800,None,P-00405,PS-003,Closed
FIR-001481,Cybercrime,1,South Division,26.859608,75.783975,2025-08-01T08:08:58.257791,8,4,0,0,0,Clear,6400,None,,PS-003,Chargesheet Filed
FIR-001482,Theft,2,West Sector,26.896713,75.785301,2025-10-22T06:41:58.257791,6,2,0,0,0,Clear,9100,None,P-00509,PS-008,Under Investigation
FIR-001483,Fraud,1,Central Zone,26.906545,75.796833,2025-07-31T22:46:58.257791,22,3,1,0,0,Rain,14500,None,P-00382,PS-005,Under Investigation
FIR-001484,Assault,4,Riverside,26.888431,75.80952,2026-06-18T19:51:58.257791,19,3,0,0,0,Clear,5200,Blunt Object,P-00190,PS-004,Chargesheet Filed
FIR-001485,Theft,1,Old City,26.924776,75.811364,2025-09-26T18:47:58.257791,18,4,0,0,0,Clear,16200,None,P-00405,PS-004,Under Investigation
FIR-001486,Assault,2,East Ward,26.915362,75.826133,2026-01-31T10:31:58.257791,10,5,0,1,0,Cloudy,10800,Improvised,,PS-008,Under Investigation
FIR-001487,Theft,2,Industrial Belt,26.860008,75.779781,2025-09-06T09:35:58.257791,9,5,0,1,0,Clear,3100,None,,PS-005,Under Investigation
FIR-001488,Cybercrime,2,Central Zone,26.900981,75.793565,2026-07-19T05:51:58.257791,5,6,0,1,0,Clear,14500,None,,PS-006,Under Investigation
FIR-001489,Assault,5,South Division,26.86898,75.798776,2026-05-09T01:58:58.257791,1,5,1,1,0,Rain,6400,None,P-00060,PS-007,Under Investigation
FIR-001490,Fraud,3,West Sector,26.898241,75.783209,2026-06-27T16:50:58.257791,16,5,0,1,0,Cloudy,9100,None,,PS-008,Chargesheet Filed
FIR-001491,Assault,5,North District,26.916,75.826118,2025-11-18T23:07:58.257791,23,1,1,0,0,Cloudy,8200,Firearm,P-00194,PS-002,Chargesheet Filed
FIR-001492,Burglary,3,West Sector,26.900409,75.768213,2025-12-17T11:45:58.257791,11,2,0,0,0,Clear,9100,None,P-00082,PS-006,Under Investigation
FIR-001493,Robbery,5,Riverside,26.889384,75.806637,2025-12-21T23:21:58.257791,23,6,1,1,0,Clear,5200,Firearm,,PS-008,Under Investigation
FIR-001494,Vehicle Theft,2,North District,26.91536,75.81879,2025-09-19T19:21:58.257791,19,4,0,0,0,Heatwave,8200,None,P-00549,PS-006,Under Investigation
FIR-001495,Theft,3,South Division,26.871839,75.785105,2026-04-15T12:41:58.257791,12,2,0,0,1,Cloudy,6400,None,P-00483,PS-001,Chargesheet Filed
FIR-001496,Assault,4,East Ward,26.910799,75.818274,2026-06-03T10:07:58.257791,10,2,0,0,0,Heatwave,10800,Improvised,P-00528,PS-003,Cold
FIR-001497,Narcotics,4,Industrial Belt,26.859433,75.772995,2026-02-19T20:04:58.257791,20,3,1,0,0,Cloudy,3100,None,,PS-008,Chargesheet Filed
FIR-001498,Burglary,4,South Division,26.879434,75.78775,2026-02-03T07:53:58.257791,7,1,0,0,0,Rain,6400,None,P-00379,PS-008,Closed
FIR-001499,Theft,2,Riverside,26.886223,75.821721,2026-03-10T20:33:58.257791,20,1,1,0,0,Rain,5200,None,P-00413,PS-007,Under Investigation
FIR-001500,Fraud,1,Old City,26.909898,75.796935,2025-08-12T07:25:58.257791,7,1,0,0,0,Heatwave,16200,None,P-00564,PS-004,Under Investigation
FIR-001501,Assault,2,Central Zone,26.9069,75.807545,2026-06-07T12:50:58.257791,12,6,0,1,0,Clear,14500,Blunt Object,,PS-005,Chargesheet Filed
FIR-001502,Theft,2,Old City,26.913504,75.814119,2025-07-28T06:30:58.257791,6,0,0,0,0,Clear,16200,None,P-00108,PS-005,Under Investigation
FIR-001503,Theft,2,South Division,26.878676,75.784358,2025-11-28T09:36:58.257791,9,4,0,0,0,Rain,6400,None,P-00414,PS-006,Under Investigation
FIR-001504,Robbery,5,South Division,26.876799,75.784142,2026-01-17T00:57:58.257791,0,5,1,1,0,Clear,6400,Knife,P-00231,PS-001,Under Investigation
FIR-001505,Narcotics,3,Industrial Belt,26.861371,75.781302,2026-02-22T02:59:58.257791,2,6,1,1,0,Clear,3100,None,P-00399,PS-008,Closed
FIR-001506,Cybercrime,1,North District,26.910936,75.829305,2025-10-26T19:05:58.257791,19,6,0,1,0,Rain,8200,None,,PS-001,Cold
FIR-001507,Cybercrime,3,North District,26.926616,75.823884,2026-01-09T11:16:58.257791,11,4,0,0,0,Heatwave,8200,None,P-00352,PS-008,Under Investigation
FIR-001508,Theft,1,Riverside,26.887334,75.811617,2026-04-07T00:43:58.257791,0,1,1,0,0,Rain,5200,None,,PS-003,Closed
FIR-001509,Theft,1,North District,26.913627,75.826246,2026-07-03T12:16:58.257791,12,4,0,0,0,Clear,8200,None,P-00384,PS-001,Closed
FIR-001510,Robbery,4,North District,26.924435,75.811602,2025-09-05T15:53:58.257791,15,4,0,0,0,Clear,8200,Knife,P-00483,PS-001,Under Investigation
FIR-001511,Theft,2,Riverside,26.880716,75.812868,2026-01-27T03:14:58.257791,3,1,1,0,0,Fog,5200,None,,PS-002,Under Investigation
FIR-001512,Assault,2,Riverside,26.886718,75.806532,2026-02-19T06:59:58.257791,6,3,0,0,0,Fog,5200,Improvised,P-00483,PS-008,Under Investigation
FIR-001513,Theft,3,Central Zone,26.909805,75.7962,2025-08-22T01:46:58.257791,1,4,1,0,0,Rain,14500,None,,PS-004,Under Investigation
FIR-001514,Burglary,4,East Ward,26.898188,75.830838,2026-02-02T10:22:58.257791,10,0,0,0,0,Clear,10800,None,,PS-007,Under Investigation
FIR-001515,Burglary,2,North District,26.917632,75.809811,2025-12-06T04:19:58.257791,4,5,1,1,0,Heatwave,8200,None,,PS-006,Closed
FIR-001516,Theft,1,North District,26.921572,75.819912,2026-06-16T07:51:58.257791,7,1,0,0,0,Clear,8200,None,,PS-008,Closed
FIR-001517,Theft,3,North District,26.911714,75.825372,2025-10-01T04:55:58.257791,4,2,1,0,0,Cloudy,8200,None,P-00172,PS-004,Chargesheet Filed
FIR-001518,Fraud,1,Industrial Belt,26.866095,75.772052,2026-03-13T18:44:58.257791,18,4,0,0,0,Clear,3100,None,P-00439,PS-002,Under Investigation
FIR-001519,Theft,2,Industrial Belt,26.868216,75.77725,2026-06-15T05:49:58.257791,5,0,0,0,1,Clear,3100,None,,PS-002,Under Investigation
FIR-001520,Fraud,3,Central Zone,26.908621,75.811878,2025-08-05T08:12:58.257791,8,1,0,0,0,Rain,14500,None,,PS-003,Under Investigation
FIR-001521,Theft,3,Old City,26.904913,75.815216,2025-11-25T12:17:58.257791,12,1,0,0,0,Clear,16200,None,P-00064,PS-003,Under Investigation
FIR-001522,Cybercrime,2,East Ward,26.909999,75.829066,2026-03-24T17:19:58.257791,17,1,0,0,0,Clear,10800,None,P-00554,PS-005,Under Investigation
FIR-001523,Burglary,3,East Ward,26.905453,75.821955,2025-11-05T14:47:58.257791,14,2,0,0,0,Clear,10800,None,,PS-007,Under Investigation
FIR-001524,Extortion,5,North District,26.923542,75.828038,2026-02-19T16:45:58.257791,16,3,0,0,0,Clear,8200,Improvised,,PS-001,Chargesheet Filed
FIR-001525,Theft,2,Central Zone,26.901948,75.79805,2026-04-26T13:52:58.257791,13,6,0,1,0,Cloudy,14500,None,P-00024,PS-001,Closed
FIR-001526,Theft,2,North District,26.911059,75.829096,2025-08-29T07:35:58.257791,7,4,0,0,0,Clear,8200,None,P-00494,PS-003,Under Investigation
FIR-001527,Fraud,1,Central Zone,26.90229,75.790029,2025-10-12T19:05:58.257791,19,6,0,1,0,Clear,14500,None,,PS-001,Cold
FIR-001528,Fraud,2,Old City,26.907424,75.797375,2025-10-10T08:06:58.257791,8,4,0,0,0,Clear,16200,None,P-00062,PS-005,Closed
FIR-001529,Theft,1,Riverside,26.880521,75.801021,2026-02-27T12:41:58.257791,12,4,0,0,0,Clear,5200,None,,PS-004,Under Investigation
FIR-001530,Burglary,2,West Sector,26.896805,75.778297,2026-04-23T17:08:58.257791,17,3,0,0,0,Clear,9100,None,,PS-006,Closed
FIR-001531,Cybercrime,2,Old City,26.908981,75.807283,2026-07-17T09:41:58.257791,9,4,0,0,0,Cloudy,16200,None,,PS-003,Under Investigation
FIR-001532,Robbery,3,Industrial Belt,26.849025,75.762867,2025-12-28T08:37:58.257791,8,6,0,1,0,Rain,3100,None,,PS-001,Chargesheet Filed
FIR-001533,Theft,3,East Ward,26.900482,75.821496,2026-03-05T03:44:58.257791,3,3,1,0,0,Cloudy,10800,None,P-00188,PS-006,Under Investigation
FIR-001534,Vehicle Theft,1,East Ward,26.902613,75.829825,2025-08-22T16:49:58.257791,16,4,0,0,0,Clear,10800,None,P-00504,PS-001,Chargesheet Filed
FIR-001535,Burglary,2,South Division,26.874414,75.787606,2026-01-29T02:27:58.257791,2,3,1,0,0,Clear,6400,None,P-00237,PS-004,Chargesheet Filed
FIR-001536,Assault,3,Old City,26.911025,75.797755,2025-10-28T16:13:58.257791,16,1,0,0,0,Clear,16200,Improvised,,PS-002,Chargesheet Filed
FIR-001537,Vehicle Theft,3,Central Zone,26.892997,75.792339,2026-03-30T01:08:58.257791,1,0,1,0,0,Clear,14500,None,P-00231,PS-002,Chargesheet Filed
FIR-001538,Robbery,3,Central Zone,26.90515,75.799007,2026-03-27T01:52:58.257791,1,4,1,0,0,Cloudy,14500,Firearm,P-00167,PS-001,Under Investigation
FIR-001539,Burglary,2,North District,26.919699,75.810155,2025-08-19T22:06:58.257791,22,1,1,0,0,Rain,8200,None,,PS-006,Closed
FIR-001540,Theft,1,South Division,26.861656,75.793543,2026-05-23T02:31:58.257791,2,5,1,1,0,Heatwave,6400,None,,PS-005,Cold
FIR-001541,Burglary,3,West Sector,26.90354,75.766158,2025-08-31T20:28:58.257791,20,6,1,1,0,Cloudy,9100,None,P-00580,PS-001,Cold
FIR-001542,Narcotics,4,Old City,26.926369,75.801286,2025-09-03T11:56:58.257791,11,2,0,0,0,Rain,16200,None,P-00518,PS-004,Chargesheet Filed
FIR-001543,Assault,4,West Sector,26.899608,75.7836,2025-12-03T20:30:58.257791,20,2,1,0,0,Rain,9100,None,P-00379,PS-007,Under Investigation
FIR-001544,Assault,3,Central Zone,26.888419,75.806812,2026-04-16T14:32:58.257791,14,3,0,0,0,Clear,14500,Knife,P-00301,PS-002,Closed
FIR-001545,Robbery,4,Riverside,26.871154,75.818976,2026-06-28T05:48:58.257791,5,6,0,1,0,Fog,5200,None,P-00317,PS-006,Under Investigation
FIR-001546,Fraud,2,Central Zone,26.904023,75.798081,2026-01-03T13:26:58.257791,13,5,0,1,0,Cloudy,14500,None,P-00071,PS-005,Under Investigation
FIR-001547,Theft,3,Central Zone,26.888911,75.789059,2026-02-27T18:49:58.257791,18,4,0,0,0,Fog,14500,None,,PS-007,Chargesheet Filed
FIR-001548,Robbery,5,Riverside,26.881374,75.810911,2025-11-14T13:00:58.257791,13,4,0,0,0,Cloudy,5200,Blunt Object,P-00208,PS-002,Under Investigation
FIR-001549,Robbery,5,Central Zone,26.905613,75.790126,2026-04-19T21:17:58.257791,21,6,1,1,0,Heatwave,14500,Firearm,,PS-007,Cold
FIR-001550,Assault,5,North District,26.92621,75.820871,2026-01-22T13:53:58.257791,13,3,0,0,0,Cloudy,8200,Knife,P-00364,PS-001,Under Investigation
FIR-001551,Robbery,5,Industrial Belt,26.850694,75.77405,2026-04-01T23:43:58.257791,23,2,1,0,0,Clear,3100,Blunt Object,,PS-003,Closed
FIR-001552,Robbery,5,South Division,26.875386,75.796746,2026-01-23T07:09:58.257791,7,4,0,0,0,Clear,6400,Knife,,PS-001,Chargesheet Filed
FIR-001553,Robbery,3,East Ward,26.908397,75.82632,2026-04-19T13:28:58.257791,13,6,0,1,0,Cloudy,10800,Knife,P-00412,PS-007,Closed
FIR-001554,Cybercrime,2,North District,26.920645,75.825357,2026-02-10T09:07:58.257791,9,1,0,0,0,Cloudy,8200,None,P-00064,PS-006,Chargesheet Filed
FIR-001555,Theft,3,Riverside,26.882583,75.806771,2025-09-08T07:10:58.257791,7,0,0,0,0,Clear,5200,None,P-00227,PS-004,Cold
FIR-001556,Vehicle Theft,1,North District,26.90839,75.808777,2025-08-20T14:32:58.257791,14,2,0,0,0,Clear,8200,None,P-00247,PS-007,Under Investigation
FIR-001557,Fraud,1,Old City,26.919248,75.795386,2025-11-26T09:36:58.257791,9,2,0,0,0,Cloudy,16200,None,P-00414,PS-008,Under Investigation
FIR-001558,Assault,3,Old City,26.903303,75.795484,2026-02-23T21:14:58.257791,21,0,1,0,0,Clear,16200,Knife,P-00056,PS-006,Cold
FIR-001559,Assault,2,Central Zone,26.900175,75.805865,2026-01-06T18:33:58.257791,18,1,0,0,0,Clear,14500,Improvised,P-00422,PS-004,Closed
FIR-001560,Assault,4,South Division,26.86706,75.787401,2026-06-15T08:06:58.257791,8,0,0,0,1,Cloudy,6400,Firearm,P-00573,PS-004,Closed
FIR-001561,Theft,2,Old City,26.906777,75.800373,2025-08-25T17:52:58.257791,17,0,0,0,0,Cloudy,16200,None,,PS-001,Closed
FIR-001562,Robbery,5,Industrial Belt,26.857907,75.781769,2025-12-15T21:19:58.257791,21,0,1,0,1,Heatwave,3100,Knife,P-00282,PS-008,Closed
FIR-001563,Theft,1,West Sector,26.893856,75.770855,2026-04-20T13:42:58.257791,13,0,0,0,0,Clear,9100,None,P-00005,PS-003,Under Investigation
FIR-001564,Vehicle Theft,2,North District,26.928475,75.831414,2025-11-18T02:53:58.257791,2,1,1,0,0,Clear,8200,None,P-00265,PS-002,Closed
FIR-001565,Narcotics,2,South Division,26.876533,75.790164,2025-08-18T01:57:58.257791,1,0,1,0,0,Fog,6400,None,,PS-006,Under Investigation
FIR-001566,Narcotics,2,West Sector,26.896899,75.774707,2025-08-18T16:25:58.257791,16,0,0,0,0,Rain,9100,None,,PS-005,Closed
FIR-001567,Assault,4,East Ward,26.896373,75.827382,2026-05-21T11:15:58.257791,11,3,0,0,0,Rain,10800,Firearm,P-00413,PS-005,Under Investigation
FIR-001568,Burglary,4,North District,26.928073,75.812593,2025-10-16T02:35:58.257791,2,3,1,0,0,Cloudy,8200,None,P-00350,PS-004,Closed
FIR-001569,Extortion,5,Central Zone,26.888758,75.79166,2025-08-17T00:55:58.257791,0,6,1,1,0,Rain,14500,Improvised,,PS-002,Cold
FIR-001570,Theft,1,Old City,26.903588,75.803901,2026-06-01T01:33:58.257791,1,0,1,0,0,Cloudy,16200,None,,PS-002,Chargesheet Filed
FIR-001571,Fraud,1,East Ward,26.910607,75.838328,2025-09-27T21:43:58.257791,21,5,1,1,0,Cloudy,10800,None,P-00475,PS-003,Chargesheet Filed
FIR-001572,Theft,1,Old City,26.926252,75.798291,2026-02-21T11:26:58.257791,11,5,0,1,0,Cloudy,16200,None,P-00082,PS-004,Chargesheet Filed
FIR-001573,Theft,2,South Division,26.880119,75.794738,2025-09-21T11:31:58.257791,11,6,0,1,0,Clear,6400,None,P-00234,PS-002,Under Investigation
FIR-001574,Assault,5,East Ward,26.893033,75.835876,2025-07-28T03:10:58.257791,3,0,1,0,0,Cloudy,10800,Blunt Object,,PS-008,Under Investigation
FIR-001575,Theft,1,Old City,26.909304,75.812374,2026-04-10T08:24:58.257791,8,4,0,0,0,Clear,16200,None,,PS-007,Under Investigation
FIR-001576,Assault,4,South Division,26.876973,75.78892,2025-10-13T08:11:58.257791,8,0,0,0,0,Cloudy,6400,Knife,P-00160,PS-008,Under Investigation
FIR-001577,Robbery,5,East Ward,26.915622,75.823926,2026-05-20T13:49:58.257791,13,2,0,0,0,Heatwave,10800,Blunt Object,P-00167,PS-005,Under Investigation
FIR-001578,Assault,3,Riverside,26.872028,75.816218,2026-02-19T02:55:58.257791,2,3,1,0,0,Clear,5200,None,P-00170,PS-001,Under Investigation
FIR-001579,Theft,1,Industrial Belt,26.871915,75.772461,2026-02-15T00:56:58.257791,0,6,1,1,1,Cloudy,3100,None,,PS-005,Under Investigation
FIR-001580,Extortion,3,North District,26.909474,75.818579,2026-01-07T01:16:58.257791,1,2,1,0,0,Clear,8200,Blunt Object,,PS-008,Closed
FIR-001581,Robbery,4,Riverside,26.88021,75.810402,2026-02-05T14:31:58.257791,14,3,0,0,0,Cloudy,5200,Knife,P-00471,PS-007,Chargesheet Filed
FIR-001582,Fraud,2,North District,26.919671,75.830938,2025-08-23T08:42:58.257791,8,5,0,1,0,Cloudy,8200,None,,PS-008,Under Investigation
FIR-001583,Kidnapping,4,Industrial Belt,26.85866,75.760478,2026-05-27T00:42:58.257791,0,2,1,0,0,Clear,3100,None,,PS-008,Under Investigation
FIR-001584,Theft,1,Old City,26.909433,75.800049,2026-02-27T18:53:58.257791,18,4,0,0,0,Clear,16200,None,,PS-006,Under Investigation
FIR-001585,Robbery,5,East Ward,26.900273,75.831551,2026-03-13T02:05:58.257791,2,4,1,0,0,Clear,10800,Firearm,P-00501,PS-006,Cold
FIR-001586,Extortion,5,Central Zone,26.893619,75.793851,2025-09-20T09:40:58.257791,9,5,0,1,0,Cloudy,14500,None,P-00555,PS-005,Closed
FIR-001587,Cybercrime,1,Old City,26.920264,75.810223,2026-05-20T23:15:58.257791,23,2,1,0,0,Cloudy,16200,None,,PS-008,Closed
FIR-001588,Extortion,4,South Division,26.874667,75.781714,2025-09-18T08:04:58.257791,8,3,0,0,0,Heatwave,6400,Knife,P-00518,PS-004,Chargesheet Filed
FIR-001589,Cybercrime,1,Old City,26.923054,75.796682,2026-01-21T10:15:58.257791,10,2,0,0,0,Fog,16200,None,P-00582,PS-007,Closed
FIR-001590,Cybercrime,2,Old City,26.916836,75.811985,2025-12-07T15:56:58.257791,15,6,0,1,0,Heatwave,16200,None,,PS-008,Cold
FIR-001591,Robbery,3,West Sector,26.894465,75.768496,2025-08-13T06:51:58.257791,6,2,0,0,0,Clear,9100,Knife,P-00448,PS-002,Chargesheet Filed
FIR-001592,Fraud,3,North District,26.922697,75.830427,2025-10-04T03:52:58.257791,3,5,1,1,0,Clear,8200,None,P-00194,PS-007,Under Investigation
FIR-001593,Theft,2,Central Zone,26.903903,75.803081,2026-05-26T11:35:58.257791,11,1,0,0,0,Cloudy,14500,None,P-00369,PS-001,Chargesheet Filed
FIR-001594,Fraud,1,Central Zone,26.905383,75.811654,2025-11-25T02:33:58.257791,2,1,1,0,0,Clear,14500,None,P-00551,PS-003,Under Investigation
FIR-001595,Cybercrime,2,North District,26.931638,75.80817,2026-06-23T19:12:58.257791,19,1,0,0,0,Clear,8200,None,,PS-002,Closed
FIR-001596,Theft,3,Old City,26.914032,75.806484,2025-09-07T04:18:58.257791,4,6,1,1,0,Clear,16200,None,,PS-002,Under Investigation
FIR-001597,Vehicle Theft,1,North District,26.923724,75.812637,2025-11-21T17:54:58.257791,17,4,0,0,0,Cloudy,8200,None,,PS-007,Chargesheet Filed
FIR-001598,Narcotics,3,East Ward,26.904474,75.822719,2026-07-10T15:47:58.257791,15,4,0,0,0,Fog,10800,None,,PS-002,Under Investigation
FIR-001599,Extortion,4,Old City,26.925768,75.79888,2026-04-22T21:22:58.257791,21,2,1,0,0,Cloudy,16200,Firearm,,PS-006,Chargesheet Filed
FIR-001600,Robbery,3,North District,26.929091,75.808504,2025-10-04T21:55:58.257791,21,5,1,1,0,Rain,8200,Improvised,P-00073,PS-007,Chargesheet Filed
FIR-001601,Cybercrime,1,North District,26.927883,75.811733,2026-02-07T20:31:58.257791,20,5,1,1,0,Cloudy,8200,None,P-00557,PS-002,Closed
FIR-001602,Cybercrime,3,South Division,26.872185,75.787932,2025-11-26T07:23:58.257791,7,2,0,0,0,Clear,6400,None,P-00207,PS-001,Chargesheet Filed
FIR-001603,Narcotics,4,Central Zone,26.892312,75.796239,2026-05-18T14:55:58.257791,14,0,0,0,0,Rain,14500,None,,PS-003,Chargesheet Filed
FIR-001604,Assault,3,East Ward,26.904066,75.824241,2026-02-17T08:49:58.257791,8,1,0,0,0,Clear,10800,Improvised,,PS-006,Chargesheet Filed
FIR-001605,Assault,4,Central Zone,26.894195,75.804411,2025-10-30T04:02:58.257791,4,3,1,0,0,Fog,14500,Blunt Object,P-00188,PS-007,Closed
FIR-001606,Burglary,2,Riverside,26.878226,75.798583,2025-09-23T20:10:58.257791,20,1,1,0,0,Rain,5200,None,,PS-001,Under Investigation
FIR-001607,Vehicle Theft,3,South Division,26.876762,75.779339,2025-09-08T04:11:58.257791,4,0,1,0,0,Rain,6400,None,,PS-007,Closed
FIR-001608,Theft,2,Central Zone,26.901851,75.804514,2026-03-30T10:21:58.257791,10,0,0,0,0,Fog,14500,None,P-00531,PS-005,Cold
FIR-001609,Narcotics,3,Industrial Belt,26.857486,75.75854,2026-03-22T22:58:58.257791,22,6,1,1,0,Clear,3100,None,P-00238,PS-005,Under Investigation
FIR-001610,Vehicle Theft,3,Old City,26.925833,75.804242,2025-10-24T13:11:58.257791,13,4,0,0,0,Clear,16200,None,P-00337,PS-004,Closed
FIR-001611,Theft,3,West Sector,26.902587,75.769117,2026-04-03T12:11:58.257791,12,4,0,0,0,Rain,9100,None,P-00483,PS-002,Under Investigation
FIR-001612,Theft,3,South Division,26.868217,75.801071,2025-11-14T06:50:58.257791,6,4,0,0,0,Cloudy,6400,None,P-00474,PS-008,Chargesheet Filed
FIR-001613,Narcotics,2,North District,26.912992,75.827116,2025-10-17T05:26:58.257791,5,4,0,0,0,Clear,8200,None,P-00265,PS-007,Cold
FIR-001614,Theft,2,North District,26.931861,75.821407,2026-04-13T16:00:58.257791,16,0,0,0,0,Cloudy,8200,None,P-00161,PS-003,Chargesheet Filed
FIR-001615,Theft,1,North District,26.92328,75.813509,2026-03-25T15:36:58.257791,15,2,0,0,0,Cloudy,8200,None,P-00258,PS-005,Closed
FIR-001616,Fraud,1,Central Zone,26.90121,75.791305,2025-07-28T08:59:58.257791,8,0,0,0,0,Clear,14500,None,P-00481,PS-002,Under Investigation
FIR-001617,Extortion,5,Old City,26.912493,75.794589,2026-04-03T13:35:58.257791,13,4,0,0,0,Clear,16200,Firearm,,PS-006,Under Investigation
FIR-001618,Theft,1,Old City,26.917843,75.809527,2025-08-04T18:14:58.257791,18,0,0,0,0,Fog,16200,None,,PS-003,Under Investigation
FIR-001619,Assault,5,Riverside,26.871231,75.803775,2025-11-10T15:54:58.257791,15,0,0,0,0,Clear,5200,Improvised,P-00549,PS-004,Under Investigation
FIR-001620,Narcotics,3,Industrial Belt,26.85274,75.768966,2026-07-04T02:34:58.257791,2,5,1,1,0,Clear,3100,None,,PS-002,Cold
FIR-001621,Theft,2,Old City,26.920027,75.798307,2025-10-07T10:52:58.257791,10,1,0,0,0,Fog,16200,None,P-00566,PS-007,Closed
FIR-001622,Burglary,2,Riverside,26.874102,75.804683,2026-03-25T17:34:58.257791,17,2,0,0,0,Clear,5200,None,P-00014,PS-007,Under Investigation
FIR-001623,Robbery,4,West Sector,26.901931,75.770951,2026-05-20T07:51:58.257791,7,2,0,0,0,Clear,9100,None,P-00242,PS-008,Under Investigation
FIR-001624,Fraud,2,Central Zone,26.890301,75.796608,2026-02-23T16:01:58.257791,16,0,0,0,0,Cloudy,14500,None,P-00014,PS-007,Closed
FIR-001625,Burglary,3,Industrial Belt,26.868075,75.775,2026-02-23T21:37:58.257791,21,0,1,0,0,Rain,3100,None,P-00495,PS-004,Closed
FIR-001626,Fraud,2,Central Zone,26.90355,75.803263,2026-05-04T19:11:58.257791,19,0,0,0,0,Cloudy,14500,None,P-00202,PS-001,Cold
FIR-001627,Assault,3,Riverside,26.8823,75.799121,2025-12-30T09:16:58.257791,9,1,0,0,0,Clear,5200,Firearm,P-00100,PS-003,Chargesheet Filed
FIR-001628,Assault,3,West Sector,26.892645,75.768305,2026-07-13T07:44:58.257791,7,0,0,0,0,Clear,9100,Firearm,,PS-001,Cold
FIR-001629,Theft,3,North District,26.919301,75.828082,2026-01-26T11:48:58.257791,11,0,0,0,0,Rain,8200,None,P-00573,PS-005,Chargesheet Filed
FIR-001630,Burglary,4,North District,26.926436,75.823858,2026-06-03T01:14:58.257791,1,2,1,0,0,Heatwave,8200,None,P-00131,PS-001,Under Investigation
FIR-001631,Assault,2,Old City,26.905567,75.797521,2026-05-11T07:19:58.257791,7,0,0,0,0,Clear,16200,Improvised,P-00439,PS-004,Under Investigation
FIR-001632,Robbery,4,West Sector,26.890803,75.783832,2026-01-12T08:17:58.257791,8,0,0,0,0,Heatwave,9100,None,P-00282,PS-006,Cold
FIR-001633,Extortion,3,East Ward,26.897357,75.836638,2025-08-14T21:47:58.257791,21,3,1,0,0,Clear,10800,Improvised,P-00509,PS-007,Under Investigation
FIR-001634,Fraud,1,Industrial Belt,26.864119,75.773255,2025-11-04T02:20:58.257791,2,1,1,0,0,Clear,3100,None,,PS-004,Under Investigation
FIR-001635,Narcotics,4,Industrial Belt,26.853914,75.77809,2026-04-06T02:15:58.257791,2,0,1,0,0,Fog,3100,None,,PS-008,Closed
FIR-001636,Narcotics,3,Riverside,26.884702,75.820441,2026-05-26T22:20:58.257791,22,1,1,0,0,Clear,5200,None,,PS-004,Under Investigation
FIR-001637,Narcotics,4,Old City,26.911772,75.808425,2026-04-29T10:34:58.257791,10,2,0,0,0,Clear,16200,None,,PS-007,Closed
FIR-001638,Vehicle Theft,1,North District,26.925082,75.829517,2025-12-06T01:27:58.257791,1,5,1,1,0,Cloudy,8200,None,P-00005,PS-008,Under Investigation
FIR-001639,Cybercrime,3,East Ward,26.912773,75.836764,2026-06-07T12:30:58.257791,12,6,0,1,0,Rain,10800,None,P-00489,PS-005,Chargesheet Filed
FIR-001640,Extortion,3,West Sector,26.900852,75.766251,2025-09-20T19:19:58.257791,19,5,0,1,0,Clear,9100,Firearm,,PS-005,Closed
FIR-001641,Robbery,5,Central Zone,26.894219,75.796181,2026-03-15T05:27:58.257791,5,6,0,1,1,Clear,14500,Improvised,,PS-004,Cold
FIR-001642,Fraud,2,South Division,26.877497,75.794897,2026-06-12T14:36:58.257791,14,4,0,0,0,Fog,6400,None,,PS-007,Under Investigation
FIR-001643,Fraud,2,Riverside,26.877999,75.821669,2026-03-14T10:39:58.257791,10,5,0,1,0,Clear,5200,None,,PS-007,Closed
FIR-001644,Fraud,3,West Sector,26.888052,75.786906,2025-11-15T03:34:58.257791,3,5,1,1,1,Clear,9100,None,,PS-002,Chargesheet Filed
FIR-001645,Fraud,1,Riverside,26.875591,75.798613,2026-03-22T05:57:58.257791,5,6,0,1,0,Fog,5200,None,,PS-008,Closed
FIR-001646,Fraud,3,Central Zone,26.895717,75.788328,2026-05-20T23:00:58.257791,23,2,1,0,0,Clear,14500,None,,PS-007,Closed
FIR-001647,Theft,1,East Ward,26.898381,75.83636,2025-10-01T11:12:58.257791,11,2,0,0,0,Cloudy,10800,None,,PS-007,Under Investigation
FIR-001648,Assault,2,Central Zone,26.894834,75.798812,2025-11-25T04:35:58.257791,4,1,1,0,0,Cloudy,14500,None,P-00491,PS-004,Under Investigation
FIR-001649,Assault,4,North District,26.92927,75.822044,2025-12-11T09:22:58.257791,9,3,0,0,0,Clear,8200,Firearm,,PS-006,Under Investigation
FIR-001650,Theft,2,South Division,26.859767,75.788034,2025-08-16T21:53:58.257791,21,5,1,1,0,Clear,6400,None,P-00569,PS-006,Closed
FIR-001651,Assault,3,Old City,26.925252,75.80733,2026-02-11T21:40:58.257791,21,2,1,0,0,Clear,16200,Knife,,PS-008,Closed
FIR-001652,Fraud,1,Old City,26.924747,75.797053,2025-08-03T07:11:58.257791,7,6,0,1,0,Clear,16200,None,P-00403,PS-004,Closed
FIR-001653,Robbery,4,East Ward,26.89896,75.818105,2026-01-29T06:09:58.257791,6,3,0,0,0,Clear,10800,Firearm,P-00273,PS-006,Closed
FIR-001654,Theft,2,North District,26.919695,75.820934,2026-02-20T00:36:58.257791,0,4,1,0,0,Clear,8200,None,,PS-005,Cold
FIR-001655,Kidnapping,4,Central Zone,26.894308,75.807764,2026-06-21T22:22:58.257791,22,6,1,1,0,Clear,14500,Knife,P-00396,PS-004,Under Investigation
FIR-001656,Robbery,3,West Sector,26.905727,75.76741,2026-06-29T22:18:58.257791,22,0,1,0,0,Fog,9100,Firearm,P-00326,PS-006,Closed
FIR-001657,Cybercrime,2,West Sector,26.88357,75.780311,2026-03-18T12:53:58.257791,12,2,0,0,0,Clear,9100,None,,PS-002,Under Investigation
FIR-001658,Theft,2,North District,26.922379,75.829457,2026-05-22T00:07:58.257791,0,4,1,0,0,Clear,8200,None,,PS-007,Under Investigation
FIR-001659,Vehicle Theft,1,North District,26.922116,75.823245,2026-06-24T00:34:58.257791,0,2,1,0,0,Clear,8200,None,,PS-003,Closed
FIR-001660,Narcotics,2,West Sector,26.883597,75.765041,2026-06-24T13:00:58.257791,13,2,0,0,0,Clear,9100,None,P-00302,PS-001,Chargesheet Filed
FIR-001661,Assault,4,Riverside,26.872364,75.816706,2025-09-28T22:23:58.257791,22,6,1,1,0,Clear,5200,Improvised,P-00457,PS-006,Closed
FIR-001662,Burglary,3,East Ward,26.897644,75.821811,2026-03-10T23:48:58.257791,23,1,1,0,0,Cloudy,10800,None,,PS-001,Cold
FIR-001663,Extortion,4,Industrial Belt,26.857983,75.768058,2025-10-20T07:27:58.257791,7,0,0,0,0,Cloudy,3100,Knife,P-00238,PS-005,Closed
FIR-001664,Theft,2,North District,26.929267,75.830819,2026-05-13T07:43:58.257791,7,2,0,0,0,Cloudy,8200,None,P-00494,PS-005,Cold
FIR-001665,Robbery,5,Industrial Belt,26.854015,75.769876,2025-10-25T05:20:58.257791,5,5,0,1,0,Clear,3100,Firearm,,PS-001,Under Investigation
FIR-001666,Assault,5,Old City,26.92161,75.794269,2026-07-19T13:08:58.257791,13,6,0,1,0,Clear,16200,Improvised,P-00109,PS-008,Cold
FIR-001667,Narcotics,2,Central Zone,26.900304,75.811734,2025-12-29T22:16:58.257791,22,0,1,0,0,Cloudy,14500,None,,PS-002,Chargesheet Filed
FIR-001668,Burglary,3,Old City,26.904789,75.805383,2025-12-04T21:19:58.257791,21,3,1,0,0,Clear,16200,None,P-00244,PS-007,Chargesheet Filed
FIR-001669,Fraud,3,West Sector,26.892634,75.770335,2026-04-15T18:41:58.257791,18,2,0,0,1,Clear,9100,None,P-00431,PS-006,Closed
FIR-001670,Cybercrime,2,Central Zone,26.891205,75.804433,2026-05-21T10:03:58.257791,10,3,0,0,0,Fog,14500,None,P-00275,PS-005,Under Investigation
FIR-001671,Cybercrime,3,West Sector,26.899342,75.776348,2025-08-04T20:27:58.257791,20,0,1,0,0,Cloudy,9100,None,P-00001,PS-002,Closed
FIR-001672,Theft,1,Old City,26.903946,75.804216,2026-07-12T06:22:58.257791,6,6,0,1,0,Fog,16200,None,P-00056,PS-008,Chargesheet Filed
FIR-001673,Vehicle Theft,3,North District,26.918623,75.817103,2025-11-19T01:18:58.257791,1,2,1,0,0,Heatwave,8200,None,,PS-005,Under Investigation
FIR-001674,Narcotics,2,Old City,26.90423,75.804256,2026-01-09T19:56:58.257791,19,4,0,0,0,Clear,16200,None,,PS-008,Closed
FIR-001675,Burglary,3,West Sector,26.896568,75.766923,2025-10-24T18:14:58.257791,18,4,0,0,0,Clear,9100,None,,PS-004,Chargesheet Filed
FIR-001676,Burglary,3,East Ward,26.901747,75.832985,2025-08-11T19:51:58.257791,19,0,0,0,0,Heatwave,10800,None,,PS-005,Closed
FIR-001677,Fraud,3,Old City,26.913134,75.80728,2026-06-26T15:46:58.257791,15,4,0,0,0,Fog,16200,None,,PS-008,Chargesheet Filed
FIR-001678,Fraud,3,Central Zone,26.906325,75.79419,2025-10-20T05:00:58.257791,5,0,0,0,0,Clear,14500,None,,PS-001,Under Investigation
FIR-001679,Robbery,3,West Sector,26.905588,75.781886,2025-09-22T05:40:58.257791,5,0,0,0,0,Rain,9100,None,,PS-004,Under Investigation
FIR-001680,Assault,5,Industrial Belt,26.865797,75.776515,2026-06-05T01:46:58.257791,1,4,1,0,0,Clear,3100,Blunt Object,,PS-007,Closed
FIR-001681,Burglary,2,Old City,26.9224,75.803987,2026-02-03T18:44:58.257791,18,1,0,0,0,Cloudy,16200,None,,PS-001,Chargesheet Filed
FIR-001682,Theft,2,East Ward,26.907118,75.818837,2026-06-07T17:16:58.257791,17,6,0,1,0,Cloudy,10800,None,P-00593,PS-006,Closed
FIR-001683,Burglary,2,Central Zone,26.901558,75.801861,2025-08-19T15:13:58.257791,15,1,0,0,0,Clear,14500,None,P-00131,PS-005,Under Investigation
FIR-001684,Theft,1,Central Zone,26.890173,75.811107,2025-10-09T08:38:58.257791,8,3,0,0,0,Cloudy,14500,None,,PS-006,Chargesheet Filed
FIR-001685,Narcotics,4,Riverside,26.881294,75.821891,2026-04-26T02:17:58.257791,2,6,1,1,0,Cloudy,5200,None,P-00160,PS-003,Under Investigation
FIR-001686,Theft,3,West Sector,26.893895,75.779667,2026-05-18T06:58:58.257791,6,0,0,0,0,Cloudy,9100,None,,PS-001,Chargesheet Filed
FIR-001687,Burglary,3,North District,26.922789,75.830759,2025-10-13T22:33:58.257791,22,0,1,0,0,Fog,8200,None,,PS-003,Under Investigation
FIR-001688,Vehicle Theft,2,Riverside,26.890113,75.811153,2025-12-25T11:43:58.257791,11,3,0,0,0,Clear,5200,None,P-00453,PS-003,Cold
FIR-001689,Fraud,2,Riverside,26.878725,75.807278,2025-12-18T09:34:58.257791,9,3,0,0,0,Clear,5200,None,P-00437,PS-004,Cold
FIR-001690,Fraud,1,Industrial Belt,26.849934,75.768315,2026-03-30T17:26:58.257791,17,0,0,0,0,Fog,3100,None,P-00379,PS-006,Closed
FIR-001691,Burglary,3,Old City,26.923743,75.813134,2026-01-18T22:30:58.257791,22,6,1,1,0,Rain,16200,None,,PS-008,Closed
FIR-001692,Burglary,3,East Ward,26.914203,75.836204,2026-03-20T09:12:58.257791,9,4,0,0,0,Clear,10800,None,,PS-004,Under Investigation
FIR-001693,Kidnapping,4,North District,26.917983,75.829373,2026-06-03T22:37:58.257791,22,2,1,0,0,Fog,8200,Improvised,P-00242,PS-007,Under Investigation
FIR-001694,Burglary,2,South Division,26.870382,75.778653,2026-06-30T20:35:58.257791,20,1,1,0,0,Cloudy,6400,None,P-00208,PS-005,Chargesheet Filed
FIR-001695,Assault,2,South Division,26.880107,75.779678,2025-11-28T07:37:58.257791,7,4,0,0,0,Rain,6400,Blunt Object,P-00413,PS-003,Chargesheet Filed
FIR-001696,Vehicle Theft,2,Old City,26.917719,75.805443,2025-11-25T19:42:58.257791,19,1,0,0,0,Cloudy,16200,None,,PS-004,Under Investigation
FIR-001697,Burglary,2,North District,26.909269,75.828088,2026-07-22T22:19:58.257791,22,2,1,0,0,Cloudy,8200,None,,PS-003,Chargesheet Filed
FIR-001698,Vehicle Theft,2,Industrial Belt,26.855158,75.778933,2026-04-03T20:25:58.257791,20,4,1,0,0,Clear,3100,None,P-00143,PS-002,Chargesheet Filed
FIR-001699,Theft,3,North District,26.928338,75.821382,2026-06-11T20:04:58.257791,20,3,1,0,0,Cloudy,8200,None,P-00556,PS-001,Cold
FIR-001700,Vehicle Theft,3,South Division,26.865952,75.787632,2026-01-06T16:47:58.257791,16,1,0,0,0,Clear,6400,None,P-00312,PS-006,Chargesheet Filed
FIR-001701,Fraud,3,Central Zone,26.892224,75.791348,2026-04-19T18:01:58.257791,18,6,0,1,0,Cloudy,14500,None,,PS-007,Under Investigation
FIR-001702,Cybercrime,3,North District,26.920623,75.815444,2026-01-04T13:08:58.257791,13,6,0,1,0,Clear,8200,None,P-00119,PS-005,Under Investigation
FIR-001703,Theft,3,North District,26.912021,75.822805,2025-10-12T19:06:58.257791,19,6,0,1,0,Clear,8200,None,,PS-008,Under Investigation
FIR-001704,Theft,2,Old City,26.925671,75.805551,2025-10-20T00:38:58.257791,0,0,1,0,0,Clear,16200,None,,PS-003,Chargesheet Filed
FIR-001705,Cybercrime,3,Industrial Belt,26.863922,75.76611,2026-03-30T11:15:58.257791,11,0,0,0,0,Clear,3100,None,P-00399,PS-008,Chargesheet Filed
FIR-001706,Narcotics,3,Industrial Belt,26.861465,75.777948,2025-11-27T21:51:58.257791,21,3,1,0,0,Cloudy,3100,None,P-00073,PS-001,Under Investigation
FIR-001707,Burglary,4,Old City,26.919902,75.804528,2025-11-20T01:08:58.257791,1,3,1,0,0,Cloudy,16200,None,P-00306,PS-003,Under Investigation
FIR-001708,Theft,2,East Ward,26.900934,75.826152,2026-03-15T09:32:58.257791,9,6,0,1,1,Rain,10800,None,P-00437,PS-008,Under Investigation
FIR-001709,Narcotics,2,Industrial Belt,26.861218,75.77758,2026-03-20T01:38:58.257791,1,4,1,0,0,Cloudy,3100,None,,PS-001,Under Investigation
FIR-001710,Burglary,3,Central Zone,26.896106,75.809798,2025-12-03T19:39:58.257791,19,2,0,0,0,Rain,14500,None,P-00528,PS-004,Cold
FIR-001711,Theft,2,Old City,26.926306,75.805898,2026-03-18T13:53:58.257791,13,2,0,0,0,Clear,16200,None,,PS-006,Chargesheet Filed
FIR-001712,Burglary,3,South Division,26.878194,75.801676,2025-12-20T06:46:58.257791,6,5,0,1,0,Cloudy,6400,None,P-00448,PS-001,Under Investigation
FIR-001713,Narcotics,3,Industrial Belt,26.859987,75.763478,2026-04-16T15:50:58.257791,15,3,0,0,0,Fog,3100,None,P-00130,PS-002,Cold
FIR-001714,Vehicle Theft,3,Central Zone,26.898505,75.788254,2026-05-01T13:12:58.257791,13,4,0,0,0,Clear,14500,None,,PS-003,Under Investigation
FIR-001715,Narcotics,2,East Ward,26.903122,75.818763,2026-01-03T12:44:58.257791,12,5,0,1,0,Cloudy,10800,None,P-00463,PS-006,Under Investigation
FIR-001716,Vehicle Theft,1,North District,26.924651,75.813792,2025-08-20T01:46:58.257791,1,2,1,0,0,Heatwave,8200,None,,PS-008,Under Investigation
FIR-001717,Burglary,4,Old City,26.90428,75.814386,2025-10-08T11:05:58.257791,11,2,0,0,0,Clear,16200,None,P-00071,PS-001,Closed
FIR-001718,Assault,3,North District,26.915826,75.819001,2025-09-24T05:43:58.257791,5,2,0,0,0,Clear,8200,Blunt Object,P-00474,PS-008,Under Investigation
FIR-001719,Robbery,5,Old City,26.917904,75.804104,2025-09-01T04:50:58.257791,4,0,1,0,0,Clear,16200,Firearm,,PS-006,Cold
FIR-001720,Burglary,3,West Sector,26.890781,75.778565,2026-01-18T13:27:58.257791,13,6,0,1,0,Clear,9100,None,,PS-007,Under Investigation
FIR-001721,Burglary,3,Old City,26.924542,75.80642,2025-09-07T07:58:58.257791,7,6,0,1,0,Clear,16200,None,,PS-003,Closed
FIR-001722,Theft,2,North District,26.929461,75.826567,2026-07-01T05:00:58.257791,5,2,0,0,0,Rain,8200,None,,PS-003,Chargesheet Filed
FIR-001723,Vehicle Theft,3,North District,26.912439,75.815185,2026-06-24T03:57:58.257791,3,2,1,0,0,Fog,8200,None,,PS-008,Under Investigation
FIR-001724,Narcotics,4,Central Zone,26.891252,75.803136,2025-10-10T19:42:58.257791,19,4,0,0,0,Clear,14500,None,,PS-005,Closed
FIR-001725,Burglary,4,North District,26.916697,75.828598,2026-05-02T22:10:58.257791,22,5,1,1,0,Heatwave,8200,None,P-00082,PS-003,Chargesheet Filed
FIR-001726,Fraud,2,Central Zone,26.893605,75.803456,2025-12-19T18:38:58.257791,18,4,0,0,0,Rain,14500,None,,PS-001,Closed
FIR-001727,Fraud,3,North District,26.911954,75.819477,2025-09-10T11:48:58.257791,11,2,0,0,0,Clear,8200,None,P-00425,PS-001,Chargesheet Filed
FIR-001728,Theft,3,Central Zone,26.89368,75.791693,2026-03-28T13:49:58.257791,13,5,0,1,0,Clear,14500,None,P-00009,PS-002,Closed
FIR-001729,Cybercrime,1,East Ward,26.899288,75.830056,2025-09-23T00:42:58.257791,0,1,1,0,0,Clear,10800,None,P-00064,PS-004,Under Investigation
FIR-001730,Assault,5,Old City,26.905092,75.804846,2026-06-11T07:35:58.257791,7,3,0,0,0,Clear,16200,None,P-00104,PS-002,Under Investigation
FIR-001731,Theft,1,Old City,26.926854,75.793946,2026-06-08T20:47:58.257791,20,0,1,0,0,Cloudy,16200,None,P-00229,PS-001,Under Investigation
FIR-001732,Robbery,3,East Ward,26.906881,75.834258,2026-05-30T19:26:58.257791,19,5,0,1,0,Cloudy,10800,Knife,P-00265,PS-004,Under Investigation
FIR-001733,Robbery,3,East Ward,26.909097,75.822613,2026-07-08T12:46:58.257791,12,2,0,0,0,Cloudy,10800,Knife,P-00419,PS-002,Under Investigation
FIR-001734,Kidnapping,4,Central Zone,26.909871,75.790042,2026-03-04T14:16:58.257791,14,2,0,0,0,Cloudy,14500,Knife,,PS-002,Closed
FIR-001735,Narcotics,2,Riverside,26.87374,75.802943,2026-03-29T02:53:58.257791,2,6,1,1,0,Clear,5200,None,P-00557,PS-004,Under Investigation
FIR-001736,Assault,4,Old City,26.924465,75.804394,2026-05-26T05:18:58.257791,5,1,0,0,0,Clear,16200,Blunt Object,P-00056,PS-008,Under Investigation
FIR-001737,Theft,1,Old City,26.922812,75.811142,2026-01-26T16:46:58.257791,16,0,0,0,0,Cloudy,16200,None,P-00285,PS-001,Chargesheet Filed
FIR-001738,Vehicle Theft,3,Old City,26.920864,75.81146,2026-06-20T10:37:58.257791,10,5,0,1,0,Clear,16200,None,P-00491,PS-008,Cold
FIR-001739,Narcotics,2,Industrial Belt,26.858189,75.778872,2025-10-31T12:30:58.257791,12,4,0,0,0,Clear,3100,None,P-00247,PS-005,Under Investigation
FIR-001740,Fraud,1,East Ward,26.916684,75.823948,2026-02-15T06:34:58.257791,6,6,0,1,1,Cloudy,10800,None,,PS-001,Under Investigation
FIR-001741,Narcotics,4,North District,26.919891,75.829914,2026-07-10T04:24:58.257791,4,4,1,0,0,Rain,8200,None,P-00053,PS-007,Under Investigation
FIR-001742,Fraud,2,Central Zone,26.909349,75.80668,2025-12-26T00:45:58.257791,0,4,1,0,0,Clear,14500,None,P-00495,PS-004,Closed
FIR-001743,Theft,3,East Ward,26.904829,75.821411,2025-11-28T08:12:58.257791,8,4,0,0,0,Cloudy,10800,None,,PS-006,Cold
FIR-001744,Assault,4,Riverside,26.876546,75.821974,2025-10-07T15:14:58.257791,15,1,0,0,0,Cloudy,5200,None,P-00457,PS-007,Chargesheet Filed
FIR-001745,Fraud,2,Industrial Belt,26.859895,75.771459,2026-01-02T10:46:58.257791,10,4,0,0,0,Clear,3100,None,P-00509,PS-008,Under Investigation
FIR-001746,Robbery,3,Riverside,26.874194,75.803649,2026-06-17T00:00:58.257791,0,2,1,0,0,Heatwave,5200,Improvised,P-00272,PS-005,Under Investigation
FIR-001747,Cybercrime,2,Riverside,26.870358,75.803541,2025-12-14T10:18:58.257791,10,6,0,1,0,Rain,5200,None,,PS-003,Under Investigation
FIR-001748,Fraud,2,Central Zone,26.897591,75.790924,2026-03-18T04:13:58.257791,4,2,1,0,0,Fog,14500,None,P-00227,PS-001,Closed
FIR-001749,Assault,2,North District,26.924962,75.825072,2025-12-11T02:42:58.257791,2,3,1,0,0,Clear,8200,None,,PS-002,Under Investigation
FIR-001750,Narcotics,3,West Sector,26.884827,75.775394,2025-09-17T03:15:58.257791,3,2,1,0,0,Fog,9100,None,P-00551,PS-001,Chargesheet Filed
FIR-001751,Burglary,3,West Sector,26.887211,75.772558,2026-07-25T14:08:58.257791,14,5,0,1,0,Clear,9100,None,,PS-007,Closed
FIR-001752,Burglary,2,Central Zone,26.892762,75.809055,2025-11-22T09:19:58.257791,9,5,0,1,0,Clear,14500,None,,PS-006,Under Investigation
FIR-001753,Assault,2,West Sector,26.888541,75.763167,2026-05-13T05:34:58.257791,5,2,0,0,0,Clear,9100,Blunt Object,P-00445,PS-003,Under Investigation
FIR-001754,Robbery,4,Old City,26.919488,75.809571,2025-11-16T10:15:58.257791,10,6,0,1,0,Rain,16200,Blunt Object,,PS-004,Under Investigation
FIR-001755,Theft,3,East Ward,26.900796,75.8343,2026-04-26T05:33:58.257791,5,6,0,1,0,Rain,10800,None,P-00569,PS-004,Under Investigation
FIR-001756,Extortion,4,Old City,26.903796,75.795724,2026-06-01T11:56:58.257791,11,0,0,0,0,Clear,16200,Firearm,P-00580,PS-001,Under Investigation
FIR-001757,Narcotics,3,Riverside,26.887511,75.798814,2026-06-13T02:26:58.257791,2,5,1,1,0,Clear,5200,None,,PS-003,Chargesheet Filed
FIR-001758,Narcotics,2,Industrial Belt,26.855317,75.76235,2026-01-12T16:33:58.257791,16,0,0,0,0,Cloudy,3100,None,,PS-005,Under Investigation
FIR-001759,Narcotics,4,Old City,26.921038,75.804423,2026-03-03T12:12:58.257791,12,1,0,0,0,Clear,16200,None,,PS-006,Chargesheet Filed
FIR-001760,Theft,2,North District,26.931204,75.82582,2026-01-17T23:23:58.257791,23,5,1,1,0,Clear,8200,None,,PS-002,Closed
FIR-001761,Fraud,3,South Division,26.87603,75.792042,2025-12-12T03:20:58.257791,3,4,1,0,0,Cloudy,6400,None,P-00481,PS-002,Chargesheet Filed
FIR-001762,Burglary,4,Old City,26.915345,75.804674,2026-05-05T01:43:58.257791,1,1,1,0,0,Clear,16200,None,P-00483,PS-001,Under Investigation
FIR-001763,Fraud,2,South Division,26.87327,75.786108,2026-03-22T10:57:58.257791,10,6,0,1,0,Clear,6400,None,P-00071,PS-004,Under Investigation
FIR-001764,Fraud,2,Central Zone,26.89217,75.804935,2026-05-12T03:26:58.257791,3,1,1,0,0,Clear,14500,None,,PS-004,Under Investigation
FIR-001765,Assault,5,West Sector,26.900111,75.783627,2025-10-11T11:03:58.257791,11,5,0,1,0,Cloudy,9100,Improvised,,PS-002,Closed
FIR-001766,Burglary,3,North District,26.930814,75.819336,2025-10-05T07:47:58.257791,7,6,0,1,0,Clear,8200,None,,PS-006,Closed
FIR-001767,Vehicle Theft,1,North District,26.924203,75.820522,2025-08-29T10:46:58.257791,10,4,0,0,0,Heatwave,8200,None,,PS-002,Cold
FIR-001768,Kidnapping,4,Industrial Belt,26.849826,75.780393,2026-04-02T17:27:58.257791,17,3,0,0,0,Clear,3100,None,P-00280,PS-002,Cold
FIR-001769,Assault,4,Riverside,26.872139,75.816419,2025-11-26T19:39:58.257791,19,2,0,0,0,Cloudy,5200,Blunt Object,,PS-004,Cold
FIR-001770,Vehicle Theft,2,Old City,26.926282,75.797433,2026-07-05T10:49:58.257791,10,6,0,1,0,Cloudy,16200,None,P-00527,PS-008,Cold
FIR-001771,Robbery,3,East Ward,26.908181,75.826175,2026-04-06T07:51:58.257791,7,0,0,0,0,Clear,10800,Knife,P-00087,PS-002,Chargesheet Filed
FIR-001772,Fraud,2,Old City,26.914594,75.816318,2026-05-06T18:26:58.257791,18,2,0,0,0,Heatwave,16200,None,P-00297,PS-007,Under Investigation
FIR-001773,Narcotics,4,North District,26.931826,75.827895,2026-04-30T07:14:58.257791,7,3,0,0,0,Fog,8200,None,,PS-006,Closed
FIR-001774,Theft,3,West Sector,26.883028,75.763333,2026-02-18T15:24:58.257791,15,2,0,0,0,Clear,9100,None,,PS-008,Under Investigation
FIR-001775,Theft,3,Old City,26.921641,75.805666,2026-05-25T18:19:58.257791,18,0,0,0,0,Clear,16200,None,P-00538,PS-007,Cold
FIR-001776,Assault,2,Old City,26.916695,75.814343,2026-03-06T12:05:58.257791,12,4,0,0,0,Clear,16200,Improvised,P-00202,PS-005,Closed
FIR-001777,Vehicle Theft,2,Old City,26.925413,75.797224,2026-07-16T07:22:58.257791,7,3,0,0,0,Rain,16200,None,P-00060,PS-008,Chargesheet Filed
FIR-001778,Theft,2,Old City,26.912484,75.809248,2025-12-11T04:16:58.257791,4,3,1,0,0,Clear,16200,None,P-00445,PS-003,Closed
FIR-001779,Burglary,2,South Division,26.862652,75.786012,2026-05-23T02:22:58.257791,2,5,1,1,0,Cloudy,6400,None,P-00111,PS-001,Under Investigation
FIR-001780,Theft,3,Industrial Belt,26.857335,75.780849,2026-02-15T13:05:58.257791,13,6,0,1,1,Clear,3100,None,P-00122,PS-006,Cold
FIR-001781,Theft,2,Central Zone,26.906084,75.80768,2025-08-01T13:49:58.257791,13,4,0,0,0,Rain,14500,None,,PS-001,Chargesheet Filed
FIR-001782,Fraud,2,Central Zone,26.89916,75.805871,2025-09-09T07:23:58.257791,7,1,0,0,0,Clear,14500,None,P-00104,PS-006,Chargesheet Filed
FIR-001783,Theft,2,Central Zone,26.908173,75.809114,2026-06-16T12:28:58.257791,12,1,0,0,0,Heatwave,14500,None,P-00558,PS-007,Closed
FIR-001784,Kidnapping,4,Central Zone,26.891587,75.810648,2025-10-04T09:18:58.257791,9,5,0,1,0,Clear,14500,Knife,,PS-004,Closed
FIR-001785,Burglary,4,Riverside,26.87299,75.798848,2025-11-16T09:34:58.257791,9,6,0,1,0,Clear,5200,None,,PS-008,Chargesheet Filed
FIR-001786,Burglary,4,Old City,26.907983,75.815455,2025-08-22T18:25:58.257791,18,4,0,0,0,Cloudy,16200,None,P-00549,PS-008,Under Investigation
FIR-001787,Vehicle Theft,3,Central Zone,26.893053,75.794742,2025-11-23T00:34:58.257791,0,6,1,1,0,Clear,14500,None,P-00558,PS-002,Under Investigation
FIR-001788,Assault,5,East Ward,26.895425,75.83057,2026-05-03T14:50:58.257791,14,6,0,1,0,Clear,10800,Firearm,,PS-002,Closed
FIR-001789,Cybercrime,3,South Division,26.867268,75.786869,2026-06-29T06:25:58.257791,6,0,0,0,0,Clear,6400,None,,PS-005,Under Investigation
FIR-001790,Vehicle Theft,1,Riverside,26.879126,75.814049,2025-10-07T21:14:58.257791,21,1,1,0,0,Cloudy,5200,None,P-00024,PS-006,Under Investigation
FIR-001791,Cybercrime,2,Central Zone,26.900537,75.796704,2026-03-14T00:32:58.257791,0,5,1,1,0,Heatwave,14500,None,P-00528,PS-003,Closed
FIR-001792,Assault,5,East Ward,26.914929,75.834247,2026-06-17T11:53:58.257791,11,2,0,0,0,Clear,10800,Knife,P-00159,PS-002,Closed
FIR-001793,Fraud,3,North District,26.918095,75.816291,2025-10-18T21:29:58.257791,21,5,1,1,0,Cloudy,8200,None,P-00073,PS-001,Under Investigation
FIR-001794,Fraud,2,North District,26.92331,75.826418,2026-03-07T07:47:58.257791,7,5,0,1,0,Fog,8200,None,P-00338,PS-004,Cold
FIR-001795,Robbery,5,South Division,26.870765,75.783919,2026-03-24T20:46:58.257791,20,1,1,0,0,Clear,6400,Firearm,,PS-002,Chargesheet Filed
FIR-001796,Narcotics,3,North District,26.912054,75.810476,2026-04-23T04:02:58.257791,4,3,1,0,0,Clear,8200,None,P-00556,PS-007,Under Investigation
FIR-001797,Burglary,4,Old City,26.917489,75.807762,2025-12-25T00:27:58.257791,0,3,1,0,0,Cloudy,16200,None,,PS-005,Under Investigation
FIR-001798,Burglary,3,East Ward,26.911689,75.83367,2026-01-21T04:41:58.257791,4,2,1,0,0,Rain,10800,None,P-00352,PS-001,Closed
FIR-001799,Theft,1,Central Zone,26.905671,75.810678,2025-08-22T22:38:58.257791,22,4,1,0,0,Fog,14500,None,,PS-007,Closed
FIR-001800,Narcotics,2,Central Zone,26.905276,75.807844,2025-10-20T05:38:58.257791,5,0,0,0,0,Clear,14500,None,P-00531,PS-004,Under Investigation
FIR-001801,Theft,3,South Division,26.867394,75.797127,2025-12-11T12:04:58.257791,12,3,0,0,0,Cloudy,6400,None,,PS-001,Closed
FIR-001802,Fraud,3,West Sector,26.893617,75.786428,2026-04-18T07:16:58.257791,7,5,0,1,0,Rain,9100,None,,PS-007,Under Investigation
FIR-001803,Fraud,3,Industrial Belt,26.859257,75.766578,2026-03-13T11:47:58.257791,11,4,0,0,0,Cloudy,3100,None,P-00208,PS-002,Closed
FIR-001804,Theft,1,South Division,26.880043,75.785023,2025-08-25T13:33:58.257791,13,0,0,0,0,Clear,6400,None,,PS-006,Closed
FIR-001805,Narcotics,4,East Ward,26.899526,75.828448,2025-08-03T03:13:58.257791,3,6,1,1,0,Rain,10800,None,,PS-005,Under Investigation
FIR-001806,Fraud,1,South Division,26.875861,75.796873,2025-11-13T16:05:58.257791,16,3,0,0,0,Cloudy,6400,None,,PS-006,Under Investigation
FIR-001807,Burglary,2,Industrial Belt,26.861275,75.76862,2025-08-11T15:12:58.257791,15,0,0,0,0,Clear,3100,None,,PS-005,Chargesheet Filed
FIR-001808,Vehicle Theft,2,South Division,26.864563,75.797567,2026-05-26T10:50:58.257791,10,1,0,0,0,Rain,6400,None,P-00448,PS-007,Closed
FIR-001809,Burglary,2,East Ward,26.898754,75.830276,2026-04-09T19:16:58.257791,19,3,0,0,0,Clear,10800,None,,PS-007,Under Investigation
FIR-001810,Burglary,2,Old City,26.9116,75.805681,2026-06-18T23:07:58.257791,23,3,1,0,0,Fog,16200,None,,PS-003,Cold
FIR-001811,Extortion,5,Central Zone,26.898845,75.788123,2025-09-17T15:13:58.257791,15,2,0,0,0,Clear,14500,Firearm,P-00155,PS-005,Under Investigation
FIR-001812,Narcotics,2,Central Zone,26.899447,75.794229,2026-03-01T18:48:58.257791,18,6,0,1,0,Clear,14500,None,P-00312,PS-002,Closed
FIR-001813,Narcotics,2,Riverside,26.89164,75.803706,2026-03-01T20:02:58.257791,20,6,1,1,0,Clear,5200,None,,PS-007,Closed
FIR-001814,Cybercrime,1,Industrial Belt,26.863323,75.779671,2026-05-05T07:36:58.257791,7,1,0,0,0,Cloudy,3100,None,P-00568,PS-005,Under Investigation
FIR-001815,Narcotics,3,East Ward,26.910152,75.833876,2025-11-17T00:04:58.257791,0,0,1,0,0,Clear,10800,None,P-00588,PS-004,Closed
FIR-001816,Fraud,2,West Sector,26.887633,75.775448,2025-07-26T18:01:58.257791,18,5,0,1,0,Cloudy,9100,None,P-00024,PS-002,Under Investigation
FIR-001817,Theft,2,Central Zone,26.901414,75.797234,2026-01-24T07:57:58.257791,7,5,0,1,0,Heatwave,14500,None,,PS-002,Closed
FIR-001818,Robbery,5,East Ward,26.901968,75.83905,2026-05-18T21:03:58.257791,21,0,1,0,0,Fog,10800,None,P-00431,PS-004,Chargesheet Filed
FIR-001819,Fraud,2,East Ward,26.894843,75.818187,2026-04-25T07:56:58.257791,7,5,0,1,0,Cloudy,10800,None,P-00231,PS-003,Closed
FIR-001820,Narcotics,3,Central Zone,26.888415,75.810042,2025-10-18T11:49:58.257791,11,5,0,1,0,Rain,14500,None,,PS-007,Under Investigation
FIR-001821,Fraud,2,Industrial Belt,26.861836,75.761917,2025-11-16T00:43:58.257791,0,6,1,1,0,Clear,3100,None,P-00422,PS-005,Under Investigation
FIR-001822,Cybercrime,2,North District,26.919905,75.820532,2025-11-13T09:46:58.257791,9,3,0,0,0,Cloudy,8200,None,P-00117,PS-008,Under Investigation
FIR-001823,Narcotics,2,North District,26.929723,75.826936,2026-02-15T20:55:58.257791,20,6,1,1,1,Cloudy,8200,None,,PS-001,Closed
FIR-001824,Theft,2,Industrial Belt,26.859769,75.760239,2026-02-10T12:44:58.257791,12,1,0,0,0,Clear,3100,None,P-00413,PS-007,Under Investigation
FIR-001825,Vehicle Theft,3,East Ward,26.910051,75.836718,2026-04-29T20:48:58.257791,20,2,1,0,0,Clear,10800,None,,PS-004,Under Investigation
FIR-001826,Narcotics,4,Central Zone,26.905295,75.791256,2026-01-25T12:46:58.257791,12,6,0,1,0,Rain,14500,None,P-00111,PS-004,Under Investigation
FIR-001827,Fraud,3,Central Zone,26.904827,75.811915,2026-07-01T04:29:58.257791,4,2,1,0,0,Clear,14500,None,,PS-001,Chargesheet Filed
FIR-001828,Narcotics,2,Old City,26.926205,75.801623,2026-06-15T21:27:58.257791,21,0,1,0,1,Rain,16200,None,P-00081,PS-002,Under Investigation
FIR-001829,Burglary,3,North District,26.926623,75.830594,2025-11-15T06:51:58.257791,6,5,0,1,1,Cloudy,8200,None,,PS-001,Under Investigation
FIR-001830,Theft,3,Old City,26.91499,75.795453,2026-02-19T19:47:58.257791,19,3,0,0,0,Cloudy,16200,None,P-00564,PS-004,Under Investigation
FIR-001831,Theft,2,East Ward,26.893277,75.834323,2025-12-08T02:27:58.257791,2,0,1,0,0,Fog,10800,None,,PS-006,Chargesheet Filed
FIR-001832,Cybercrime,2,Industrial Belt,26.856172,75.768373,2025-08-13T07:43:58.257791,7,2,0,0,0,Clear,3100,None,,PS-006,Closed
FIR-001833,Theft,1,North District,26.923964,75.82379,2025-12-05T22:29:58.257791,22,4,1,0,0,Heatwave,8200,None,P-00263,PS-008,Cold
FIR-001834,Theft,3,Industrial Belt,26.860808,75.768899,2026-03-10T07:02:58.257791,7,1,0,0,0,Clear,3100,None,,PS-002,Chargesheet Filed
FIR-001835,Narcotics,3,Old City,26.914889,75.805586,2025-11-02T18:57:58.257791,18,6,0,1,0,Clear,16200,None,,PS-002,Closed
FIR-001836,Fraud,1,Central Zone,26.891234,75.806776,2026-07-26T06:47:58.257791,6,6,0,1,0,Cloudy,14500,None,,PS-003,Closed
FIR-001837,Assault,5,South Division,26.868449,75.796432,2026-02-09T19:58:58.257791,19,0,0,0,0,Rain,6400,Knife,P-00396,PS-005,Chargesheet Filed
FIR-001838,Fraud,2,West Sector,26.894595,75.764103,2026-05-03T13:49:58.257791,13,6,0,1,0,Cloudy,9100,None,P-00278,PS-003,Chargesheet Filed
FIR-001839,Narcotics,3,Old City,26.925844,75.797951,2026-07-12T02:53:58.257791,2,6,1,1,0,Clear,16200,None,,PS-003,Under Investigation
FIR-001840,Fraud,1,Central Zone,26.888017,75.795705,2025-11-07T04:00:58.257791,4,4,1,0,0,Clear,14500,None,,PS-005,Closed
FIR-001841,Narcotics,3,Riverside,26.886545,75.798198,2026-03-14T22:57:58.257791,22,5,1,1,0,Clear,5200,None,P-00538,PS-004,Under Investigation
FIR-001842,Burglary,3,Old City,26.9034,75.807703,2025-10-31T16:58:58.257791,16,4,0,0,0,Cloudy,16200,None,,PS-004,Under Investigation
FIR-001843,Burglary,4,Central Zone,26.890045,75.791525,2025-10-10T22:37:58.257791,22,4,1,0,0,Rain,14500,None,,PS-005,Cold
FIR-001844,Burglary,4,Riverside,26.883376,75.799803,2025-11-19T16:57:58.257791,16,2,0,0,0,Rain,5200,None,,PS-008,Closed
FIR-001845,Cybercrime,2,Central Zone,26.902202,75.801056,2025-11-04T15:44:58.257791,15,1,0,0,0,Cloudy,14500,None,,PS-005,Under Investigation
FIR-001846,Burglary,2,Central Zone,26.89981,75.810568,2025-09-23T07:50:58.257791,7,1,0,0,0,Cloudy,14500,None,,PS-002,Closed
FIR-001847,Narcotics,2,East Ward,26.916362,75.826251,2025-08-17T15:27:58.257791,15,6,0,1,0,Clear,10800,None,P-00561,PS-007,Chargesheet Filed
FIR-001848,Theft,2,Old City,26.923804,75.803008,2026-01-28T10:21:58.257791,10,2,0,0,0,Cloudy,16200,None,,PS-005,Closed
FIR-001849,Robbery,5,Industrial Belt,26.851578,75.76546,2025-10-08T00:38:58.257791,0,2,1,0,0,Rain,3100,Knife,,PS-006,Under Investigation
FIR-001850,Theft,1,North District,26.915947,75.831638,2026-03-22T10:34:58.257791,10,6,0,1,0,Cloudy,8200,None,P-00272,PS-004,Closed
FIR-001851,Burglary,3,East Ward,26.904348,75.827113,2026-04-14T09:01:58.257791,9,1,0,0,0,Clear,10800,None,P-00048,PS-003,Closed
FIR-001852,Assault,2,Industrial Belt,26.865351,75.761105,2025-12-27T04:36:58.257791,4,5,1,1,0,Cloudy,3100,Firearm,,PS-004,Under Investigation
FIR-001853,Assault,3,Riverside,26.870465,75.816651,2025-11-14T16:49:58.257791,16,4,0,0,0,Clear,5200,Blunt Object,,PS-003,Under Investigation
FIR-001854,Theft,2,East Ward,26.898277,75.833254,2026-03-30T03:36:58.257791,3,0,1,0,0,Fog,10800,None,P-00581,PS-007,Under Investigation
FIR-001855,Vehicle Theft,2,Industrial Belt,26.856461,75.769073,2026-01-24T22:28:58.257791,22,5,1,1,0,Rain,3100,None,P-00152,PS-004,Under Investigation
FIR-001856,Narcotics,2,Old City,26.90845,75.798833,2026-03-28T21:42:58.257791,21,5,1,1,0,Clear,16200,None,P-00433,PS-008,Under Investigation
FIR-001857,Fraud,3,South Division,26.862945,75.793196,2026-06-07T07:52:58.257791,7,6,0,1,0,Clear,6400,None,P-00227,PS-008,Under Investigation
FIR-001858,Burglary,2,Old City,26.920608,75.805564,2026-07-20T05:43:58.257791,5,0,0,0,0,Cloudy,16200,None,P-00353,PS-007,Under Investigation
FIR-001859,Theft,3,Old City,26.909123,75.803952,2025-09-30T21:14:58.257791,21,1,1,0,0,Cloudy,16200,None,,PS-004,Closed
FIR-001860,Cybercrime,1,South Division,26.860821,75.782017,2025-12-21T12:46:58.257791,12,6,0,1,0,Clear,6400,None,P-00447,PS-006,Under Investigation
FIR-001861,Fraud,2,North District,26.925564,75.829081,2026-03-07T18:09:58.257791,18,5,0,1,0,Cloudy,8200,None,,PS-004,Chargesheet Filed
FIR-001862,Robbery,3,East Ward,26.904017,75.823308,2026-01-01T08:21:58.257791,8,3,0,0,0,Rain,10800,Firearm,P-00557,PS-007,Under Investigation
FIR-001863,Narcotics,4,Old City,26.92346,75.795884,2026-03-14T06:36:58.257791,6,5,0,1,0,Clear,16200,None,,PS-003,Under Investigation
FIR-001864,Vehicle Theft,2,Riverside,26.881334,75.804278,2025-11-12T10:17:58.257791,10,2,0,0,0,Fog,5200,None,P-00310,PS-005,Chargesheet Filed
FIR-001865,Burglary,3,Central Zone,26.903452,75.811959,2025-11-09T00:45:58.257791,0,6,1,1,0,Clear,14500,None,P-00121,PS-001,Cold
FIR-001866,Burglary,2,West Sector,26.885268,75.767857,2026-02-14T19:47:58.257791,19,5,0,1,0,Clear,9100,None,,PS-005,Under Investigation
FIR-001867,Theft,3,West Sector,26.898788,75.786555,2025-12-15T12:47:58.257791,12,0,0,0,1,Heatwave,9100,None,,PS-006,Under Investigation
FIR-001868,Narcotics,3,Industrial Belt,26.861376,75.76012,2025-10-26T20:52:58.257791,20,6,1,1,0,Fog,3100,None,,PS-001,Under Investigation
FIR-001869,Assault,2,Old City,26.919543,75.810439,2025-11-19T06:07:58.257791,6,2,0,0,0,Cloudy,16200,Firearm,,PS-006,Closed
FIR-001870,Fraud,1,Central Zone,26.893006,75.808476,2025-09-02T13:06:58.257791,13,1,0,0,0,Cloudy,14500,None,P-00491,PS-007,Under Investigation
FIR-001871,Robbery,4,South Division,26.866787,75.78303,2026-04-03T06:20:58.257791,6,4,0,0,0,Clear,6400,Blunt Object,,PS-002,Under Investigation
FIR-001872,Theft,2,Old City,26.908281,75.812537,2025-09-10T09:07:58.257791,9,2,0,0,0,Heatwave,16200,None,,PS-005,Under Investigation
FIR-001873,Theft,2,Old City,26.923389,75.79576,2025-10-01T00:03:58.257791,0,2,1,0,0,Cloudy,16200,None,,PS-001,Under Investigation
FIR-001874,Cybercrime,2,North District,26.914793,75.825985,2026-06-03T21:12:58.257791,21,2,1,0,0,Clear,8200,None,P-00190,PS-008,Closed
FIR-001875,Theft,3,Old City,26.91559,75.802451,2025-12-07T12:29:58.257791,12,6,0,1,0,Clear,16200,None,,PS-007,Chargesheet Filed
FIR-001876,Burglary,4,Industrial Belt,26.871538,75.773808,2025-12-02T08:36:58.257791,8,1,0,0,0,Cloudy,3100,None,,PS-002,Under Investigation
FIR-001877,Assault,5,Industrial Belt,26.859083,75.763548,2025-11-18T10:33:58.257791,10,1,0,0,0,Fog,3100,Improvised,P-00041,PS-007,Under Investigation
FIR-001878,Theft,1,Old City,26.904371,75.805214,2025-11-03T08:02:58.257791,8,0,0,0,0,Clear,16200,None,P-00422,PS-008,Cold
FIR-001879,Narcotics,4,Riverside,26.876737,75.81996,2026-01-28T13:21:58.257791,13,2,0,0,0,Clear,5200,None,P-00148,PS-003,Chargesheet Filed
FIR-001880,Burglary,4,South Division,26.860301,75.801162,2025-07-29T20:58:58.257791,20,1,1,0,0,Cloudy,6400,None,,PS-004,Closed
FIR-001881,Fraud,2,Central Zone,26.897751,75.801244,2026-02-22T18:43:58.257791,18,6,0,1,0,Heatwave,14500,None,P-00467,PS-007,Chargesheet Filed
FIR-001882,Burglary,3,North District,26.920023,75.831671,2026-04-21T04:34:58.257791,4,1,1,0,0,Cloudy,8200,None,P-00593,PS-005,Chargesheet Filed
FIR-001883,Robbery,3,Industrial Belt,26.857184,75.761609,2025-11-03T07:08:58.257791,7,0,0,0,0,Clear,3100,Blunt Object,P-00375,PS-006,Closed
FIR-001884,Vehicle Theft,2,Old City,26.91224,75.799223,2025-12-09T17:12:58.257791,17,1,0,0,0,Cloudy,16200,None,,PS-005,Cold
FIR-001885,Fraud,2,Old City,26.923488,75.814771,2026-01-21T05:44:58.257791,5,2,0,0,0,Cloudy,16200,None,,PS-001,Chargesheet Filed
FIR-001886,Theft,3,North District,26.908133,75.825399,2025-08-08T05:06:58.257791,5,4,0,0,0,Clear,8200,None,,PS-007,Under Investigation
FIR-001887,Burglary,3,Central Zone,26.894712,75.808806,2026-06-11T02:12:58.257791,2,3,1,0,0,Fog,14500,None,P-00367,PS-001,Under Investigation
FIR-001888,Assault,3,East Ward,26.897477,75.832572,2025-11-05T17:25:58.257791,17,2,0,0,0,Clear,10800,Blunt Object,P-00445,PS-005,Cold
FIR-001889,Assault,5,East Ward,26.898017,75.841222,2026-07-18T02:42:58.257791,2,5,1,1,0,Rain,10800,None,,PS-006,Under Investigation
FIR-001890,Burglary,2,Riverside,26.875541,75.799101,2025-11-14T23:42:58.257791,23,4,1,0,0,Heatwave,5200,None,,PS-003,Under Investigation
FIR-001891,Theft,2,South Division,26.880189,75.789215,2026-04-25T08:31:58.257791,8,5,0,1,0,Cloudy,6400,None,,PS-005,Closed
FIR-001892,Burglary,2,Industrial Belt,26.869682,75.762718,2026-02-13T07:38:58.257791,7,4,0,0,0,Clear,3100,None,,PS-008,Under Investigation
FIR-001893,Vehicle Theft,1,West Sector,26.884281,75.765131,2025-10-09T19:36:58.257791,19,3,0,0,0,Heatwave,9100,None,P-00372,PS-007,Under Investigation
FIR-001894,Theft,2,Old City,26.926442,75.799297,2025-09-21T15:46:58.257791,15,6,0,1,0,Cloudy,16200,None,,PS-008,Closed
FIR-001895,Theft,1,South Division,26.864326,75.783159,2026-04-18T00:06:58.257791,0,5,1,1,0,Fog,6400,None,P-00474,PS-006,Under Investigation
FIR-001896,Theft,2,Industrial Belt,26.864048,75.776445,2026-04-23T12:04:58.257791,12,3,0,0,0,Fog,3100,None,,PS-007,Under Investigation
FIR-001897,Robbery,4,Old City,26.921149,75.794451,2025-08-10T17:16:58.257791,17,6,0,1,0,Fog,16200,Improvised,P-00501,PS-002,Cold
FIR-001898,Extortion,5,East Ward,26.895635,75.822502,2025-11-26T17:16:58.257791,17,2,0,0,0,Fog,10800,Improvised,P-00272,PS-005,Cold
FIR-001899,Assault,2,North District,26.916027,75.824642,2025-11-10T01:22:58.257791,1,0,1,0,0,Clear,8200,None,,PS-008,Closed
FIR-001900,Theft,1,Old City,26.922648,75.799416,2026-06-13T06:45:58.257791,6,5,0,1,0,Cloudy,16200,None,P-00337,PS-004,Chargesheet Filed
FIR-001901,Robbery,3,Old City,26.922333,75.798472,2025-12-28T08:24:58.257791,8,6,0,1,0,Rain,16200,Firearm,P-00558,PS-008,Under Investigation
FIR-001902,Theft,2,Industrial Belt,26.869063,75.772885,2026-01-11T15:09:58.257791,15,6,0,1,0,Cloudy,3100,None,P-00389,PS-001,Closed
FIR-001903,Assault,5,Central Zone,26.907286,75.794152,2026-03-15T11:46:58.257791,11,6,0,1,1,Rain,14500,None,,PS-007,Closed
FIR-001904,Burglary,3,South Division,26.87933,75.79122,2026-06-11T10:44:58.257791,10,3,0,0,0,Clear,6400,None,,PS-006,Cold
FIR-001905,Theft,3,East Ward,26.914299,75.828457,2025-08-08T00:02:58.257791,0,4,1,0,0,Heatwave,10800,None,,PS-006,Under Investigation
FIR-001906,Burglary,4,East Ward,26.893906,75.821128,2025-08-22T21:38:58.257791,21,4,1,0,0,Clear,10800,None,,PS-007,Under Investigation
FIR-001907,Narcotics,3,Central Zone,26.896463,75.811257,2026-05-29T23:49:58.257791,23,4,1,0,0,Clear,14500,None,,PS-001,Under Investigation
FIR-001908,Narcotics,2,East Ward,26.909383,75.823004,2025-09-25T05:08:58.257791,5,3,0,0,0,Rain,10800,None,P-00101,PS-003,Chargesheet Filed
FIR-001909,Narcotics,2,East Ward,26.893528,75.821073,2026-01-24T23:56:58.257791,23,5,1,1,0,Cloudy,10800,None,P-00400,PS-003,Closed
FIR-001910,Fraud,1,Old City,26.910223,75.813988,2026-07-16T06:50:58.257791,6,3,0,0,0,Cloudy,16200,None,,PS-001,Closed
FIR-001911,Fraud,1,Industrial Belt,26.869965,75.766614,2025-08-24T05:10:58.257791,5,6,0,1,0,Cloudy,3100,None,,PS-008,Closed
FIR-001912,Narcotics,3,Riverside,26.883314,75.805858,2026-05-23T10:38:58.257791,10,5,0,1,0,Clear,5200,None,P-00094,PS-006,Chargesheet Filed
FIR-001913,Vehicle Theft,1,East Ward,26.903478,75.824588,2026-03-31T22:46:58.257791,22,1,1,0,0,Cloudy,10800,None,P-00258,PS-002,Closed
FIR-001914,Robbery,5,Central Zone,26.906803,75.803873,2026-01-28T05:32:58.257791,5,2,0,0,0,Cloudy,14500,Improvised,P-00245,PS-001,Under Investigation
FIR-001915,Narcotics,4,Industrial Belt,26.85588,75.76528,2025-09-28T12:18:58.257791,12,6,0,1,0,Rain,3100,None,,PS-008,Under Investigation
FIR-001916,Theft,3,Old City,26.909761,75.810747,2026-01-15T18:43:58.257791,18,3,0,0,1,Rain,16200,None,,PS-006,Chargesheet Filed
FIR-001917,Fraud,1,South Division,26.863696,75.785978,2025-10-04T14:07:58.257791,14,5,0,1,0,Clear,6400,None,P-00301,PS-006,Under Investigation
FIR-001918,Robbery,3,West Sector,26.903611,75.775187,2026-07-19T00:14:58.257791,0,6,1,1,0,Fog,9100,Knife,,PS-008,Under Investigation
FIR-001919,Assault,4,West Sector,26.896786,75.767318,2026-03-12T08:31:58.257791,8,3,0,0,0,Cloudy,9100,None,P-00509,PS-003,Under Investigation
FIR-001920,Burglary,4,South Division,26.869278,75.778925,2025-12-21T17:28:58.257791,17,6,0,1,0,Rain,6400,None,P-00509,PS-005,Chargesheet Filed
FIR-001921,Vehicle Theft,3,Riverside,26.877985,75.819513,2026-05-30T03:26:58.257791,3,5,1,1,0,Rain,5200,None,,PS-002,Under Investigation
FIR-001922,Fraud,2,North District,26.910818,75.815917,2026-07-09T12:12:58.257791,12,3,0,0,0,Rain,8200,None,,PS-006,Cold
FIR-001923,Fraud,1,Industrial Belt,26.857014,75.760974,2026-03-14T07:19:58.257791,7,5,0,1,0,Clear,3100,None,P-00564,PS-003,Closed
FIR-001924,Cybercrime,2,Old City,26.925762,75.809642,2026-02-15T05:03:58.257791,5,6,0,1,1,Rain,16200,None,P-00094,PS-008,Cold
FIR-001925,Burglary,4,East Ward,26.898776,75.824955,2025-08-20T19:12:58.257791,19,2,0,0,0,Clear,10800,None,P-00245,PS-006,Cold
FIR-001926,Fraud,1,Old City,26.911952,75.816282,2025-09-27T07:26:58.257791,7,5,0,1,0,Heatwave,16200,None,,PS-007,Under Investigation
FIR-001927,Kidnapping,4,North District,26.908719,75.818017,2026-06-05T05:39:58.257791,5,4,0,0,0,Clear,8200,Firearm,,PS-004,Under Investigation
FIR-001928,Fraud,1,North District,26.923018,75.821898,2026-01-11T15:21:58.257791,15,6,0,1,0,Cloudy,8200,None,,PS-004,Under Investigation
FIR-001929,Extortion,5,West Sector,26.899319,75.763865,2025-08-19T13:34:58.257791,13,1,0,0,0,Heatwave,9100,Improvised,,PS-006,Closed
FIR-001930,Fraud,1,North District,26.922333,75.810228,2025-09-09T19:14:58.257791,19,1,0,0,0,Clear,8200,None,P-00152,PS-003,Under Investigation
FIR-001931,Fraud,3,West Sector,26.888697,75.768211,2025-08-19T19:30:58.257791,19,1,0,0,0,Rain,9100,None,,PS-004,Closed
FIR-001932,Vehicle Theft,3,North District,26.918741,75.812069,2025-07-28T15:33:58.257791,15,0,0,0,0,Fog,8200,None,,PS-002,Closed
FIR-001933,Assault,2,East Ward,26.911065,75.827893,2026-04-23T03:09:58.257791,3,3,1,0,0,Heatwave,10800,Knife,P-00295,PS-005,Chargesheet Filed
FIR-001934,Fraud,1,Old City,26.910055,75.810829,2025-07-31T11:05:58.257791,11,3,0,0,0,Clear,16200,None,P-00219,PS-008,Under Investigation
FIR-001935,Burglary,4,Old City,26.916411,75.811396,2026-02-23T03:08:58.257791,3,0,1,0,0,Rain,16200,None,,PS-008,Closed
FIR-001936,Assault,2,South Division,26.874394,75.791192,2025-11-26T08:29:58.257791,8,2,0,0,0,Rain,6400,Firearm,P-00227,PS-003,Under Investigation
FIR-001937,Burglary,4,East Ward,26.898213,75.837036,2026-06-30T20:10:58.257791,20,1,1,0,0,Fog,10800,None,,PS-006,Under Investigation
FIR-001938,Theft,3,Old City,26.9097,75.815597,2026-01-12T07:16:58.257791,7,0,0,0,0,Clear,16200,None,,PS-001,Chargesheet Filed
FIR-001939,Burglary,3,Industrial Belt,26.864024,75.777388,2026-02-04T02:40:58.257791,2,2,1,0,0,Heatwave,3100,None,P-00103,PS-003,Chargesheet Filed
FIR-001940,Robbery,5,East Ward,26.896274,75.827209,2025-10-09T01:33:58.257791,1,3,1,0,0,Rain,10800,None,P-00139,PS-004,Closed
FIR-001941,Cybercrime,3,Central Zone,26.905095,75.79289,2026-07-23T11:40:58.257791,11,3,0,0,0,Clear,14500,None,P-00227,PS-006,Closed
FIR-001942,Fraud,2,Central Zone,26.904219,75.798785,2025-12-09T04:11:58.257791,4,1,1,0,0,Cloudy,14500,None,P-00593,PS-006,Chargesheet Filed
FIR-001943,Extortion,4,South Division,26.85961,75.795634,2026-02-09T11:34:58.257791,11,0,0,0,0,Clear,6400,Blunt Object,,PS-007,Under Investigation
FIR-001944,Cybercrime,1,Central Zone,26.899205,75.796823,2026-05-31T02:04:58.257791,2,6,1,1,0,Heatwave,14500,None,P-00317,PS-006,Under Investigation
FIR-001945,Burglary,4,Central Zone,26.900242,75.798634,2025-12-02T22:53:58.257791,22,1,1,0,0,Clear,14500,None,P-00090,PS-006,Under Investigation
FIR-001946,Cybercrime,2,Central Zone,26.904096,75.803778,2025-09-07T14:27:58.257791,14,6,0,1,0,Clear,14500,None,,PS-007,Under Investigation
FIR-001947,Burglary,4,North District,26.910102,75.814315,2025-11-18T04:47:58.257791,4,1,1,0,0,Fog,8200,None,P-00139,PS-003,Chargesheet Filed
FIR-001948,Burglary,3,South Division,26.874119,75.794604,2026-03-27T07:17:58.257791,7,4,0,0,0,Rain,6400,None,P-00208,PS-003,Under Investigation
FIR-001949,Fraud,3,East Ward,26.907774,75.819858,2025-07-27T05:53:58.257791,5,6,0,1,0,Fog,10800,None,,PS-001,Under Investigation
FIR-001950,Assault,4,Central Zone,26.901929,75.806399,2026-05-30T20:24:58.257791,20,5,1,1,0,Clear,14500,None,P-00445,PS-006,Chargesheet Filed
FIR-001951,Assault,2,South Division,26.877243,75.783174,2026-07-21T23:13:58.257791,23,1,1,0,0,Cloudy,6400,Improvised,,PS-004,Under Investigation
FIR-001952,Extortion,5,Industrial Belt,26.856791,75.7633,2025-07-30T14:21:58.257791,14,2,0,0,0,Cloudy,3100,Improvised,P-00009,PS-003,Chargesheet Filed
FIR-001953,Burglary,2,Industrial Belt,26.867755,75.760646,2025-09-20T06:26:58.257791,6,5,0,1,0,Cloudy,3100,None,,PS-004,Cold
FIR-001954,Assault,3,Central Zone,26.907196,75.792311,2025-12-19T00:56:58.257791,0,4,1,0,0,Cloudy,14500,Blunt Object,P-00256,PS-001,Under Investigation
FIR-001955,Theft,1,Central Zone,26.894013,75.795821,2025-09-09T07:13:58.257791,7,1,0,0,0,Clear,14500,None,P-00303,PS-008,Cold
FIR-001956,Assault,2,Riverside,26.871455,75.815377,2026-07-07T01:16:58.257791,1,1,1,0,0,Cloudy,5200,Firearm,P-00005,PS-007,Closed
FIR-001957,Theft,1,North District,26.931315,75.809997,2026-05-18T18:11:58.257791,18,0,0,0,0,Cloudy,8200,None,P-00281,PS-008,Chargesheet Filed
FIR-001958,Burglary,2,East Ward,26.911246,75.840057,2025-10-27T01:14:58.257791,1,0,1,0,0,Rain,10800,None,P-00273,PS-005,Closed
FIR-001959,Burglary,3,Old City,26.922625,75.814513,2026-07-20T03:56:58.257791,3,0,1,0,0,Fog,16200,None,,PS-004,Under Investigation
FIR-001960,Burglary,4,North District,26.914362,75.825997,2026-04-23T00:53:58.257791,0,3,1,0,0,Clear,8200,None,,PS-006,Chargesheet Filed
FIR-001961,Narcotics,4,East Ward,26.914742,75.825752,2025-10-08T16:53:58.257791,16,2,0,0,0,Clear,10800,None,P-00384,PS-001,Chargesheet Filed
FIR-001962,Fraud,3,North District,26.913948,75.831533,2026-06-02T01:03:58.257791,1,1,1,0,0,Clear,8200,None,P-00172,PS-001,Under Investigation
FIR-001963,Fraud,1,Old City,26.90307,75.812671,2026-01-31T16:10:58.257791,16,5,0,1,0,Clear,16200,None,,PS-002,Under Investigation
FIR-001964,Fraud,1,Industrial Belt,26.850301,75.769098,2025-11-23T08:50:58.257791,8,6,0,1,0,Clear,3100,None,,PS-005,Under Investigation
FIR-001965,Vehicle Theft,3,North District,26.929565,75.828032,2025-10-29T04:36:58.257791,4,2,1,0,0,Rain,8200,None,P-00158,PS-008,Under Investigation
FIR-001966,Assault,5,East Ward,26.901999,75.826511,2026-04-29T05:15:58.257791,5,2,0,0,0,Cloudy,10800,Knife,P-00545,PS-004,Under Investigation
FIR-001967,Extortion,5,Old City,26.905015,75.802082,2025-08-25T15:13:58.257791,15,0,0,0,0,Rain,16200,Knife,,PS-004,Chargesheet Filed
FIR-001968,Robbery,3,North District,26.920459,75.825121,2026-05-24T00:47:58.257791,0,6,1,1,0,Clear,8200,None,P-00226,PS-007,Under Investigation
FIR-001969,Burglary,2,Old City,26.926499,75.801017,2026-06-14T03:50:58.257791,3,6,1,1,0,Heatwave,16200,None,P-00273,PS-008,Under Investigation
FIR-001970,Assault,2,South Division,26.869255,75.799138,2026-02-07T04:51:58.257791,4,5,1,1,0,Cloudy,6400,Knife,P-00110,PS-008,Under Investigation
FIR-001971,Cybercrime,3,Old City,26.918784,75.811903,2025-10-16T06:52:58.257791,6,3,0,0,0,Rain,16200,None,,PS-002,Under Investigation
FIR-001972,Vehicle Theft,1,South Division,26.868464,75.778077,2025-08-06T16:58:58.257791,16,2,0,0,0,Clear,6400,None,,PS-005,Chargesheet Filed
FIR-001973,Theft,1,North District,26.931872,75.81999,2026-05-06T20:32:58.257791,20,2,1,0,0,Cloudy,8200,None,P-00122,PS-001,Under Investigation
FIR-001974,Robbery,4,Riverside,26.888427,75.816837,2026-07-04T15:35:58.257791,15,5,0,1,0,Cloudy,5200,Improvised,P-00480,PS-008,Under Investigation
FIR-001975,Assault,5,West Sector,26.890342,75.763676,2025-09-30T20:57:58.257791,20,1,1,0,0,Cloudy,9100,Firearm,P-00151,PS-006,Under Investigation
FIR-001976,Theft,2,Old City,26.923768,75.814638,2026-07-12T21:28:58.257791,21,6,1,1,0,Rain,16200,None,P-00152,PS-006,Under Investigation
FIR-001977,Burglary,4,Riverside,26.886778,75.812635,2026-05-14T17:33:58.257791,17,3,0,0,0,Cloudy,5200,None,P-00053,PS-008,Under Investigation
FIR-001978,Assault,4,South Division,26.870992,75.791224,2025-12-10T17:24:58.257791,17,2,0,0,0,Clear,6400,Blunt Object,,PS-008,Under Investigation
FIR-001979,Assault,4,South Division,26.873711,75.785365,2025-12-18T09:19:58.257791,9,3,0,0,0,Cloudy,6400,Blunt Object,P-00275,PS-008,Chargesheet Filed
FIR-001980,Burglary,4,Central Zone,26.897119,75.7941,2025-10-08T19:44:58.257791,19,2,0,0,0,Clear,14500,None,,PS-002,Under Investigation
FIR-001981,Cybercrime,3,Old City,26.90754,75.801869,2025-09-22T11:56:58.257791,11,0,0,0,0,Cloudy,16200,None,,PS-004,Closed
FIR-001982,Assault,5,Central Zone,26.900729,75.800374,2026-05-07T09:26:58.257791,9,3,0,0,0,Clear,14500,Blunt Object,,PS-006,Under Investigation
FIR-001983,Theft,3,West Sector,26.899213,75.781613,2026-01-11T23:18:58.257791,23,6,1,1,0,Cloudy,9100,None,,PS-005,Closed
FIR-001984,Narcotics,4,North District,26.912727,75.825904,2025-10-30T11:01:58.257791,11,3,0,0,0,Clear,8200,None,P-00170,PS-003,Chargesheet Filed
FIR-001985,Robbery,4,Central Zone,26.909736,75.788194,2025-11-16T20:19:58.257791,20,6,1,1,0,Cloudy,14500,Firearm,P-00471,PS-008,Under Investigation
FIR-001986,Assault,5,Old City,26.920394,75.811743,2026-06-22T19:11:58.257791,19,0,0,0,0,Clear,16200,Blunt Object,,PS-005,Under Investigation
FIR-001987,Burglary,3,Industrial Belt,26.853943,75.7802,2026-07-04T03:04:58.257791,3,5,1,1,0,Clear,3100,None,P-00491,PS-006,Closed
FIR-001988,Burglary,4,North District,26.91452,75.808831,2026-05-22T22:48:58.257791,22,4,1,0,0,Heatwave,8200,None,,PS-007,Closed
FIR-001989,Burglary,4,Riverside,26.874158,75.802787,2026-03-14T14:13:58.257791,14,5,0,1,0,Heatwave,5200,None,P-00401,PS-007,Chargesheet Filed
FIR-001990,Theft,3,Old City,26.921216,75.798468,2025-07-29T10:25:58.257791,10,1,0,0,0,Clear,16200,None,,PS-005,Under Investigation
FIR-001991,Robbery,5,North District,26.922232,75.814251,2025-08-29T18:10:58.257791,18,4,0,0,0,Clear,8200,Improvised,P-00208,PS-003,Under Investigation
FIR-001992,Robbery,5,Industrial Belt,26.862759,75.772671,2025-09-19T10:42:58.257791,10,4,0,0,0,Clear,3100,None,,PS-004,Cold
FIR-001993,Cybercrime,2,Old City,26.908043,75.80036,2026-06-13T12:06:58.257791,12,5,0,1,0,Clear,16200,None,P-00463,PS-002,Under Investigation
FIR-001994,Assault,5,West Sector,26.884277,75.76522,2026-04-07T19:45:58.257791,19,1,0,0,0,Clear,9100,Blunt Object,,PS-005,Chargesheet Filed
FIR-001995,Cybercrime,2,Riverside,26.874812,75.821739,2025-10-17T06:02:58.257791,6,4,0,0,0,Clear,5200,None,P-00130,PS-002,Chargesheet Filed
FIR-001996,Theft,3,West Sector,26.888999,75.769828,2025-12-02T06:30:58.257791,6,1,0,0,0,Rain,9100,None,P-00077,PS-008,Under Investigation
FIR-001997,Cybercrime,3,Central Zone,26.910222,75.807997,2025-12-15T06:15:58.257791,6,0,0,0,1,Fog,14500,None,P-00489,PS-001,Chargesheet Filed
FIR-001998,Narcotics,2,North District,26.909235,75.821874,2025-08-21T01:50:58.257791,1,3,1,0,0,Cloudy,8200,None,,PS-002,Under Investigation
FIR-001999,Theft,1,West Sector,26.883011,75.767091,2025-09-03T02:31:58.257791,2,2,1,0,0,Rain,9100,None,P-00095,PS-008,Under Investigation
FIR-002000,Assault,2,North District,26.920691,75.830902,2026-04-15T19:48:58.257791,19,2,0,0,1,Cloudy,8200,Knife,P-00103,PS-004,Closed
FIR-002001,Robbery,5,South Division,26.877203,75.779616,2026-01-27T17:42:58.257791,17,1,0,0,0,Clear,6400,Firearm,,PS-002,Under Investigation
FIR-002002,Theft,1,East Ward,26.909893,75.822264,2026-07-03T05:37:58.257791,5,4,0,0,0,Cloudy,10800,None,,PS-003,Under Investigation
FIR-002003,Theft,3,Old City,26.91699,75.807583,2025-09-24T14:34:58.257791,14,2,0,0,0,Clear,16200,None,P-00219,PS-002,Under Investigation
FIR-002004,Burglary,4,Old City,26.916946,75.806932,2025-11-14T10:14:58.257791,10,4,0,0,0,Cloudy,16200,None,P-00122,PS-007,Under Investigation
FIR-002005,Theft,2,North District,26.929361,75.811652,2025-09-25T23:43:58.257791,23,3,1,0,0,Rain,8200,None,,PS-005,Chargesheet Filed
FIR-002006,Assault,4,South Division,26.87105,75.794585,2026-04-10T10:24:58.257791,10,4,0,0,0,Clear,6400,Improvised,P-00139,PS-002,Under Investigation
FIR-002007,Extortion,4,West Sector,26.905958,75.779652,2026-07-04T04:29:58.257791,4,5,1,1,0,Heatwave,9100,Firearm,,PS-004,Chargesheet Filed
FIR-002008,Theft,1,Old City,26.915417,75.814184,2026-05-09T13:52:58.257791,13,5,0,1,0,Fog,16200,None,P-00263,PS-007,Chargesheet Filed
FIR-002009,Burglary,4,East Ward,26.916348,75.835454,2025-10-22T01:09:58.257791,1,2,1,0,0,Clear,10800,None,P-00528,PS-005,Under Investigation
FIR-002010,Narcotics,2,Industrial Belt,26.87188,75.765515,2026-03-27T20:31:58.257791,20,4,1,0,0,Clear,3100,None,,PS-005,Under Investigation
FIR-002011,Assault,4,East Ward,26.911546,75.832858,2026-03-08T19:43:58.257791,19,6,0,1,0,Clear,10800,Improvised,,PS-008,Closed
FIR-002012,Burglary,4,Industrial Belt,26.864819,75.779497,2026-03-02T16:16:58.257791,16,0,0,0,0,Fog,3100,None,P-00107,PS-002,Under Investigation
FIR-002013,Theft,1,East Ward,26.909775,75.839179,2025-10-26T03:44:58.257791,3,6,1,1,0,Cloudy,10800,None,P-00065,PS-001,Closed
FIR-002014,Extortion,4,Old City,26.922159,75.812304,2026-05-29T16:46:58.257791,16,4,0,0,0,Cloudy,16200,Knife,P-00207,PS-007,Under Investigation
FIR-002015,Robbery,5,Riverside,26.872977,75.802269,2026-03-07T17:42:58.257791,17,5,0,1,0,Cloudy,5200,Blunt Object,,PS-004,Closed
FIR-002016,Fraud,1,West Sector,26.902081,75.775271,2025-10-29T01:26:58.257791,1,2,1,0,0,Cloudy,9100,None,P-00280,PS-004,Cold
FIR-002017,Theft,3,East Ward,26.915047,75.824581,2026-03-19T11:32:58.257791,11,3,0,0,0,Clear,10800,None,,PS-004,Under Investigation
FIR-002018,Robbery,5,Industrial Belt,26.853646,75.777695,2026-06-25T00:56:58.257791,0,3,1,0,0,Cloudy,3100,Improvised,,PS-003,Closed
FIR-002019,Vehicle Theft,2,East Ward,26.893164,75.829263,2026-01-06T01:10:58.257791,1,1,1,0,0,Rain,10800,None,,PS-001,Closed
FIR-002020,Burglary,3,West Sector,26.898807,75.777626,2026-05-08T11:49:58.257791,11,4,0,0,0,Rain,9100,None,,PS-007,Under Investigation
FIR-002021,Assault,2,West Sector,26.888704,75.785425,2026-02-05T10:17:58.257791,10,3,0,0,0,Rain,9100,Improvised,,PS-006,Under Investigation
FIR-002022,Burglary,2,Old City,26.906909,75.801899,2025-12-05T11:08:58.257791,11,4,0,0,0,Rain,16200,None,P-00090,PS-004,Chargesheet Filed
FIR-002023,Theft,2,Riverside,26.87031,75.807923,2026-07-23T19:38:58.257791,19,3,0,0,0,Clear,5200,None,,PS-006,Under Investigation
FIR-002024,Burglary,2,Old City,26.919141,75.816456,2025-09-14T18:29:58.257791,18,6,0,1,0,Clear,16200,None,,PS-007,Under Investigation
FIR-002025,Theft,1,Old City,26.91479,75.804919,2026-05-31T18:45:58.257791,18,6,0,1,0,Clear,16200,None,,PS-003,Under Investigation
FIR-002026,Extortion,4,Central Zone,26.908841,75.810987,2026-02-26T16:22:58.257791,16,3,0,0,0,Rain,14500,Knife,,PS-003,Under Investigation
FIR-002027,Theft,3,Riverside,26.887584,75.813692,2025-09-21T22:24:58.257791,22,6,1,1,0,Clear,5200,None,,PS-004,Under Investigation
FIR-002028,Fraud,1,Riverside,26.890901,75.80088,2026-07-07T08:38:58.257791,8,1,0,0,0,Cloudy,5200,None,,PS-008,Chargesheet Filed
FIR-002029,Narcotics,2,Industrial Belt,26.849688,75.76534,2026-02-28T01:39:58.257791,1,5,1,1,0,Fog,3100,None,,PS-004,Under Investigation
FIR-002030,Cybercrime,1,Industrial Belt,26.867594,75.775568,2025-08-04T11:23:58.257791,11,0,0,0,0,Clear,3100,None,P-00433,PS-005,Closed
FIR-002031,Theft,3,North District,26.91802,75.821131,2025-11-24T10:57:58.257791,10,0,0,0,0,Cloudy,8200,None,P-00082,PS-001,Cold
FIR-002032,Burglary,4,North District,26.910094,75.809093,2026-04-08T22:10:58.257791,22,2,1,0,0,Clear,8200,None,P-00306,PS-002,Under Investigation
FIR-002033,Burglary,2,East Ward,26.899757,75.832558,2026-04-25T08:32:58.257791,8,5,0,1,0,Rain,10800,None,P-00009,PS-004,Closed
FIR-002034,Assault,3,Industrial Belt,26.865382,75.765363,2025-12-17T00:32:58.257791,0,2,1,0,0,Clear,3100,Blunt Object,P-00048,PS-006,Under Investigation
FIR-002035,Theft,3,North District,26.915015,75.812783,2025-08-06T03:44:58.257791,3,2,1,0,0,Clear,8200,None,P-00272,PS-006,Cold
FIR-002036,Fraud,1,South Division,26.874431,75.78107,2025-12-28T21:54:58.257791,21,6,1,1,0,Rain,6400,None,P-00263,PS-007,Chargesheet Filed
FIR-002037,Burglary,2,Industrial Belt,26.865059,75.777218,2026-03-20T22:33:58.257791,22,4,1,0,0,Clear,3100,None,,PS-008,Chargesheet Filed
FIR-002038,Assault,4,Industrial Belt,26.868754,75.763226,2026-03-16T09:18:58.257791,9,0,0,0,0,Cloudy,3100,None,P-00475,PS-003,Chargesheet Filed
FIR-002039,Assault,3,East Ward,26.894001,75.83016,2025-09-08T11:27:58.257791,11,0,0,0,0,Clear,10800,Firearm,P-00207,PS-002,Closed
FIR-002040,Narcotics,4,West Sector,26.900677,75.77395,2026-04-09T07:50:58.257791,7,3,0,0,0,Cloudy,9100,None,,PS-005,Under Investigation
FIR-002041,Vehicle Theft,2,East Ward,26.911693,75.83547,2026-07-12T18:22:58.257791,18,6,0,1,0,Heatwave,10800,None,P-00461,PS-002,Under Investigation
FIR-002042,Extortion,3,South Division,26.876414,75.790944,2026-01-06T10:12:58.257791,10,1,0,0,0,Cloudy,6400,Blunt Object,P-00477,PS-003,Under Investigation
FIR-002043,Fraud,2,Riverside,26.869948,75.811525,2025-12-30T13:03:58.257791,13,1,0,0,0,Rain,5200,None,P-00301,PS-004,Closed
FIR-002044,Narcotics,4,Riverside,26.869793,75.806523,2026-03-16T17:59:58.257791,17,0,0,0,0,Heatwave,5200,None,P-00475,PS-005,Under Investigation
FIR-002045,Fraud,1,Old City,26.91917,75.799408,2026-01-20T05:34:58.257791,5,1,0,0,0,Cloudy,16200,None,,PS-001,Closed
FIR-002046,Assault,3,Industrial Belt,26.863464,75.77954,2026-04-17T16:28:58.257791,16,4,0,0,0,Cloudy,3100,None,P-00573,PS-001,Chargesheet Filed
FIR-002047,Burglary,4,South Division,26.865449,75.796236,2025-10-06T15:33:58.257791,15,0,0,0,0,Clear,6400,None,P-00103,PS-003,Under Investigation
FIR-002048,Fraud,2,North District,26.910275,75.829305,2026-03-11T05:33:58.257791,5,2,0,0,0,Cloudy,8200,None,,PS-005,Closed
FIR-002049,Theft,2,West Sector,26.886026,75.770016,2025-09-06T10:17:58.257791,10,5,0,1,0,Clear,9100,None,,PS-008,Under Investigation
FIR-002050,Narcotics,2,Central Zone,26.90005,75.799189,2026-05-03T07:21:58.257791,7,6,0,1,0,Clear,14500,None,P-00181,PS-003,Under Investigation
FIR-002051,Fraud,1,Old City,26.914126,75.79623,2026-07-16T03:33:58.257791,3,3,1,0,0,Clear,16200,None,,PS-007,Chargesheet Filed
FIR-002052,Vehicle Theft,3,East Ward,26.894436,75.823131,2026-06-06T09:33:58.257791,9,5,0,1,0,Fog,10800,None,,PS-005,Chargesheet Filed
FIR-002053,Cybercrime,3,Central Zone,26.910404,75.801762,2025-09-16T08:19:58.257791,8,1,0,0,0,Cloudy,14500,None,P-00429,PS-003,Under Investigation
FIR-002054,Vehicle Theft,1,North District,26.910238,75.818224,2026-04-22T20:57:58.257791,20,2,1,0,0,Fog,8200,None,,PS-004,Under Investigation
FIR-002055,Assault,2,North District,26.911985,75.816813,2025-12-09T05:35:58.257791,5,1,0,0,0,Clear,8200,Blunt Object,P-00593,PS-001,Under Investigation
FIR-002056,Burglary,3,Central Zone,26.907346,75.799256,2026-03-19T02:03:58.257791,2,3,1,0,0,Rain,14500,None,P-00588,PS-006,Under Investigation
FIR-002057,Theft,2,Central Zone,26.894188,75.803288,2025-09-11T14:33:58.257791,14,3,0,0,0,Clear,14500,None,P-00020,PS-003,Under Investigation
FIR-002058,Robbery,3,North District,26.926817,75.816652,2025-09-17T01:38:58.257791,1,2,1,0,0,Clear,8200,Firearm,P-00071,PS-005,Under Investigation
FIR-002059,Assault,3,Riverside,26.881453,75.814075,2026-03-08T14:06:58.257791,14,6,0,1,0,Rain,5200,None,P-00306,PS-002,Chargesheet Filed
FIR-002060,Robbery,5,North District,26.915466,75.825629,2026-07-12T04:33:58.257791,4,6,1,1,0,Rain,8200,None,P-00501,PS-005,Chargesheet Filed
FIR-002061,Extortion,5,West Sector,26.906309,75.772635,2025-11-11T08:39:58.257791,8,1,0,0,0,Rain,9100,Improvised,P-00467,PS-006,Under Investigation
FIR-002062,Burglary,2,North District,26.912391,75.812596,2026-06-05T12:43:58.257791,12,4,0,0,0,Fog,8200,None,P-00414,PS-006,Closed
FIR-002063,Fraud,3,Riverside,26.875998,75.813476,2026-04-13T19:35:58.257791,19,0,0,0,0,Clear,5200,None,P-00024,PS-006,Under Investigation
FIR-002064,Vehicle Theft,1,Old City,26.917062,75.81418,2026-01-03T19:46:58.257791,19,5,0,1,0,Cloudy,16200,None,,PS-008,Chargesheet Filed
FIR-002065,Vehicle Theft,2,West Sector,26.894816,75.774578,2025-12-23T22:13:58.257791,22,1,1,0,0,Clear,9100,None,P-00207,PS-007,Under Investigation
FIR-002066,Theft,2,East Ward,26.893209,75.831639,2025-08-13T03:18:58.257791,3,2,1,0,0,Clear,10800,None,,PS-003,Under Investigation
FIR-002067,Fraud,1,East Ward,26.904924,75.832249,2025-09-29T17:33:58.257791,17,0,0,0,0,Cloudy,10800,None,,PS-006,Cold
FIR-002068,Theft,1,Riverside,26.889263,75.8041,2026-06-26T05:52:58.257791,5,4,0,0,0,Cloudy,5200,None,P-00265,PS-005,Chargesheet Filed
FIR-002069,Fraud,1,West Sector,26.896764,75.786799,2025-11-05T13:18:58.257791,13,2,0,0,0,Clear,9100,None,,PS-004,Under Investigation
FIR-002070,Theft,1,East Ward,26.901654,75.840514,2025-12-03T07:52:58.257791,7,2,0,0,0,Clear,10800,None,,PS-008,Under Investigation
FIR-002071,Theft,1,North District,26.925988,75.831485,2026-02-12T19:04:58.257791,19,3,0,0,0,Clear,8200,None,,PS-005,Under Investigation
FIR-002072,Cybercrime,2,East Ward,26.906363,75.82658,2026-04-13T10:07:58.257791,10,0,0,0,0,Fog,10800,None,,PS-004,Under Investigation
FIR-002073,Burglary,3,Old City,26.911067,75.812163,2026-04-08T12:49:58.257791,12,2,0,0,0,Clear,16200,None,,PS-006,Chargesheet Filed
FIR-002074,Theft,3,West Sector,26.887633,75.765621,2026-03-17T17:23:58.257791,17,1,0,0,0,Fog,9100,None,,PS-005,Closed
FIR-002075,Burglary,2,Riverside,26.890363,75.804717,2025-10-08T08:37:58.257791,8,2,0,0,0,Clear,5200,None,P-00158,PS-004,Under Investigation
FIR-002076,Burglary,3,Old City,26.920052,75.811395,2025-10-01T09:15:58.257791,9,2,0,0,0,Clear,16200,None,P-00043,PS-005,Chargesheet Filed
FIR-002077,Assault,3,West Sector,26.895111,75.785968,2026-07-01T04:57:58.257791,4,2,1,0,0,Clear,9100,Firearm,,PS-001,Cold
FIR-002078,Theft,3,Old City,26.910007,75.808274,2025-10-02T11:36:58.257791,11,3,0,0,0,Cloudy,16200,None,,PS-003,Chargesheet Filed
FIR-002079,Robbery,4,Industrial Belt,26.86707,75.762381,2025-10-04T08:40:58.257791,8,5,0,1,0,Fog,3100,Firearm,,PS-005,Under Investigation
FIR-002080,Theft,2,Old City,26.915481,75.798183,2026-06-19T08:03:58.257791,8,4,0,0,0,Rain,16200,None,P-00551,PS-003,Under Investigation
FIR-002081,Theft,2,Industrial Belt,26.866158,75.759625,2025-09-25T18:51:58.257791,18,3,0,0,0,Clear,3100,None,P-00461,PS-005,Cold
FIR-002082,Cybercrime,2,Old City,26.908198,75.804921,2026-02-09T12:33:58.257791,12,0,0,0,0,Rain,16200,None,P-00263,PS-008,Under Investigation
FIR-002083,Robbery,3,Industrial Belt,26.861347,75.763328,2026-01-24T22:51:58.257791,22,5,1,1,0,Cloudy,3100,Improvised,,PS-006,Under Investigation
FIR-002084,Cybercrime,1,East Ward,26.916578,75.832695,2025-11-23T08:19:58.257791,8,6,0,1,0,Rain,10800,None,,PS-005,Cold
FIR-002085,Fraud,3,Old City,26.919568,75.809076,2026-04-17T03:54:58.257791,3,4,1,0,0,Fog,16200,None,,PS-001,Closed
FIR-002086,Theft,1,West Sector,26.896459,75.778078,2025-08-04T18:29:58.257791,18,0,0,0,0,Clear,9100,None,P-00119,PS-002,Closed
FIR-002087,Kidnapping,5,Riverside,26.881686,75.816538,2025-12-16T05:02:58.257791,5,1,0,0,0,Clear,5200,None,P-00155,PS-006,Chargesheet Filed
FIR-002088,Burglary,3,Industrial Belt,26.856659,75.776949,2026-06-11T10:37:58.257791,10,3,0,0,0,Cloudy,3100,None,P-00121,PS-004,Under Investigation
FIR-002089,Narcotics,4,Industrial Belt,26.854792,75.759609,2026-04-22T10:54:58.257791,10,2,0,0,0,Rain,3100,None,P-00122,PS-005,Under Investigation
FIR-002090,Fraud,2,Central Zone,26.903591,75.800376,2025-08-07T19:19:58.257791,19,3,0,0,0,Cloudy,14500,None,,PS-006,Under Investigation
FIR-002091,Theft,2,East Ward,26.894034,75.832847,2025-07-29T12:12:58.257791,12,1,0,0,0,Cloudy,10800,None,,PS-003,Cold
FIR-002092,Assault,5,West Sector,26.90593,75.765505,2026-06-10T03:34:58.257791,3,2,1,0,0,Clear,9100,Firearm,,PS-003,Under Investigation
FIR-002093,Vehicle Theft,1,Old City,26.919367,75.809531,2025-11-19T14:26:58.257791,14,2,0,0,0,Clear,16200,None,,PS-003,Under Investigation
FIR-002094,Fraud,1,Riverside,26.8886,75.819702,2025-12-07T15:03:58.257791,15,6,0,1,0,Fog,5200,None,P-00566,PS-007,Under Investigation
FIR-002095,Fraud,3,Industrial Belt,26.858067,75.770258,2026-03-10T11:48:58.257791,11,1,0,0,0,Cloudy,3100,None,,PS-006,Closed
FIR-002096,Assault,5,South Division,26.868986,75.78163,2026-06-08T20:39:58.257791,20,0,1,0,0,Clear,6400,Improvised,P-00082,PS-008,Closed
FIR-002097,Burglary,3,East Ward,26.894257,75.841208,2026-03-14T11:30:58.257791,11,5,0,1,0,Fog,10800,None,P-00158,PS-002,Under Investigation
FIR-002098,Theft,2,Central Zone,26.911572,75.811678,2026-07-08T15:29:58.257791,15,2,0,0,0,Cloudy,14500,None,P-00011,PS-005,Under Investigation
FIR-002099,Assault,5,Central Zone,26.896958,75.806873,2026-03-31T14:28:58.257791,14,1,0,0,0,Clear,14500,Improvised,P-00312,PS-003,Chargesheet Filed
FIR-002100,Cybercrime,2,Riverside,26.886632,75.800827,2025-11-16T15:37:58.257791,15,6,0,1,0,Clear,5200,None,P-00367,PS-003,Cold
FIR-002101,Assault,4,Central Zone,26.906904,75.790763,2025-11-30T17:52:58.257791,17,6,0,1,0,Cloudy,14500,Firearm,P-00504,PS-003,Under Investigation
FIR-002102,Fraud,1,West Sector,26.904011,75.771007,2025-08-05T18:28:58.257791,18,1,0,0,0,Cloudy,9100,None,P-00401,PS-004,Under Investigation
FIR-002103,Narcotics,2,East Ward,26.912708,75.841413,2026-07-18T23:52:58.257791,23,5,1,1,0,Clear,10800,None,,PS-007,Under Investigation
FIR-002104,Cybercrime,2,Central Zone,26.902797,75.804312,2026-05-24T10:11:58.257791,10,6,0,1,0,Clear,14500,None,,PS-008,Chargesheet Filed
FIR-002105,Assault,2,Old City,26.914969,75.815527,2025-08-10T17:22:58.257791,17,6,0,1,0,Rain,16200,Knife,P-00208,PS-004,Chargesheet Filed
FIR-002106,Vehicle Theft,3,North District,26.919717,75.815413,2025-08-22T02:37:58.257791,2,4,1,0,0,Cloudy,8200,None,,PS-004,Under Investigation
FIR-002107,Cybercrime,1,South Division,26.87009,75.794861,2026-06-30T17:31:58.257791,17,1,0,0,0,Rain,6400,None,P-00073,PS-006,Chargesheet Filed
FIR-002108,Cybercrime,3,Old City,26.913491,75.795927,2025-12-27T18:38:58.257791,18,5,0,1,0,Clear,16200,None,P-00556,PS-008,Under Investigation
FIR-002109,Fraud,2,Central Zone,26.890612,75.805616,2026-04-03T10:14:58.257791,10,4,0,0,0,Fog,14500,None,P-00352,PS-003,Under Investigation
FIR-002110,Theft,1,Old City,26.92013,75.80683,2026-07-13T12:02:58.257791,12,0,0,0,0,Clear,16200,None,,PS-003,Under Investigation
FIR-002111,Theft,1,East Ward,26.908884,75.818161,2025-08-07T18:20:58.257791,18,3,0,0,0,Cloudy,10800,None,,PS-005,Cold
FIR-002112,Narcotics,3,West Sector,26.885651,75.785815,2026-03-16T08:55:58.257791,8,0,0,0,0,Clear,9100,None,,PS-007,Under Investigation
FIR-002113,Fraud,1,Central Zone,26.897645,75.807651,2026-02-25T11:28:58.257791,11,2,0,0,0,Rain,14500,None,P-00321,PS-007,Closed
FIR-002114,Cybercrime,2,Old City,26.92027,75.802237,2026-07-03T08:39:58.257791,8,4,0,0,0,Rain,16200,None,,PS-008,Cold
FIR-002115,Vehicle Theft,2,North District,26.928397,75.811352,2026-01-22T21:51:58.257791,21,3,1,0,0,Cloudy,8200,None,P-00242,PS-006,Cold
FIR-002116,Robbery,4,North District,26.920701,75.822239,2026-01-28T19:09:58.257791,19,2,0,0,0,Cloudy,8200,Blunt Object,P-00109,PS-006,Under Investigation
FIR-002117,Fraud,2,Central Zone,26.904616,75.79794,2025-10-19T18:18:58.257791,18,6,0,1,0,Clear,14500,None,,PS-008,Chargesheet Filed
FIR-002118,Theft,2,Central Zone,26.90721,75.791353,2026-04-22T07:41:58.257791,7,2,0,0,0,Cloudy,14500,None,P-00312,PS-004,Closed
FIR-002119,Theft,3,Central Zone,26.892558,75.8016,2025-09-09T02:06:58.257791,2,1,1,0,0,Clear,14500,None,,PS-004,Chargesheet Filed
FIR-002120,Burglary,2,Riverside,26.877612,75.804038,2025-09-19T21:42:58.257791,21,4,1,0,0,Fog,5200,None,P-00246,PS-008,Under Investigation
FIR-002121,Theft,1,Central Zone,26.894636,75.79789,2025-12-22T05:00:58.257791,5,0,0,0,0,Cloudy,14500,None,P-00190,PS-006,Closed
FIR-002122,Cybercrime,3,Industrial Belt,26.852793,75.77004,2025-11-12T03:55:58.257791,3,2,1,0,0,Fog,3100,None,,PS-002,Closed
FIR-002123,Cybercrime,1,West Sector,26.898769,75.76788,2026-02-15T07:49:58.257791,7,6,0,1,1,Cloudy,9100,None,,PS-006,Chargesheet Filed
FIR-002124,Vehicle Theft,1,Old City,26.910848,75.80938,2026-03-07T15:07:58.257791,15,5,0,1,0,Clear,16200,None,,PS-002,Closed
FIR-002125,Narcotics,4,Old City,26.910356,75.804293,2025-09-21T17:18:58.257791,17,6,0,1,0,Clear,16200,None,,PS-003,Closed
FIR-002126,Robbery,4,West Sector,26.903076,75.774646,2026-07-12T11:09:58.257791,11,6,0,1,0,Clear,9100,Knife,,PS-007,Closed
FIR-002127,Theft,3,Old City,26.926713,75.812602,2026-06-01T18:56:58.257791,18,0,0,0,0,Rain,16200,None,P-00071,PS-001,Closed
FIR-002128,Theft,1,Industrial Belt,26.852509,75.780923,2026-01-03T17:38:58.257791,17,5,0,1,0,Cloudy,3100,None,P-00090,PS-003,Under Investigation
FIR-002129,Fraud,2,Riverside,26.885544,75.807185,2026-01-30T13:55:58.257791,13,4,0,0,0,Cloudy,5200,None,,PS-005,Under Investigation
FIR-002130,Assault,3,Central Zone,26.902439,75.81165,2025-08-13T21:16:58.257791,21,2,1,0,0,Clear,14500,Knife,P-00396,PS-005,Under Investigation
FIR-002131,Theft,2,North District,26.908348,75.809288,2025-09-30T04:06:58.257791,4,1,1,0,0,Cloudy,8200,None,P-00234,PS-005,Under Investigation
FIR-002132,Fraud,1,Central Zone,26.906073,75.796317,2025-10-15T19:00:58.257791,19,2,0,0,1,Fog,14500,None,P-00273,PS-001,Chargesheet Filed
FIR-002133,Theft,1,Old City,26.923519,75.808352,2025-11-12T17:46:58.257791,17,2,0,0,0,Clear,16200,None,,PS-008,Under Investigation
FIR-002134,Theft,3,Central Zone,26.888289,75.799621,2025-07-29T03:50:58.257791,3,1,1,0,0,Rain,14500,None,,PS-003,Under Investigation
FIR-002135,Narcotics,3,West Sector,26.89811,75.768295,2026-07-15T01:50:58.257791,1,2,1,0,1,Clear,9100,None,P-00246,PS-005,Under Investigation
FIR-002136,Theft,2,North District,26.91544,75.830242,2025-09-30T08:13:58.257791,8,1,0,0,0,Cloudy,8200,None,P-00087,PS-003,Cold
FIR-002137,Robbery,5,West Sector,26.900879,75.766061,2025-09-19T04:48:58.257791,4,4,1,0,0,Cloudy,9100,None,P-00350,PS-003,Cold
FIR-002138,Narcotics,2,West Sector,26.898278,75.776665,2026-06-19T21:04:58.257791,21,4,1,0,0,Fog,9100,None,P-00352,PS-006,Closed
FIR-002139,Extortion,5,Riverside,26.869677,75.801158,2026-03-12T09:03:58.257791,9,3,0,0,0,Clear,5200,None,,PS-004,Under Investigation
FIR-002140,Burglary,2,North District,26.921617,75.8269,2026-05-29T21:00:58.257791,21,4,1,0,0,Heatwave,8200,None,P-00478,PS-002,Cold
FIR-002141,Vehicle Theft,1,Old City,26.903806,75.815227,2025-09-08T16:56:58.257791,16,0,0,0,0,Clear,16200,None,P-00474,PS-006,Closed
FIR-002142,Narcotics,3,North District,26.914409,75.814024,2025-12-15T02:03:58.257791,2,0,1,0,1,Clear,8200,None,,PS-007,Closed
FIR-002143,Fraud,3,Central Zone,26.889353,75.803102,2025-10-15T16:39:58.257791,16,2,0,0,1,Heatwave,14500,None,P-00326,PS-007,Chargesheet Filed
FIR-002144,Fraud,2,Central Zone,26.910122,75.795671,2025-10-15T08:23:58.257791,8,2,0,0,1,Clear,14500,None,P-00056,PS-004,Under Investigation
FIR-002145,Theft,1,Old City,26.918974,75.798081,2025-11-14T18:51:58.257791,18,4,0,0,0,Clear,16200,None,,PS-006,Closed
FIR-002146,Burglary,3,Riverside,26.876872,75.807917,2026-06-22T09:50:58.257791,9,0,0,0,0,Clear,5200,None,P-00413,PS-005,Cold
FIR-002147,Vehicle Theft,1,East Ward,26.897411,75.824889,2025-11-27T03:08:58.257791,3,3,1,0,0,Rain,10800,None,P-00471,PS-007,Chargesheet Filed
FIR-002148,Fraud,2,East Ward,26.895906,75.825503,2025-08-29T04:09:58.257791,4,4,1,0,0,Rain,10800,None,P-00555,PS-002,Chargesheet Filed
FIR-002149,Assault,5,South Division,26.866615,75.797608,2025-09-20T17:44:58.257791,17,5,0,1,0,Heatwave,6400,Blunt Object,P-00433,PS-006,Chargesheet Filed
FIR-002150,Vehicle Theft,1,North District,26.912376,75.828232,2026-06-19T01:36:58.257791,1,4,1,0,0,Clear,8200,None,,PS-005,Closed
FIR-002151,Burglary,2,North District,26.925576,75.816124,2026-05-10T23:02:58.257791,23,6,1,1,0,Heatwave,8200,None,P-00438,PS-006,Chargesheet Filed
FIR-002152,Assault,4,Central Zone,26.889682,75.791454,2026-06-19T22:05:58.257791,22,4,1,0,0,Cloudy,14500,None,P-00158,PS-003,Closed
FIR-002153,Burglary,4,South Division,26.87143,75.780925,2026-05-01T20:05:58.257791,20,4,1,0,0,Rain,6400,None,,PS-004,Under Investigation
FIR-002154,Theft,3,Old City,26.911863,75.795087,2026-01-02T15:03:58.257791,15,4,0,0,0,Cloudy,16200,None,,PS-005,Closed
FIR-002155,Assault,4,Riverside,26.872755,75.799306,2026-05-08T01:52:58.257791,1,4,1,0,0,Cloudy,5200,Knife,P-00401,PS-005,Chargesheet Filed
FIR-002156,Cybercrime,3,West Sector,26.88674,75.770283,2026-07-13T12:52:58.257791,12,0,0,0,0,Clear,9100,None,P-00285,PS-007,Closed
FIR-002157,Theft,3,Old City,26.918211,75.798049,2025-11-17T07:50:58.257791,7,0,0,0,0,Cloudy,16200,None,P-00119,PS-006,Cold
FIR-002158,Fraud,2,North District,26.911964,75.819441,2026-01-10T04:28:58.257791,4,5,1,1,0,Clear,8200,None,P-00280,PS-003,Under Investigation
FIR-002159,Burglary,2,Industrial Belt,26.863168,75.7653,2025-10-08T04:19:58.257791,4,2,1,0,0,Rain,3100,None,,PS-007,Cold
FIR-002160,Theft,3,Riverside,26.874492,75.802244,2026-06-02T16:01:58.257791,16,1,0,0,0,Cloudy,5200,None,,PS-004,Under Investigation
FIR-002161,Assault,4,Central Zone,26.902388,75.805848,2026-03-04T07:16:58.257791,7,2,0,0,0,Clear,14500,Blunt Object,P-00053,PS-007,Under Investigation
FIR-002162,Assault,5,Old City,26.925624,75.807786,2026-02-09T17:38:58.257791,17,0,0,0,0,Cloudy,16200,Improvised,P-00190,PS-005,Chargesheet Filed
FIR-002163,Burglary,4,Old City,26.92597,75.807918,2026-07-10T14:34:58.257791,14,4,0,0,0,Fog,16200,None,P-00573,PS-002,Under Investigation
FIR-002164,Fraud,1,Central Zone,26.901067,75.801067,2025-08-20T11:25:58.257791,11,2,0,0,0,Clear,14500,None,P-00433,PS-004,Under Investigation
FIR-002165,Extortion,4,South Division,26.881173,75.792459,2025-08-29T22:32:58.257791,22,4,1,0,0,Rain,6400,Improvised,,PS-001,Under Investigation
FIR-002166,Theft,1,Old City,26.905299,75.811345,2025-10-14T23:50:58.257791,23,1,1,0,0,Rain,16200,None,P-00005,PS-003,Under Investigation
FIR-002167,Burglary,3,North District,26.923292,75.824458,2025-10-11T23:55:58.257791,23,5,1,1,0,Fog,8200,None,,PS-005,Chargesheet Filed
FIR-002168,Burglary,2,East Ward,26.906182,75.839963,2025-10-24T20:01:58.257791,20,4,1,0,0,Cloudy,10800,None,P-00034,PS-002,Under Investigation
FIR-002169,Assault,4,West Sector,26.892572,75.776807,2025-08-05T00:57:58.257791,0,1,1,0,0,Cloudy,9100,None,,PS-001,Closed
FIR-002170,Assault,4,East Ward,26.913229,75.839206,2026-06-19T16:56:58.257791,16,4,0,0,0,Heatwave,10800,Knife,,PS-005,Chargesheet Filed
FIR-002171,Extortion,4,East Ward,26.89573,75.839915,2025-12-05T00:41:58.257791,0,4,1,0,0,Fog,10800,Blunt Object,P-00527,PS-005,Under Investigation
FIR-002172,Fraud,2,North District,26.908259,75.819583,2026-03-22T13:54:58.257791,13,6,0,1,0,Fog,8200,None,P-00139,PS-001,Chargesheet Filed
FIR-002173,Fraud,1,North District,26.928665,75.821088,2026-06-11T01:33:58.257791,1,3,1,0,0,Heatwave,8200,None,,PS-005,Closed
FIR-002174,Theft,3,East Ward,26.90935,75.8186,2025-09-22T23:44:58.257791,23,0,1,0,0,Clear,10800,None,,PS-004,Under Investigation
FIR-002175,Vehicle Theft,1,Old City,26.920074,75.802225,2026-05-02T00:59:58.257791,0,5,1,1,0,Cloudy,16200,None,P-00474,PS-001,Chargesheet Filed
FIR-002176,Burglary,3,North District,26.911975,75.83091,2025-09-21T21:18:58.257791,21,6,1,1,0,Cloudy,8200,None,,PS-003,Chargesheet Filed
FIR-002177,Assault,2,South Division,26.860711,75.788392,2025-08-08T21:38:58.257791,21,4,1,0,0,Rain,6400,Improvised,,PS-007,Chargesheet Filed
FIR-002178,Burglary,3,Industrial Belt,26.868992,75.776096,2025-07-29T23:11:58.257791,23,1,1,0,0,Clear,3100,None,P-00170,PS-001,Under Investigation
FIR-002179,Fraud,2,North District,26.913009,75.828571,2026-05-16T02:56:58.257791,2,5,1,1,0,Cloudy,8200,None,P-00481,PS-001,Under Investigation
FIR-002180,Theft,2,Central Zone,26.888659,75.795736,2026-06-03T10:08:58.257791,10,2,0,0,0,Rain,14500,None,P-00399,PS-005,Closed
FIR-002181,Theft,2,Central Zone,26.900101,75.798468,2025-12-23T07:50:58.257791,7,1,0,0,0,Cloudy,14500,None,,PS-001,Chargesheet Filed
FIR-002182,Burglary,3,East Ward,26.912939,75.826154,2025-11-19T18:32:58.257791,18,2,0,0,0,Clear,10800,None,P-00238,PS-006,Chargesheet Filed
FIR-002183,Robbery,4,North District,26.913817,75.825402,2026-04-06T23:19:58.257791,23,0,1,0,0,Clear,8200,None,P-00422,PS-002,Chargesheet Filed
FIR-002184,Theft,1,East Ward,26.894517,75.822639,2025-11-23T21:51:58.257791,21,6,1,1,0,Clear,10800,None,P-00148,PS-007,Closed
FIR-002185,Theft,1,North District,26.91763,75.809541,2026-06-08T12:53:58.257791,12,0,0,0,0,Clear,8200,None,,PS-005,Chargesheet Filed
FIR-002186,Fraud,2,South Division,26.870978,75.80054,2025-09-04T16:56:58.257791,16,3,0,0,0,Cloudy,6400,None,,PS-007,Cold
FIR-002187,Extortion,4,East Ward,26.912907,75.828748,2025-11-03T14:33:58.257791,14,0,0,0,0,Clear,10800,None,,PS-005,Closed
FIR-002188,Assault,2,East Ward,26.914934,75.820395,2025-09-06T01:25:58.257791,1,5,1,1,0,Heatwave,10800,Firearm,,PS-006,Closed
FIR-002189,Extortion,5,South Division,26.878652,75.781102,2026-07-17T06:20:58.257791,6,4,0,0,0,Clear,6400,None,,PS-002,Closed
FIR-002190,Theft,2,East Ward,26.91388,75.829201,2025-09-13T08:18:58.257791,8,5,0,1,0,Clear,10800,None,,PS-003,Chargesheet Filed
FIR-002191,Burglary,2,Old City,26.910328,75.805115,2026-05-06T18:07:58.257791,18,2,0,0,0,Rain,16200,None,P-00338,PS-003,Under Investigation
FIR-002192,Fraud,3,Central Zone,26.904553,75.800771,2025-10-10T19:30:58.257791,19,4,0,0,0,Fog,14500,None,P-00414,PS-008,Chargesheet Filed
FIR-002193,Cybercrime,3,West Sector,26.897584,75.785791,2026-04-10T09:02:58.257791,9,4,0,0,0,Heatwave,9100,None,P-00528,PS-006,Chargesheet Filed
FIR-002194,Burglary,4,Riverside,26.873824,75.810073,2026-06-12T18:01:58.257791,18,4,0,0,0,Rain,5200,None,,PS-004,Chargesheet Filed
FIR-002195,Theft,3,Old City,26.913918,75.807053,2025-12-31T06:09:58.257791,6,2,0,0,0,Cloudy,16200,None,P-00528,PS-007,Chargesheet Filed
FIR-002196,Vehicle Theft,2,West Sector,26.898876,75.772726,2026-07-25T01:29:58.257791,1,5,1,1,0,Clear,9100,None,,PS-003,Closed
FIR-002197,Theft,2,West Sector,26.898138,75.764357,2025-11-19T01:45:58.257791,1,2,1,0,0,Clear,9100,None,P-00306,PS-004,Under Investigation
FIR-002198,Theft,2,Old City,26.919553,75.79913,2025-09-24T02:35:58.257791,2,2,1,0,0,Fog,16200,None,,PS-006,Under Investigation
FIR-002199,Vehicle Theft,2,Riverside,26.872367,75.803212,2025-11-12T06:01:58.257791,6,2,0,0,0,Rain,5200,None,P-00034,PS-005,Under Investigation
FIR-002200,Cybercrime,1,West Sector,26.889501,75.769972,2025-09-25T17:49:58.257791,17,3,0,0,0,Fog,9100,None,P-00071,PS-002,Closed
FIR-002201,Assault,4,Central Zone,26.892001,75.807511,2026-05-17T02:09:58.257791,2,6,1,1,0,Heatwave,14500,Improvised,,PS-005,Under Investigation
FIR-002202,Extortion,3,East Ward,26.896874,75.82067,2025-12-27T06:06:58.257791,6,5,0,1,0,Cloudy,10800,Blunt Object,,PS-005,Chargesheet Filed
FIR-002203,Burglary,4,East Ward,26.914083,75.841777,2025-10-23T02:33:58.257791,2,3,1,0,0,Clear,10800,None,P-00321,PS-004,Under Investigation
FIR-002204,Assault,2,East Ward,26.901643,75.838498,2026-06-10T13:24:58.257791,13,2,0,0,0,Fog,10800,None,P-00234,PS-005,Under Investigation
FIR-002205,Vehicle Theft,3,Industrial Belt,26.852258,75.774497,2025-09-03T10:05:58.257791,10,2,0,0,0,Fog,3100,None,P-00245,PS-008,Chargesheet Filed
FIR-002206,Theft,3,East Ward,26.905076,75.821368,2025-12-07T04:38:58.257791,4,6,1,1,0,Clear,10800,None,P-00226,PS-004,Chargesheet Filed
FIR-002207,Fraud,3,East Ward,26.894704,75.824448,2026-07-10T06:01:58.257791,6,4,0,0,0,Clear,10800,None,P-00306,PS-007,Chargesheet Filed
FIR-002208,Narcotics,4,East Ward,26.902917,75.835999,2025-09-23T16:52:58.257791,16,1,0,0,0,Clear,10800,None,,PS-002,Chargesheet Filed
FIR-002209,Cybercrime,3,Central Zone,26.888887,75.796116,2025-08-28T10:49:58.257791,10,3,0,0,0,Cloudy,14500,None,P-00561,PS-005,Under Investigation
FIR-002210,Burglary,2,West Sector,26.900452,75.767584,2025-07-30T20:57:58.257791,20,2,1,0,0,Fog,9100,None,P-00001,PS-005,Chargesheet Filed
FIR-002211,Fraud,2,Central Zone,26.906941,75.811094,2026-03-29T23:26:58.257791,23,6,1,1,0,Fog,14500,None,P-00167,PS-003,Under Investigation
FIR-002212,Fraud,3,Central Zone,26.901152,75.791384,2026-05-06T06:47:58.257791,6,2,0,0,0,Clear,14500,None,P-00350,PS-007,Chargesheet Filed
FIR-002213,Burglary,2,East Ward,26.908536,75.824862,2026-06-17T08:23:58.257791,8,2,0,0,0,Fog,10800,None,P-00202,PS-003,Under Investigation
FIR-002214,Burglary,4,North District,26.930017,75.809626,2026-03-27T01:44:58.257791,1,4,1,0,0,Cloudy,8200,None,,PS-006,Under Investigation
FIR-002215,Vehicle Theft,2,Old City,26.926407,75.808833,2026-01-07T17:29:58.257791,17,2,0,0,0,Rain,16200,None,,PS-004,Chargesheet Filed
FIR-002216,Burglary,3,Riverside,26.875545,75.809469,2026-07-21T13:23:58.257791,13,1,0,0,0,Clear,5200,None,P-00596,PS-004,Under Investigation
FIR-002217,Theft,3,South Division,26.863242,75.784542,2026-03-24T03:37:58.257791,3,1,1,0,0,Cloudy,6400,None,,PS-002,Under Investigation
FIR-002218,Burglary,3,Old City,26.92081,75.81399,2025-11-21T11:54:58.257791,11,4,0,0,0,Heatwave,16200,None,P-00558,PS-007,Closed
FIR-002219,Robbery,4,Industrial Belt,26.855374,75.769232,2026-03-01T15:51:58.257791,15,6,0,1,0,Fog,3100,None,,PS-008,Under Investigation
FIR-002220,Burglary,3,North District,26.911965,75.811283,2025-10-21T19:54:58.257791,19,1,0,0,0,Clear,8200,None,P-00474,PS-005,Cold
FIR-002221,Theft,2,East Ward,26.916584,75.832557,2025-10-01T02:13:58.257791,2,2,1,0,0,Cloudy,10800,None,P-00295,PS-006,Under Investigation
FIR-002222,Vehicle Theft,3,Central Zone,26.910685,75.79594,2025-12-15T14:06:58.257791,14,0,0,0,1,Cloudy,14500,None,,PS-007,Cold
FIR-002223,Narcotics,3,Industrial Belt,26.861443,75.775988,2026-01-08T08:48:58.257791,8,3,0,0,0,Clear,3100,None,,PS-003,Under Investigation
FIR-002224,Fraud,3,Central Zone,26.908297,75.789233,2026-01-12T17:26:58.257791,17,0,0,0,0,Rain,14500,None,,PS-006,Chargesheet Filed
FIR-002225,Theft,2,Riverside,26.881503,75.816259,2026-03-29T12:39:58.257791,12,6,0,1,0,Cloudy,5200,None,,PS-006,Chargesheet Filed
FIR-002226,Cybercrime,3,Central Zone,26.902797,75.791413,2026-06-11T06:22:58.257791,6,3,0,0,0,Clear,14500,None,,PS-006,Under Investigation
FIR-002227,Assault,2,South Division,26.880592,75.784789,2025-08-26T11:07:58.257791,11,1,0,0,0,Rain,6400,Firearm,P-00545,PS-008,Chargesheet Filed
FIR-002228,Kidnapping,5,Central Zone,26.897003,75.793944,2026-07-17T11:12:58.257791,11,4,0,0,0,Clear,14500,Blunt Object,P-00214,PS-002,Under Investigation
FIR-002229,Burglary,2,Old City,26.912549,75.798906,2025-10-19T18:08:58.257791,18,6,0,1,0,Clear,16200,None,P-00297,PS-002,Under Investigation
FIR-002230,Robbery,5,East Ward,26.902178,75.826384,2026-04-22T09:03:58.257791,9,2,0,0,0,Clear,10800,Knife,,PS-004,Closed
FIR-002231,Theft,2,North District,26.909158,75.813885,2025-09-17T16:30:58.257791,16,2,0,0,0,Clear,8200,None,,PS-004,Under Investigation
FIR-002232,Burglary,3,Riverside,26.883665,75.81876,2025-12-23T02:56:58.257791,2,1,1,0,0,Cloudy,5200,None,P-00131,PS-001,Closed
FIR-002233,Robbery,5,Industrial Belt,26.8518,75.779804,2025-09-09T01:21:58.257791,1,1,1,0,0,Fog,3100,Blunt Object,P-00176,PS-008,Chargesheet Filed
FIR-002234,Assault,5,Old City,26.91121,75.815899,2026-02-23T09:20:58.257791,9,0,0,0,0,Rain,16200,Firearm,P-00263,PS-005,Under Investigation
FIR-002235,Burglary,3,Riverside,26.887342,75.814699,2025-11-10T02:48:58.257791,2,0,1,0,0,Heatwave,5200,None,P-00561,PS-002,Under Investigation
FIR-002236,Assault,3,North District,26.927742,75.820897,2026-02-07T13:04:58.257791,13,5,0,1,0,Cloudy,8200,Knife,,PS-004,Closed
FIR-002237,Kidnapping,5,Central Zone,26.911371,75.800481,2025-09-07T00:14:58.257791,0,6,1,1,0,Cloudy,14500,None,P-00568,PS-008,Under Investigation
FIR-002238,Robbery,4,West Sector,26.89356,75.780215,2025-08-04T06:59:58.257791,6,0,0,0,0,Rain,9100,Firearm,P-00103,PS-005,Chargesheet Filed
FIR-002239,Kidnapping,5,South Division,26.8715,75.783872,2025-10-14T21:50:58.257791,21,1,1,0,0,Fog,6400,Knife,,PS-008,Closed
FIR-002240,Vehicle Theft,1,Riverside,26.878483,75.805853,2026-05-19T08:06:58.257791,8,1,0,0,0,Clear,5200,None,P-00122,PS-006,Under Investigation
FIR-002241,Assault,3,North District,26.918895,75.826442,2025-11-21T17:42:58.257791,17,4,0,0,0,Rain,8200,Knife,P-00405,PS-005,Closed
FIR-002242,Fraud,3,Old City,26.925889,75.800204,2026-05-30T20:28:58.257791,20,5,1,1,0,Cloudy,16200,None,,PS-002,Under Investigation
FIR-002243,Fraud,2,Old City,26.910526,75.812596,2026-06-11T11:55:58.257791,11,3,0,0,0,Rain,16200,None,,PS-005,Cold
FIR-002244,Theft,2,South Division,26.859741,75.78689,2026-01-06T22:06:58.257791,22,1,1,0,0,Rain,6400,None,P-00117,PS-007,Closed
FIR-002245,Theft,3,West Sector,26.894278,75.774714,2025-12-04T09:47:58.257791,9,3,0,0,0,Clear,9100,None,,PS-001,Under Investigation
FIR-002246,Vehicle Theft,1,Old City,26.913164,75.796438,2026-02-04T07:53:58.257791,7,2,0,0,0,Rain,16200,None,,PS-006,Cold
FIR-002247,Vehicle Theft,3,Old City,26.904841,75.804605,2026-04-10T15:52:58.257791,15,4,0,0,0,Clear,16200,None,,PS-008,Under Investigation
FIR-002248,Burglary,2,Old City,26.918927,75.793302,2026-02-27T19:34:58.257791,19,4,0,0,0,Clear,16200,None,P-00457,PS-003,Chargesheet Filed
FIR-002249,Narcotics,3,Old City,26.911287,75.808542,2026-02-09T02:13:58.257791,2,0,1,0,0,Cloudy,16200,None,,PS-004,Chargesheet Filed
FIR-002250,Burglary,2,Old City,26.926027,75.809321,2026-02-16T09:34:58.257791,9,0,0,0,0,Fog,16200,None,P-00285,PS-002,Under Investigation
FIR-002251,Burglary,3,Old City,26.904943,75.803113,2025-09-21T16:11:58.257791,16,6,0,1,0,Clear,16200,None,,PS-005,Cold
FIR-002252,Assault,2,East Ward,26.901199,75.839183,2026-02-27T17:06:58.257791,17,4,0,0,0,Clear,10800,Blunt Object,P-00495,PS-002,Chargesheet Filed
FIR-002253,Theft,1,North District,26.914259,75.816915,2025-11-10T12:12:58.257791,12,0,0,0,0,Clear,8200,None,P-00111,PS-006,Under Investigation
FIR-002254,Vehicle Theft,2,West Sector,26.904685,75.773825,2026-05-25T21:56:58.257791,21,0,1,0,0,Fog,9100,None,,PS-005,Closed
FIR-002255,Assault,5,Old City,26.920749,75.795047,2026-02-10T12:22:58.257791,12,1,0,0,0,Cloudy,16200,None,P-00161,PS-006,Under Investigation
FIR-002256,Narcotics,2,East Ward,26.89733,75.826341,2025-12-07T16:04:58.257791,16,6,0,1,0,Clear,10800,None,,PS-002,Under Investigation
FIR-002257,Assault,2,Central Zone,26.890654,75.797371,2025-07-28T20:59:58.257791,20,0,1,0,0,Cloudy,14500,Improvised,,PS-002,Closed
FIR-002258,Vehicle Theft,3,South Division,26.866708,75.786302,2026-03-01T01:20:58.257791,1,6,1,1,0,Heatwave,6400,None,,PS-001,Under Investigation
FIR-002259,Robbery,3,Central Zone,26.903388,75.796467,2025-11-01T18:17:58.257791,18,5,0,1,0,Clear,14500,Improvised,P-00285,PS-005,Under Investigation
FIR-002260,Extortion,5,East Ward,26.893848,75.838523,2025-12-31T19:51:58.257791,19,2,0,0,0,Rain,10800,None,P-00152,PS-004,Chargesheet Filed
FIR-002261,Narcotics,3,West Sector,26.887968,75.782051,2026-04-20T23:36:58.257791,23,0,1,0,0,Clear,9100,None,P-00528,PS-004,Chargesheet Filed
FIR-002262,Fraud,1,Riverside,26.891168,75.818035,2025-09-05T21:26:58.257791,21,4,1,0,0,Cloudy,5200,None,P-00489,PS-007,Chargesheet Filed
FIR-002263,Burglary,2,Old City,26.918872,75.806492,2026-05-21T04:23:58.257791,4,3,1,0,0,Cloudy,16200,None,P-00471,PS-002,Chargesheet Filed
FIR-002264,Robbery,5,North District,26.90872,75.830542,2025-10-18T10:39:58.257791,10,5,0,1,0,Clear,8200,Blunt Object,,PS-007,Under Investigation
FIR-002265,Theft,1,West Sector,26.886801,75.78584,2026-06-07T03:21:58.257791,3,6,1,1,0,Clear,9100,None,P-00389,PS-005,Under Investigation
FIR-002266,Theft,3,Central Zone,26.902429,75.811709,2026-07-12T09:30:58.257791,9,6,0,1,0,Clear,14500,None,P-00161,PS-008,Under Investigation
FIR-002267,Vehicle Theft,1,West Sector,26.900052,75.780751,2026-07-14T00:33:58.257791,0,1,1,0,0,Rain,9100,None,P-00491,PS-008,Cold
FIR-002268,Theft,3,West Sector,26.888989,75.77186,2026-03-14T21:28:58.257791,21,5,1,1,0,Cloudy,9100,None,P-00414,PS-001,Closed
FIR-002269,Narcotics,4,North District,26.915011,75.821003,2026-07-20T06:12:58.257791,6,0,0,0,0,Clear,8200,None,P-00263,PS-003,Chargesheet Filed
FIR-002270,Burglary,2,East Ward,26.914766,75.819772,2026-04-11T01:23:58.257791,1,5,1,1,0,Cloudy,10800,None,P-00438,PS-008,Under Investigation
FIR-002271,Theft,2,West Sector,26.893571,75.783139,2026-05-16T20:06:58.257791,20,5,1,1,0,Clear,9100,None,P-00121,PS-003,Chargesheet Filed
FIR-002272,Burglary,3,Old City,26.920002,75.806525,2026-02-09T21:44:58.257791,21,0,1,0,0,Cloudy,16200,None,,PS-003,Closed
FIR-002273,Vehicle Theft,3,East Ward,26.912546,75.835768,2025-12-08T12:40:58.257791,12,0,0,0,0,Clear,10800,None,P-00364,PS-007,Chargesheet Filed
FIR-002274,Assault,4,North District,26.908395,75.825683,2025-11-25T11:25:58.257791,11,1,0,0,0,Rain,8200,None,,PS-002,Closed
FIR-002275,Theft,1,East Ward,26.906544,75.833628,2026-02-16T17:19:58.257791,17,0,0,0,0,Cloudy,10800,None,,PS-006,Cold
FIR-002276,Theft,2,Old City,26.905087,75.808291,2025-10-31T06:42:58.257791,6,4,0,0,0,Clear,16200,None,P-00281,PS-002,Closed
FIR-002277,Vehicle Theft,1,West Sector,26.906886,75.77352,2025-11-21T06:53:58.257791,6,4,0,0,0,Rain,9100,None,P-00108,PS-001,Cold
FIR-002278,Robbery,3,Industrial Belt,26.851791,75.7762,2026-06-16T16:04:58.257791,16,1,0,0,0,Cloudy,3100,Blunt Object,,PS-007,Chargesheet Filed
FIR-002279,Burglary,3,South Division,26.863365,75.796584,2025-11-16T08:01:58.257791,8,6,0,1,0,Fog,6400,None,P-00278,PS-006,Under Investigation
FIR-002280,Theft,2,North District,26.923824,75.815823,2026-06-18T21:28:58.257791,21,3,1,0,0,Cloudy,8200,None,,PS-004,Closed
FIR-002281,Assault,3,South Division,26.859821,75.78403,2025-08-13T04:07:58.257791,4,2,1,0,0,Clear,6400,Improvised,,PS-006,Under Investigation
FIR-002282,Cybercrime,3,South Division,26.873866,75.796121,2026-05-04T14:25:58.257791,14,0,0,0,0,Cloudy,6400,None,P-00382,PS-007,Closed
FIR-002283,Burglary,4,North District,26.927219,75.818138,2025-10-17T04:04:58.257791,4,4,1,0,0,Heatwave,8200,None,,PS-003,Under Investigation
FIR-002284,Burglary,2,Industrial Belt,26.855341,75.778386,2026-04-12T19:34:58.257791,19,6,0,1,0,Clear,3100,None,,PS-007,Under Investigation
FIR-002285,Theft,3,West Sector,26.899117,75.786188,2026-03-23T16:51:58.257791,16,0,0,0,0,Clear,9100,None,,PS-008,Under Investigation
FIR-002286,Fraud,1,South Division,26.873139,75.795483,2026-01-06T02:16:58.257791,2,1,1,0,0,Clear,6400,None,P-00294,PS-004,Chargesheet Filed
FIR-002287,Burglary,4,East Ward,26.905747,75.840712,2025-08-12T11:29:58.257791,11,1,0,0,0,Clear,10800,None,P-00064,PS-004,Under Investigation
FIR-002288,Fraud,3,Central Zone,26.894075,75.807031,2025-08-02T05:09:58.257791,5,5,0,1,0,Clear,14500,None,P-00462,PS-002,Under Investigation
FIR-002289,Assault,4,Industrial Belt,26.868636,75.758346,2026-05-21T13:53:58.257791,13,3,0,0,0,Clear,3100,Improvised,P-00477,PS-005,Under Investigation
FIR-002290,Extortion,3,Central Zone,26.905489,75.793478,2026-05-12T08:30:58.257791,8,1,0,0,0,Cloudy,14500,Knife,,PS-008,Closed
FIR-002291,Assault,3,Industrial Belt,26.868197,75.770566,2026-02-11T06:53:58.257791,6,2,0,0,0,Heatwave,3100,None,,PS-004,Chargesheet Filed
FIR-002292,Narcotics,3,Riverside,26.881203,75.81081,2025-08-04T14:04:58.257791,14,0,0,0,0,Cloudy,5200,None,P-00480,PS-004,Under Investigation
FIR-002293,Fraud,3,North District,26.912909,75.822964,2025-11-04T07:06:58.257791,7,1,0,0,0,Clear,8200,None,,PS-008,Chargesheet Filed
FIR-002294,Theft,1,Central Zone,26.896358,75.795414,2026-02-07T01:23:58.257791,1,5,1,1,0,Clear,14500,None,P-00240,PS-002,Under Investigation
FIR-002295,Assault,4,Riverside,26.878505,75.808778,2025-09-17T20:43:58.257791,20,2,1,0,0,Cloudy,5200,Blunt Object,,PS-002,Closed
FIR-002296,Narcotics,2,Industrial Belt,26.849418,75.761746,2026-07-02T11:26:58.257791,11,3,0,0,0,Cloudy,3100,None,,PS-008,Under Investigation
FIR-002297,Extortion,3,South Division,26.87431,75.778311,2025-08-13T05:23:58.257791,5,2,0,0,0,Cloudy,6400,Blunt Object,P-00278,PS-008,Closed
FIR-002298,Assault,3,North District,26.917072,75.816198,2026-06-20T23:08:58.257791,23,5,1,1,0,Rain,8200,None,,PS-004,Cold
FIR-002299,Theft,3,Central Zone,26.89542,75.793493,2026-02-24T09:07:58.257791,9,1,0,0,0,Cloudy,14500,None,P-00130,PS-006,Under Investigation
FIR-002300,Fraud,1,Central Zone,26.911594,75.795755,2025-12-26T15:42:58.257791,15,4,0,0,0,Fog,14500,None,,PS-001,Chargesheet Filed
FIR-002301,Narcotics,3,Riverside,26.88566,75.809432,2026-01-29T21:39:58.257791,21,3,1,0,0,Fog,5200,None,P-00170,PS-006,Under Investigation
FIR-002302,Theft,2,South Division,26.859447,75.787929,2025-12-20T17:17:58.257791,17,5,0,1,0,Cloudy,6400,None,,PS-001,Cold
FIR-002303,Extortion,3,East Ward,26.89922,75.825767,2026-04-11T17:04:58.257791,17,5,0,1,0,Heatwave,10800,Blunt Object,P-00556,PS-006,Closed
FIR-002304,Cybercrime,2,South Division,26.862866,75.783785,2025-12-01T14:10:58.257791,14,0,0,0,0,Rain,6400,None,P-00403,PS-003,Under Investigation
FIR-002305,Assault,4,East Ward,26.894851,75.838726,2026-01-26T22:08:58.257791,22,0,1,0,0,Rain,10800,Blunt Object,,PS-003,Under Investigation
FIR-002306,Cybercrime,3,East Ward,26.910736,75.839792,2025-07-30T14:03:58.257791,14,2,0,0,0,Rain,10800,None,P-00278,PS-002,Closed
FIR-002307,Assault,5,Old City,26.91692,75.804105,2026-02-10T23:36:58.257791,23,1,1,0,0,Fog,16200,Blunt Object,,PS-007,Chargesheet Filed
FIR-002308,Fraud,2,Central Zone,26.903635,75.794699,2025-11-14T14:21:58.257791,14,4,0,0,0,Clear,14500,None,,PS-008,Chargesheet Filed
FIR-002309,Narcotics,2,Old City,26.922117,75.79672,2026-02-23T09:57:58.257791,9,0,0,0,0,Cloudy,16200,None,,PS-005,Under Investigation
FIR-002310,Fraud,1,Old City,26.923809,75.811343,2025-10-24T16:05:58.257791,16,4,0,0,0,Clear,16200,None,,PS-003,Under Investigation
FIR-002311,Burglary,3,Old City,26.911833,75.794546,2025-12-02T16:57:58.257791,16,1,0,0,0,Fog,16200,None,P-00121,PS-006,Closed
FIR-002312,Theft,1,East Ward,26.901332,75.823392,2025-11-25T20:07:58.257791,20,1,1,0,0,Rain,10800,None,P-00119,PS-003,Under Investigation
FIR-002313,Burglary,3,Central Zone,26.90191,75.80612,2026-07-03T03:46:58.257791,3,4,1,0,0,Cloudy,14500,None,,PS-006,Under Investigation
FIR-002314,Theft,1,South Division,26.861546,75.795739,2026-04-10T12:36:58.257791,12,4,0,0,0,Clear,6400,None,P-00397,PS-007,Under Investigation
FIR-002315,Robbery,4,East Ward,26.903518,75.819213,2026-04-27T04:15:58.257791,4,0,1,0,0,Clear,10800,Improvised,,PS-003,Under Investigation
FIR-002316,Vehicle Theft,3,East Ward,26.908357,75.827481,2026-01-28T11:19:58.257791,11,2,0,0,0,Clear,10800,None,,PS-004,Under Investigation
FIR-002317,Burglary,2,North District,26.910475,75.811785,2025-11-07T00:52:58.257791,0,4,1,0,0,Fog,8200,None,P-00111,PS-001,Under Investigation
FIR-002318,Narcotics,3,Central Zone,26.906789,75.80402,2026-02-19T03:29:58.257791,3,3,1,0,0,Clear,14500,None,P-00073,PS-002,Under Investigation
FIR-002319,Kidnapping,4,Industrial Belt,26.85349,75.76028,2025-12-04T14:36:58.257791,14,3,0,0,0,Clear,3100,None,,PS-007,Under Investigation
FIR-002320,Assault,4,Old City,26.92309,75.800345,2026-03-03T23:39:58.257791,23,1,1,0,0,Heatwave,16200,Improvised,P-00001,PS-006,Closed
FIR-002321,Burglary,2,Industrial Belt,26.863213,75.770275,2026-02-04T22:01:58.257791,22,2,1,0,0,Fog,3100,None,P-00073,PS-001,Under Investigation
FIR-002322,Narcotics,2,Industrial Belt,26.868791,75.779384,2026-02-24T16:53:58.257791,16,1,0,0,0,Rain,3100,None,P-00439,PS-001,Closed
FIR-002323,Narcotics,4,South Division,26.860543,75.797748,2026-06-05T15:12:58.257791,15,4,0,0,0,Clear,6400,None,P-00596,PS-003,Cold
FIR-002324,Fraud,2,Central Zone,26.895667,75.799295,2025-08-08T07:15:58.257791,7,4,0,0,0,Cloudy,14500,None,,PS-003,Cold
FIR-002325,Theft,1,South Division,26.87658,75.791734,2025-08-23T23:49:58.257791,23,5,1,1,0,Cloudy,6400,None,P-00549,PS-005,Chargesheet Filed
FIR-002326,Vehicle Theft,1,North District,26.922797,75.816997,2025-09-03T20:32:58.257791,20,2,1,0,0,Fog,8200,None,P-00477,PS-001,Cold
FIR-002327,Burglary,3,East Ward,26.898616,75.823337,2025-08-11T07:18:58.257791,7,0,0,0,0,Clear,10800,None,P-00103,PS-008,Chargesheet Filed
FIR-002328,Narcotics,2,Central Zone,26.90151,75.807191,2026-05-17T04:13:58.257791,4,6,1,1,0,Clear,14500,None,,PS-003,Under Investigation
FIR-002329,Burglary,4,Old City,26.924611,75.794733,2025-10-25T22:51:58.257791,22,5,1,1,0,Rain,16200,None,,PS-003,Under Investigation
FIR-002330,Assault,5,East Ward,26.906141,75.820885,2026-07-10T04:59:58.257791,4,4,1,0,0,Clear,10800,Blunt Object,,PS-007,Under Investigation
FIR-002331,Kidnapping,4,Industrial Belt,26.854685,75.780033,2026-01-09T19:21:58.257791,19,4,0,0,0,Rain,3100,Firearm,P-00445,PS-004,Under Investigation
FIR-002332,Fraud,2,Riverside,26.874014,75.807538,2026-07-13T23:14:58.257791,23,0,1,0,0,Clear,5200,None,P-00176,PS-004,Closed
FIR-002333,Fraud,2,Central Zone,26.894165,75.802307,2025-08-20T15:44:58.257791,15,2,0,0,0,Clear,14500,None,,PS-003,Chargesheet Filed
FIR-002334,Burglary,2,East Ward,26.905546,75.833374,2026-01-25T17:24:58.257791,17,6,0,1,0,Clear,10800,None,,PS-005,Closed
FIR-002335,Burglary,2,East Ward,26.900985,75.819373,2025-09-30T12:32:58.257791,12,1,0,0,0,Clear,10800,None,,PS-008,Closed
FIR-002336,Narcotics,3,West Sector,26.894717,75.765515,2025-08-10T03:58:58.257791,3,6,1,1,0,Cloudy,9100,None,,PS-008,Under Investigation
FIR-002337,Fraud,2,Central Zone,26.890997,75.810552,2026-05-16T16:05:58.257791,16,5,0,1,0,Cloudy,14500,None,,PS-001,Under Investigation
FIR-002338,Assault,4,Old City,26.924969,75.805719,2026-01-25T06:24:58.257791,6,6,0,1,0,Cloudy,16200,Knife,P-00369,PS-008,Under Investigation
FIR-002339,Fraud,1,Central Zone,26.89745,75.805511,2026-02-05T06:15:58.257791,6,3,0,0,0,Fog,14500,None,,PS-008,Under Investigation
FIR-002340,Assault,3,Central Zone,26.900026,75.791692,2026-05-07T21:25:58.257791,21,3,1,0,0,Clear,14500,Knife,,PS-005,Under Investigation
FIR-002341,Theft,3,Central Zone,26.90658,75.795887,2025-11-30T04:58:58.257791,4,6,1,1,0,Clear,14500,None,,PS-006,Under Investigation
FIR-002342,Cybercrime,1,Industrial Belt,26.863995,75.760368,2026-02-26T11:09:58.257791,11,3,0,0,0,Fog,3100,None,P-00352,PS-002,Closed
FIR-002343,Burglary,3,Central Zone,26.909274,75.791762,2026-06-23T10:55:58.257791,10,1,0,0,0,Clear,14500,None,,PS-004,Chargesheet Filed
FIR-002344,Assault,4,Central Zone,26.891256,75.804756,2025-11-11T13:39:58.257791,13,1,0,0,0,Heatwave,14500,None,,PS-006,Under Investigation
FIR-002345,Fraud,1,East Ward,26.895232,75.824095,2026-05-09T08:47:58.257791,8,5,0,1,0,Clear,10800,None,,PS-008,Chargesheet Filed
FIR-002346,Vehicle Theft,3,West Sector,26.893789,75.774117,2026-01-11T02:37:58.257791,2,6,1,1,0,Cloudy,9100,None,P-00438,PS-001,Closed
FIR-002347,Narcotics,3,South Division,26.88144,75.786073,2026-04-25T20:29:58.257791,20,5,1,1,0,Clear,6400,None,P-00336,PS-004,Closed
FIR-002348,Burglary,3,North District,26.919283,75.829805,2025-08-12T15:03:58.257791,15,1,0,0,0,Rain,8200,None,P-00531,PS-002,Cold
FIR-002349,Vehicle Theft,2,South Division,26.868304,75.793339,2025-08-06T03:42:58.257791,3,2,1,0,0,Clear,6400,None,,PS-001,Closed
FIR-002350,Robbery,5,Old City,26.913952,75.803894,2025-10-16T21:48:58.257791,21,3,1,0,0,Cloudy,16200,Blunt Object,P-00527,PS-002,Under Investigation
FIR-002351,Fraud,1,South Division,26.858769,75.790913,2025-10-27T01:17:58.257791,1,0,1,0,0,Clear,6400,None,P-00414,PS-007,Under Investigation
FIR-002352,Fraud,3,Industrial Belt,26.867966,75.771277,2025-10-09T06:11:58.257791,6,3,0,0,0,Rain,3100,None,P-00561,PS-002,Under Investigation
FIR-002353,Vehicle Theft,3,South Division,26.861951,75.791859,2026-05-10T13:32:58.257791,13,6,0,1,0,Rain,6400,None,,PS-002,Closed
FIR-002354,Fraud,3,West Sector,26.906985,75.781681,2026-06-18T10:09:58.257791,10,3,0,0,0,Clear,9100,None,,PS-004,Closed
FIR-002355,Assault,2,Central Zone,26.900711,75.796842,2026-07-23T02:04:58.257791,2,3,1,0,0,Cloudy,14500,None,P-00375,PS-008,Chargesheet Filed
FIR-002356,Extortion,3,South Division,26.864504,75.78533,2026-06-10T02:07:58.257791,2,2,1,0,0,Cloudy,6400,Firearm,P-00551,PS-001,Chargesheet Filed
FIR-002357,Kidnapping,4,West Sector,26.900438,75.770496,2025-08-18T22:06:58.257791,22,0,1,0,0,Rain,9100,Blunt Object,,PS-008,Under Investigation
FIR-002358,Robbery,4,West Sector,26.90098,75.770332,2025-10-16T23:37:58.257791,23,3,1,0,0,Cloudy,9100,Firearm,P-00152,PS-005,Cold
FIR-002359,Narcotics,2,Old City,26.922127,75.80841,2026-05-17T17:29:58.257791,17,6,0,1,0,Clear,16200,None,,PS-004,Chargesheet Filed
FIR-002360,Burglary,3,West Sector,26.903072,75.779854,2026-01-07T02:19:58.257791,2,2,1,0,0,Rain,9100,None,,PS-004,Cold
FIR-002361,Burglary,4,South Division,26.875877,75.781429,2025-08-29T19:44:58.257791,19,4,0,0,0,Rain,6400,None,,PS-001,Chargesheet Filed
FIR-002362,Theft,2,Old City,26.903049,75.808244,2026-04-06T07:58:58.257791,7,0,0,0,0,Cloudy,16200,None,P-00161,PS-001,Under Investigation
FIR-002363,Theft,2,Industrial Belt,26.850902,75.779609,2025-10-15T05:15:58.257791,5,2,0,0,1,Heatwave,3100,None,P-00292,PS-008,Closed
FIR-002364,Cybercrime,3,Central Zone,26.911829,75.80564,2025-07-27T07:58:58.257791,7,6,0,1,0,Heatwave,14500,None,P-00321,PS-007,Under Investigation
FIR-002365,Burglary,4,Industrial Belt,26.859004,75.771667,2025-07-31T07:46:58.257791,7,3,0,0,0,Rain,3100,None,,PS-001,Closed
FIR-002366,Fraud,2,Central Zone,26.897543,75.81039,2026-05-03T13:57:58.257791,13,6,0,1,0,Cloudy,14500,None,P-00321,PS-001,Under Investigation
FIR-002367,Kidnapping,4,West Sector,26.890646,75.770416,2025-11-29T20:16:58.257791,20,5,1,1,0,Cloudy,9100,Knife,P-00367,PS-006,Under Investigation
FIR-002368,Kidnapping,4,Riverside,26.884369,75.80846,2026-02-08T08:48:58.257791,8,6,0,1,0,Cloudy,5200,None,P-00494,PS-006,Chargesheet Filed
FIR-002369,Extortion,3,Old City,26.909177,75.809838,2025-08-12T15:43:58.257791,15,1,0,0,0,Clear,16200,Blunt Object,,PS-004,Under Investigation
FIR-002370,Fraud,2,Central Zone,26.89845,75.811283,2026-07-05T19:43:58.257791,19,6,0,1,0,Rain,14500,None,P-00005,PS-006,Under Investigation
FIR-002371,Theft,2,East Ward,26.916468,75.824661,2025-12-15T23:31:58.257791,23,0,1,0,1,Heatwave,10800,None,P-00501,PS-003,Cold
FIR-002372,Theft,3,South Division,26.879347,75.783754,2026-03-05T20:20:58.257791,20,3,1,0,0,Cloudy,6400,None,,PS-001,Cold
FIR-002373,Fraud,3,South Division,26.876173,75.799903,2025-10-29T21:05:58.257791,21,2,1,0,0,Clear,6400,None,,PS-005,Under Investigation
FIR-002374,Theft,1,Riverside,26.89183,75.806347,2025-10-03T06:58:58.257791,6,4,0,0,0,Clear,5200,None,P-00379,PS-001,Under Investigation
FIR-002375,Robbery,4,Industrial Belt,26.854943,75.761041,2026-06-10T04:53:58.257791,4,2,1,0,0,Cloudy,3100,Improvised,P-00481,PS-007,Closed
FIR-002376,Narcotics,2,Industrial Belt,26.855527,75.758599,2026-01-05T11:16:58.257791,11,0,0,0,0,Cloudy,3100,None,P-00139,PS-006,Closed
FIR-002377,Fraud,2,North District,26.924675,75.816718,2025-09-09T09:42:58.257791,9,1,0,0,0,Rain,8200,None,,PS-004,Closed
FIR-002378,Cybercrime,2,East Ward,26.912263,75.824411,2026-05-24T04:04:58.257791,4,6,1,1,0,Clear,10800,None,,PS-006,Closed
FIR-002379,Theft,1,North District,26.93051,75.818005,2025-08-29T13:22:58.257791,13,4,0,0,0,Clear,8200,None,P-00207,PS-007,Under Investigation
FIR-002380,Theft,1,Central Zone,26.89106,75.804204,2026-07-20T07:40:58.257791,7,0,0,0,0,Clear,14500,None,P-00564,PS-008,Under Investigation
FIR-002381,Vehicle Theft,1,Old City,26.916989,75.803625,2025-09-12T17:57:58.257791,17,4,0,0,0,Clear,16200,None,,PS-005,Under Investigation
FIR-002382,Fraud,2,Riverside,26.881291,75.816343,2026-05-30T15:07:58.257791,15,5,0,1,0,Clear,5200,None,,PS-002,Chargesheet Filed
FIR-002383,Vehicle Theft,1,Riverside,26.885468,75.810509,2026-04-15T21:22:58.257791,21,2,1,0,1,Rain,5200,None,P-00389,PS-001,Under Investigation
FIR-002384,Theft,1,East Ward,26.899783,75.838144,2026-04-12T19:25:58.257791,19,6,0,1,0,Clear,10800,None,P-00034,PS-002,Closed
FIR-002385,Cybercrime,3,Riverside,26.885296,75.813775,2026-01-16T06:36:58.257791,6,4,0,0,0,Clear,5200,None,,PS-001,Closed
FIR-002386,Assault,4,Industrial Belt,26.858032,75.779353,2025-11-23T19:57:58.257791,19,6,0,1,0,Clear,3100,None,,PS-003,Cold
FIR-002387,Burglary,4,Riverside,26.870754,75.814936,2026-03-04T08:44:58.257791,8,2,0,0,0,Clear,5200,None,,PS-006,Closed
FIR-002388,Narcotics,4,Riverside,26.880222,75.81144,2026-02-14T22:54:58.257791,22,5,1,1,0,Cloudy,5200,None,,PS-006,Closed
FIR-002389,Theft,1,Riverside,26.869897,75.818242,2026-02-10T18:46:58.257791,18,1,0,0,0,Cloudy,5200,None,,PS-006,Under Investigation
FIR-002390,Fraud,2,Old City,26.911506,75.813415,2026-04-06T16:48:58.257791,16,0,0,0,0,Fog,16200,None,,PS-002,Under Investigation
FIR-002391,Robbery,5,Central Zone,26.901675,75.806091,2026-05-17T13:13:58.257791,13,6,0,1,0,Rain,14500,Blunt Object,P-00090,PS-005,Under Investigation
FIR-002392,Extortion,3,East Ward,26.912063,75.821124,2025-10-08T17:36:58.257791,17,2,0,0,0,Fog,10800,None,P-00161,PS-008,Cold
FIR-002393,Extortion,4,Industrial Belt,26.85037,75.763222,2026-05-05T09:15:58.257791,9,1,0,0,0,Clear,3100,Firearm,,PS-006,Closed
FIR-002394,Vehicle Theft,3,West Sector,26.887802,75.76889,2026-02-14T21:23:58.257791,21,5,1,1,0,Rain,9100,None,,PS-001,Closed
FIR-002395,Robbery,5,West Sector,26.89573,75.77655,2026-06-16T02:44:58.257791,2,1,1,0,0,Clear,9100,None,,PS-003,Under Investigation
FIR-002396,Burglary,4,East Ward,26.902955,75.82141,2026-02-02T06:30:58.257791,6,0,0,0,0,Clear,10800,None,P-00491,PS-003,Under Investigation
FIR-002397,Burglary,3,West Sector,26.885946,75.767941,2025-11-23T20:42:58.257791,20,6,1,1,0,Clear,9100,None,,PS-006,Cold
FIR-002398,Cybercrime,1,East Ward,26.914722,75.836802,2026-03-24T11:43:58.257791,11,1,0,0,0,Rain,10800,None,,PS-003,Chargesheet Filed
FIR-002399,Theft,1,North District,26.921537,75.816709,2026-03-16T08:56:58.257791,8,0,0,0,0,Cloudy,8200,None,,PS-003,Chargesheet Filed
FIR-002400,Fraud,3,Old City,26.908125,75.795292,2026-05-15T03:08:58.257791,3,4,1,0,1,Cloudy,16200,None,,PS-005,Closed
FIR-002401,Burglary,4,East Ward,26.895969,75.830686,2025-08-11T17:04:58.257791,17,0,0,0,0,Clear,10800,None,,PS-007,Cold
FIR-002402,Fraud,3,Riverside,26.874168,75.80957,2026-06-17T19:47:58.257791,19,2,0,0,0,Clear,5200,None,,PS-001,Chargesheet Filed
FIR-002403,Theft,2,North District,26.913926,75.819239,2026-06-29T19:09:58.257791,19,0,0,0,0,Clear,8200,None,,PS-007,Under Investigation
FIR-002404,Narcotics,3,North District,26.923464,75.812521,2026-05-02T08:21:58.257791,8,5,0,1,0,Rain,8200,None,,PS-005,Under Investigation
FIR-002405,Burglary,3,West Sector,26.904242,75.774821,2026-05-25T01:30:58.257791,1,0,1,0,0,Clear,9100,None,P-00131,PS-008,Closed
FIR-002406,Theft,3,West Sector,26.895613,75.771263,2026-07-07T03:54:58.257791,3,1,1,0,0,Clear,9100,None,P-00214,PS-005,Under Investigation
FIR-002407,Vehicle Theft,2,North District,26.925076,75.820822,2026-07-26T06:03:58.257791,6,6,0,1,0,Cloudy,8200,None,P-00384,PS-005,Under Investigation
FIR-002408,Robbery,5,Old City,26.924226,75.811525,2026-07-03T03:20:58.257791,3,4,1,0,0,Clear,16200,Improvised,P-00477,PS-005,Under Investigation
FIR-002409,Narcotics,4,South Division,26.872154,75.790629,2026-02-08T12:35:58.257791,12,6,0,1,0,Heatwave,6400,None,P-00469,PS-001,Under Investigation
FIR-002410,Assault,5,Industrial Belt,26.862209,75.764955,2026-01-05T03:17:58.257791,3,0,1,0,0,Clear,3100,Blunt Object,,PS-008,Closed
FIR-002411,Theft,2,Old City,26.920911,75.794882,2026-04-19T12:24:58.257791,12,6,0,1,0,Rain,16200,None,P-00429,PS-006,Closed
FIR-002412,Fraud,1,Central Zone,26.890754,75.801447,2026-06-18T04:41:58.257791,4,3,1,0,0,Cloudy,14500,None,,PS-003,Under Investigation
FIR-002413,Assault,5,East Ward,26.904698,75.82814,2026-06-13T18:56:58.257791,18,5,0,1,0,Cloudy,10800,Improvised,P-00148,PS-007,Chargesheet Filed
FIR-002414,Assault,2,West Sector,26.899992,75.776295,2026-05-11T13:47:58.257791,13,0,0,0,0,Cloudy,9100,Knife,,PS-001,Under Investigation
FIR-002415,Fraud,1,Old City,26.915111,75.802787,2025-09-27T18:41:58.257791,18,5,0,1,0,Clear,16200,None,P-00056,PS-007,Under Investigation
FIR-002416,Burglary,4,North District,26.926413,75.826268,2026-04-03T04:28:58.257791,4,4,1,0,0,Clear,8200,None,,PS-007,Under Investigation
FIR-002417,Theft,2,East Ward,26.908148,75.826473,2026-07-04T18:33:58.257791,18,5,0,1,0,Cloudy,10800,None,,PS-003,Under Investigation
FIR-002418,Narcotics,4,East Ward,26.909614,75.841007,2026-03-31T15:48:58.257791,15,1,0,0,0,Cloudy,10800,None,P-00504,PS-003,Closed
FIR-002419,Theft,2,Riverside,26.871727,75.805965,2025-11-04T19:13:58.257791,19,1,0,0,0,Clear,5200,None,P-00159,PS-005,Under Investigation
FIR-002420,Vehicle Theft,3,Industrial Belt,26.859617,75.768663,2026-01-10T01:18:58.257791,1,5,1,1,0,Cloudy,3100,None,P-00527,PS-003,Under Investigation
FIR-002421,Theft,3,Riverside,26.86967,75.805189,2026-01-14T11:45:58.257791,11,2,0,0,0,Cloudy,5200,None,,PS-008,Closed
FIR-002422,Fraud,1,Central Zone,26.908819,75.788716,2026-03-24T08:55:58.257791,8,1,0,0,0,Cloudy,14500,None,,PS-002,Cold
FIR-002423,Kidnapping,5,Industrial Belt,26.869297,75.781504,2026-05-27T19:21:58.257791,19,2,0,0,0,Rain,3100,Blunt Object,,PS-005,Closed
FIR-002424,Theft,1,Old City,26.911838,75.803157,2025-09-11T07:58:58.257791,7,3,0,0,0,Rain,16200,None,,PS-004,Chargesheet Filed
FIR-002425,Burglary,4,Old City,26.911921,75.796466,2025-11-14T22:13:58.257791,22,4,1,0,0,Rain,16200,None,P-00400,PS-008,Chargesheet Filed
FIR-002426,Robbery,5,Riverside,26.886222,75.815907,2026-04-03T00:11:58.257791,0,4,1,0,0,Rain,5200,Knife,,PS-004,Closed
FIR-002427,Vehicle Theft,3,Central Zone,26.911163,75.789727,2026-03-20T06:08:58.257791,6,4,0,0,0,Fog,14500,None,,PS-002,Under Investigation
FIR-002428,Extortion,3,Old City,26.921502,75.802477,2026-06-03T00:33:58.257791,0,2,1,0,0,Clear,16200,Blunt Object,,PS-006,Under Investigation
FIR-002429,Fraud,1,Central Zone,26.903109,75.808084,2025-11-18T12:46:58.257791,12,1,0,0,0,Rain,14500,None,P-00294,PS-004,Cold
FIR-002430,Extortion,3,North District,26.916609,75.809853,2026-02-13T00:15:58.257791,0,4,1,0,0,Clear,8200,Improvised,P-00334,PS-008,Chargesheet Filed
FIR-002431,Narcotics,4,Industrial Belt,26.850594,75.762908,2026-07-26T13:54:58.257791,13,6,0,1,0,Fog,3100,None,,PS-004,Chargesheet Filed
FIR-002432,Fraud,3,Old City,26.912975,75.815344,2026-03-27T17:31:58.257791,17,4,0,0,0,Heatwave,16200,None,P-00461,PS-003,Chargesheet Filed
FIR-002433,Assault,2,East Ward,26.901031,75.825157,2026-05-20T17:25:58.257791,17,2,0,0,0,Clear,10800,None,,PS-008,Under Investigation
FIR-002434,Fraud,1,Central Zone,26.895816,75.804891,2026-05-23T13:15:58.257791,13,5,0,1,0,Cloudy,14500,None,P-00596,PS-008,Under Investigation
FIR-002435,Narcotics,2,East Ward,26.916535,75.827386,2026-05-16T01:04:58.257791,1,5,1,1,0,Rain,10800,None,,PS-008,Chargesheet Filed
FIR-002436,Assault,4,South Division,26.859818,75.789993,2025-10-14T20:06:58.257791,20,1,1,0,0,Clear,6400,Improvised,P-00107,PS-002,Closed
FIR-002437,Fraud,2,Central Zone,26.906069,75.79935,2026-06-12T14:14:58.257791,14,4,0,0,0,Clear,14500,None,,PS-006,Under Investigation
FIR-002438,Narcotics,4,East Ward,26.906123,75.831353,2025-10-14T01:35:58.257791,1,1,1,0,0,Clear,10800,None,,PS-007,Under Investigation
FIR-002439,Vehicle Theft,3,Old City,26.925281,75.812137,2025-10-11T22:26:58.257791,22,5,1,1,0,Rain,16200,None,P-00109,PS-008,Closed
FIR-002440,Fraud,3,South Division,26.873574,75.785208,2026-02-03T17:48:58.257791,17,1,0,0,0,Clear,6400,None,,PS-007,Closed
FIR-002441,Burglary,2,West Sector,26.893916,75.766621,2026-04-08T02:17:58.257791,2,2,1,0,0,Clear,9100,None,P-00094,PS-001,Cold
FIR-002442,Robbery,3,North District,26.930431,75.819524,2026-05-04T05:37:58.257791,5,0,0,0,0,Cloudy,8200,Firearm,P-00231,PS-001,Chargesheet Filed
FIR-002443,Theft,1,West Sector,26.896488,75.778402,2025-09-21T13:51:58.257791,13,6,0,1,0,Clear,9100,None,,PS-007,Closed
FIR-002444,Robbery,4,South Division,26.870753,75.796527,2025-12-07T02:22:58.257791,2,6,1,1,0,Clear,6400,Blunt Object,P-00310,PS-004,Chargesheet Filed
FIR-002445,Cybercrime,1,Old City,26.910208,75.803661,2025-12-25T06:39:58.257791,6,3,0,0,0,Clear,16200,None,P-00429,PS-007,Cold
FIR-002446,Burglary,4,Central Zone,26.89833,75.809421,2026-03-29T12:48:58.257791,12,6,0,1,0,Fog,14500,None,P-00454,PS-002,Under Investigation
FIR-002447,Vehicle Theft,1,Central Zone,26.894919,75.795517,2026-04-01T03:04:58.257791,3,2,1,0,0,Cloudy,14500,None,P-00121,PS-002,Closed
FIR-002448,Fraud,1,North District,26.922984,75.828743,2026-06-15T18:07:58.257791,18,0,0,0,1,Cloudy,8200,None,,PS-007,Under Investigation
FIR-002449,Cybercrime,2,North District,26.917064,75.821731,2026-01-24T12:22:58.257791,12,5,0,1,0,Cloudy,8200,None,,PS-006,Closed
FIR-002450,Cybercrime,1,East Ward,26.902333,75.826756,2025-09-12T08:39:58.257791,8,4,0,0,0,Clear,10800,None,,PS-006,Closed
FIR-002451,Burglary,4,Old City,26.92393,75.803864,2026-04-12T17:29:58.257791,17,6,0,1,0,Cloudy,16200,None,P-00573,PS-005,Cold
FIR-002452,Assault,4,Central Zone,26.892346,75.799493,2026-05-30T05:55:58.257791,5,5,0,1,0,Fog,14500,Firearm,P-00367,PS-004,Under Investigation
FIR-002453,Assault,4,Central Zone,26.897204,75.807556,2025-10-07T01:23:58.257791,1,1,1,0,0,Clear,14500,Improvised,,PS-002,Cold
FIR-002454,Robbery,5,Old City,26.915909,75.816362,2026-04-18T09:12:58.257791,9,5,0,1,0,Clear,16200,Improvised,P-00139,PS-001,Closed
FIR-002455,Burglary,4,North District,26.910719,75.813523,2025-08-26T04:28:58.257791,4,1,1,0,0,Clear,8200,None,P-00272,PS-005,Under Investigation
FIR-002456,Cybercrime,2,Old City,26.91281,75.813633,2025-08-30T12:05:58.257791,12,5,0,1,0,Clear,16200,None,,PS-008,Under Investigation
FIR-002457,Cybercrime,2,Central Zone,26.89607,75.792852,2026-06-04T01:06:58.257791,1,3,1,0,0,Fog,14500,None,,PS-004,Chargesheet Filed
FIR-002458,Robbery,5,West Sector,26.883483,75.772503,2026-03-25T04:50:58.257791,4,2,1,0,0,Fog,9100,Improvised,,PS-003,Chargesheet Filed
FIR-002459,Robbery,5,North District,26.915805,75.819297,2026-02-17T18:24:58.257791,18,1,0,0,0,Cloudy,8200,Improvised,,PS-003,Chargesheet Filed
FIR-002460,Burglary,4,Old City,26.925367,75.803936,2025-11-01T08:45:58.257791,8,5,0,1,0,Fog,16200,None,,PS-004,Chargesheet Filed
FIR-002461,Vehicle Theft,2,Riverside,26.880078,75.805822,2026-02-21T18:27:58.257791,18,5,0,1,0,Cloudy,5200,None,P-00009,PS-001,Closed
FIR-002462,Theft,2,Central Zone,26.89177,75.802635,2026-01-29T14:53:58.257791,14,3,0,0,0,Clear,14500,None,,PS-001,Closed
FIR-002463,Fraud,1,North District,26.917714,75.811545,2026-03-10T13:05:58.257791,13,1,0,0,0,Rain,8200,None,P-00247,PS-005,Under Investigation
FIR-002464,Burglary,3,North District,26.910906,75.819012,2026-06-10T03:33:58.257791,3,2,1,0,0,Clear,8200,None,P-00437,PS-008,Under Investigation
FIR-002465,Vehicle Theft,3,Old City,26.914048,75.793823,2026-01-04T10:56:58.257791,10,6,0,1,0,Rain,16200,None,P-00382,PS-005,Under Investigation
FIR-002466,Theft,1,West Sector,26.9008,75.77113,2026-01-04T00:35:58.257791,0,6,1,1,0,Cloudy,9100,None,,PS-003,Under Investigation
FIR-002467,Fraud,1,Central Zone,26.896381,75.80714,2026-06-09T04:53:58.257791,4,1,1,0,0,Rain,14500,None,,PS-007,Closed
FIR-002468,Assault,3,South Division,26.871267,75.796753,2025-08-28T22:25:58.257791,22,3,1,0,0,Clear,6400,Knife,,PS-008,Chargesheet Filed
FIR-002469,Fraud,1,East Ward,26.895679,75.841485,2026-01-13T01:19:58.257791,1,1,1,0,0,Cloudy,10800,None,,PS-003,Under Investigation
FIR-002470,Cybercrime,3,Central Zone,26.892613,75.788848,2025-09-17T09:06:58.257791,9,2,0,0,0,Clear,14500,None,,PS-006,Closed
FIR-002471,Burglary,3,North District,26.926681,75.826311,2026-05-09T02:34:58.257791,2,5,1,1,0,Fog,8200,None,,PS-007,Under Investigation
FIR-002472,Theft,2,Central Zone,26.899395,75.796913,2026-02-14T07:12:58.257791,7,5,0,1,0,Cloudy,14500,None,,PS-006,Under Investigation
FIR-002473,Assault,5,Central Zone,26.899553,75.803815,2026-01-10T02:57:58.257791,2,5,1,1,0,Rain,14500,Firearm,P-00011,PS-001,Under Investigation
FIR-002474,Vehicle Theft,1,Old City,26.918076,75.814887,2026-04-25T14:30:58.257791,14,5,0,1,0,Rain,16200,None,,PS-008,Under Investigation
FIR-002475,Assault,3,West Sector,26.884115,75.763511,2026-04-10T03:39:58.257791,3,4,1,0,0,Clear,9100,None,P-00100,PS-005,Under Investigation
FIR-002476,Vehicle Theft,1,North District,26.917746,75.808331,2026-03-23T17:50:58.257791,17,0,0,0,0,Rain,8200,None,,PS-007,Chargesheet Filed
FIR-002477,Assault,5,Riverside,26.870144,75.81355,2025-09-09T04:31:58.257791,4,1,1,0,0,Clear,5200,Blunt Object,P-00207,PS-006,Under Investigation
FIR-002478,Cybercrime,3,North District,26.922092,75.811123,2026-01-02T04:26:58.257791,4,4,1,0,0,Clear,8200,None,P-00295,PS-001,Cold
FIR-002479,Assault,4,West Sector,26.900738,75.783455,2026-06-02T03:30:58.257791,3,1,1,0,0,Clear,9100,Improvised,,PS-001,Cold
FIR-002480,Robbery,4,Central Zone,26.891363,75.791954,2026-06-27T06:04:58.257791,6,5,0,1,0,Cloudy,14500,Improvised,P-00561,PS-002,Closed
FIR-002481,Vehicle Theft,2,East Ward,26.913908,75.834029,2025-11-17T01:13:58.257791,1,0,1,0,0,Clear,10800,None,P-00469,PS-007,Under Investigation
FIR-002482,Theft,2,Central Zone,26.893081,75.809772,2026-06-02T19:40:58.257791,19,1,0,0,0,Clear,14500,None,,PS-001,Under Investigation
FIR-002483,Vehicle Theft,1,Industrial Belt,26.868212,75.760508,2026-05-04T11:42:58.257791,11,0,0,0,0,Rain,3100,None,P-00431,PS-007,Under Investigation
FIR-002484,Burglary,3,South Division,26.877791,75.800858,2026-05-12T12:23:58.257791,12,1,0,0,0,Fog,6400,None,P-00100,PS-007,Cold
FIR-002485,Burglary,4,Industrial Belt,26.861094,75.767113,2026-05-09T21:05:58.257791,21,5,1,1,0,Fog,3100,None,P-00131,PS-002,Under Investigation
FIR-002486,Assault,3,North District,26.916873,75.813559,2025-12-03T04:07:58.257791,4,2,1,0,0,Fog,8200,Knife,P-00256,PS-007,Under Investigation
FIR-002487,Fraud,1,South Division,26.876879,75.800658,2026-05-26T10:19:58.257791,10,1,0,0,0,Clear,6400,None,,PS-008,Chargesheet Filed
FIR-002488,Robbery,5,East Ward,26.906538,75.830135,2026-01-01T09:08:58.257791,9,3,0,0,0,Clear,10800,None,,PS-008,Cold
FIR-002489,Extortion,3,East Ward,26.914451,75.82214,2025-09-10T04:40:58.257791,4,2,1,0,0,Cloudy,10800,None,,PS-005,Chargesheet Filed
FIR-002490,Theft,2,Old City,26.9093,75.795515,2026-03-12T20:48:58.257791,20,3,1,0,0,Clear,16200,None,P-00193,PS-005,Cold
FIR-002491,Extortion,4,Old City,26.920725,75.799859,2026-04-09T17:31:58.257791,17,3,0,0,0,Clear,16200,Firearm,,PS-002,Closed
FIR-002492,Assault,2,Riverside,26.874103,75.810144,2025-09-23T01:50:58.257791,1,1,1,0,0,Rain,5200,Knife,,PS-001,Closed
FIR-002493,Cybercrime,3,Old City,26.906955,75.814575,2025-11-02T08:06:58.257791,8,6,0,1,0,Cloudy,16200,None,,PS-007,Under Investigation
FIR-002494,Burglary,3,Old City,26.903082,75.797089,2025-12-18T15:34:58.257791,15,3,0,0,0,Clear,16200,None,,PS-004,Under Investigation
FIR-002495,Fraud,1,Central Zone,26.907614,75.798326,2026-01-09T05:12:58.257791,5,4,0,0,0,Clear,14500,None,P-00081,PS-004,Closed
FIR-002496,Theft,3,Industrial Belt,26.856438,75.780314,2026-07-14T05:13:58.257791,5,1,0,0,0,Clear,3100,None,,PS-006,Chargesheet Filed
FIR-002497,Robbery,5,Riverside,26.869482,75.819714,2026-01-15T18:14:58.257791,18,3,0,0,1,Clear,5200,Improvised,,PS-003,Closed
FIR-002498,Burglary,2,South Division,26.874614,75.782424,2026-03-24T20:00:58.257791,20,1,1,0,0,Clear,6400,None,,PS-008,Closed
FIR-002499,Assault,3,North District,26.911712,75.817826,2025-11-30T22:17:58.257791,22,6,1,1,0,Cloudy,8200,Blunt Object,P-00527,PS-008,Under Investigation
FIR-002500,Theft,3,Riverside,26.888269,75.816296,2026-01-14T10:41:58.257791,10,2,0,0,0,Cloudy,5200,None,P-00334,PS-008,Chargesheet Filed
FIR-002501,Vehicle Theft,1,East Ward,26.89783,75.829736,2025-10-12T12:09:58.257791,12,6,0,1,0,Clear,10800,None,,PS-008,Under Investigation
FIR-002502,Narcotics,2,Riverside,26.889836,75.805928,2026-02-18T07:23:58.257791,7,2,0,0,0,Clear,5200,None,P-00306,PS-008,Closed
FIR-002503,Theft,3,Central Zone,26.90507,75.792953,2025-10-29T19:03:58.257791,19,2,0,0,0,Clear,14500,None,P-00336,PS-001,Under Investigation
FIR-002504,Theft,1,West Sector,26.8987,75.782092,2025-11-10T11:34:58.257791,11,0,0,0,0,Cloudy,9100,None,,PS-002,Closed
FIR-002505,Burglary,3,North District,26.911244,75.8094,2026-02-18T02:25:58.257791,2,2,1,0,0,Rain,8200,None,P-00443,PS-004,Closed
FIR-002506,Theft,1,Riverside,26.876487,75.816597,2026-06-06T14:46:58.257791,14,5,0,1,0,Clear,5200,None,,PS-004,Closed
FIR-002507,Fraud,2,East Ward,26.906915,75.820027,2025-09-13T05:22:58.257791,5,5,0,1,0,Clear,10800,None,,PS-007,Under Investigation
FIR-002508,Theft,2,South Division,26.858909,75.781388,2025-10-28T01:36:58.257791,1,1,1,0,0,Clear,6400,None,,PS-003,Chargesheet Filed
FIR-002509,Theft,2,West Sector,26.885514,75.781764,2026-04-06T11:31:58.257791,11,0,0,0,0,Cloudy,9100,None,,PS-003,Chargesheet Filed
FIR-002510,Burglary,3,Riverside,26.871009,75.799448,2026-06-19T21:41:58.257791,21,4,1,0,0,Rain,5200,None,P-00071,PS-006,Chargesheet Filed
FIR-002511,Assault,2,Riverside,26.868892,75.821972,2026-05-20T09:50:58.257791,9,2,0,0,0,Cloudy,5200,Knife,P-00258,PS-007,Closed
FIR-002512,Robbery,4,South Division,26.871372,75.797429,2026-02-02T19:25:58.257791,19,0,0,0,0,Clear,6400,None,,PS-005,Under Investigation
FIR-002513,Cybercrime,1,Industrial Belt,26.870165,75.776106,2026-03-24T23:54:58.257791,23,1,1,0,0,Cloudy,3100,None,,PS-004,Closed
FIR-002514,Narcotics,4,East Ward,26.908959,75.82225,2025-10-13T18:49:58.257791,18,0,0,0,0,Clear,10800,None,,PS-008,Under Investigation
FIR-002515,Narcotics,4,Central Zone,26.898773,75.800562,2026-06-25T03:22:58.257791,3,3,1,0,0,Clear,14500,None,P-00399,PS-003,Under Investigation
FIR-002516,Cybercrime,1,Central Zone,26.902305,75.807828,2025-11-20T10:58:58.257791,10,3,0,0,0,Fog,14500,None,P-00431,PS-008,Closed
FIR-002517,Vehicle Theft,3,Central Zone,26.893972,75.804414,2026-01-10T01:53:58.257791,1,5,1,1,0,Clear,14500,None,,PS-005,Closed
FIR-002518,Robbery,4,Riverside,26.876664,75.804438,2025-12-23T01:32:58.257791,1,1,1,0,0,Clear,5200,Blunt Object,P-00056,PS-003,Chargesheet Filed
FIR-002519,Vehicle Theft,3,Central Zone,26.893812,75.808214,2026-03-03T00:16:58.257791,0,1,1,0,0,Clear,14500,None,P-00464,PS-006,Closed
FIR-002520,Assault,2,Central Zone,26.908988,75.799995,2026-01-15T11:06:58.257791,11,3,0,0,1,Cloudy,14500,Improvised,P-00034,PS-001,Chargesheet Filed
FIR-002521,Narcotics,3,North District,26.931793,75.824959,2025-10-08T21:31:58.257791,21,2,1,0,0,Fog,8200,None,P-00145,PS-004,Under Investigation
FIR-002522,Theft,1,Old City,26.90417,75.800497,2026-02-03T15:17:58.257791,15,1,0,0,0,Cloudy,16200,None,P-00457,PS-004,Cold
FIR-002523,Assault,3,Industrial Belt,26.867427,75.767197,2026-01-09T22:51:58.257791,22,4,1,0,0,Rain,3100,Knife,,PS-002,Cold
FIR-002524,Burglary,2,Old City,26.912099,75.800028,2025-10-01T06:16:58.257791,6,2,0,0,0,Rain,16200,None,,PS-003,Under Investigation
FIR-002525,Robbery,5,North District,26.915082,75.819163,2026-03-26T20:35:58.257791,20,3,1,0,0,Clear,8200,None,,PS-006,Chargesheet Filed
FIR-002526,Theft,3,East Ward,26.893279,75.838196,2026-06-18T12:14:58.257791,12,3,0,0,0,Clear,10800,None,,PS-006,Under Investigation
FIR-002527,Assault,3,South Division,26.866755,75.786858,2025-11-23T14:13:58.257791,14,6,0,1,0,Clear,6400,Knife,P-00312,PS-006,Under Investigation
FIR-002528,Narcotics,4,North District,26.926801,75.817033,2026-06-24T18:00:58.257791,18,2,0,0,0,Rain,8200,None,,PS-001,Under Investigation
FIR-002529,Theft,1,West Sector,26.891792,75.773698,2026-02-27T18:01:58.257791,18,4,0,0,0,Clear,9100,None,P-00073,PS-005,Closed
FIR-002530,Theft,2,West Sector,26.90373,75.777977,2025-09-08T09:12:58.257791,9,0,0,0,0,Clear,9100,None,,PS-008,Closed
FIR-002531,Burglary,3,Old City,26.925653,75.805543,2026-01-20T23:16:58.257791,23,1,1,0,0,Heatwave,16200,None,,PS-002,Under Investigation
FIR-002532,Burglary,2,Old City,26.905247,75.799193,2025-11-30T21:21:58.257791,21,6,1,1,0,Heatwave,16200,None,,PS-002,Under Investigation
FIR-002533,Cybercrime,2,Old City,26.908204,75.814967,2026-04-09T03:14:58.257791,3,3,1,0,0,Fog,16200,None,,PS-008,Under Investigation
FIR-002534,Theft,2,Old City,26.912655,75.800708,2025-12-08T20:27:58.257791,20,0,1,0,0,Fog,16200,None,,PS-006,Closed
FIR-002535,Burglary,2,East Ward,26.908589,75.837081,2026-03-27T17:43:58.257791,17,4,0,0,0,Clear,10800,None,,PS-007,Chargesheet Filed
FIR-002536,Narcotics,2,North District,26.910485,75.811017,2025-08-10T05:57:58.257791,5,6,0,1,0,Clear,8200,None,P-00160,PS-002,Closed
FIR-002537,Extortion,4,East Ward,26.904283,75.827136,2026-06-23T20:20:58.257791,20,1,1,0,0,Clear,10800,Blunt Object,,PS-005,Under Investigation
FIR-002538,Cybercrime,2,North District,26.914978,75.811117,2025-08-28T15:40:58.257791,15,3,0,0,0,Fog,8200,None,P-00056,PS-008,Closed
FIR-002539,Burglary,3,Industrial Belt,26.866295,75.762141,2025-12-21T19:58:58.257791,19,6,0,1,0,Clear,3100,None,,PS-002,Chargesheet Filed
FIR-002540,Assault,5,Central Zone,26.891468,75.80983,2026-03-26T04:47:58.257791,4,3,1,0,0,Clear,14500,Knife,P-00104,PS-001,Closed
FIR-002541,Theft,3,Riverside,26.874281,75.799316,2025-12-23T22:38:58.257791,22,1,1,0,0,Clear,5200,None,P-00443,PS-006,Under Investigation
FIR-002542,Robbery,4,Old City,26.910646,75.794551,2026-06-05T22:06:58.257791,22,4,1,0,0,Clear,16200,Firearm,,PS-007,Under Investigation
FIR-002543,Burglary,3,Central Zone,26.888229,75.78881,2025-11-22T21:18:58.257791,21,5,1,1,0,Rain,14500,None,P-00596,PS-005,Under Investigation
FIR-002544,Cybercrime,3,Old City,26.919183,75.808378,2025-11-13T09:50:58.257791,9,3,0,0,0,Cloudy,16200,None,,PS-004,Closed
FIR-002545,Vehicle Theft,3,Old City,26.914605,75.803278,2025-08-02T09:25:58.257791,9,5,0,1,0,Cloudy,16200,None,,PS-006,Closed
FIR-002546,Burglary,2,West Sector,26.889583,75.779692,2025-09-22T11:42:58.257791,11,0,0,0,0,Rain,9100,None,P-00208,PS-005,Closed
FIR-002547,Assault,5,Riverside,26.873967,75.816217,2025-11-27T01:08:58.257791,1,3,1,0,0,Rain,5200,Blunt Object,P-00087,PS-006,Under Investigation
FIR-002548,Fraud,2,Industrial Belt,26.849171,75.781604,2025-11-26T20:33:58.257791,20,2,1,0,0,Rain,3100,None,,PS-004,Closed
FIR-002549,Vehicle Theft,3,North District,26.918745,75.823462,2025-09-24T10:11:58.257791,10,2,0,0,0,Cloudy,8200,None,,PS-006,Under Investigation
FIR-002550,Assault,3,North District,26.920053,75.820735,2026-06-28T04:53:58.257791,4,6,1,1,0,Cloudy,8200,Blunt Object,P-00117,PS-007,Closed
FIR-002551,Vehicle Theft,1,West Sector,26.889912,75.773224,2025-11-09T17:47:58.257791,17,6,0,1,0,Cloudy,9100,None,,PS-002,Closed
FIR-002552,Cybercrime,2,Riverside,26.87226,75.809711,2025-08-14T16:37:58.257791,16,3,0,0,0,Rain,5200,None,,PS-001,Closed
FIR-002553,Theft,1,East Ward,26.896602,75.834026,2026-06-26T19:16:58.257791,19,4,0,0,0,Cloudy,10800,None,P-00437,PS-006,Closed
FIR-002554,Theft,2,Riverside,26.877364,75.809961,2025-10-10T23:04:58.257791,23,4,1,0,0,Clear,5200,None,P-00491,PS-004,Closed
FIR-002555,Assault,2,West Sector,26.905991,75.769269,2026-03-02T21:18:58.257791,21,0,1,0,0,Clear,9100,Knife,P-00569,PS-008,Closed
FIR-002556,Burglary,3,South Division,26.87871,75.782318,2025-10-08T00:11:58.257791,0,2,1,0,0,Cloudy,6400,None,,PS-005,Chargesheet Filed
FIR-002557,Burglary,3,North District,26.914262,75.816871,2025-12-02T22:53:58.257791,22,1,1,0,0,Clear,8200,None,P-00062,PS-005,Under Investigation
FIR-002558,Cybercrime,2,North District,26.913429,75.828878,2026-07-01T04:27:58.257791,4,2,1,0,0,Clear,8200,None,,PS-001,Chargesheet Filed
FIR-002559,Vehicle Theft,2,East Ward,26.907587,75.841226,2026-01-26T16:45:58.257791,16,0,0,0,0,Rain,10800,None,,PS-007,Under Investigation
FIR-002560,Burglary,2,Old City,26.915494,75.808044,2026-04-03T00:20:58.257791,0,4,1,0,0,Cloudy,16200,None,P-00483,PS-002,Under Investigation
FIR-002561,Extortion,3,Central Zone,26.893745,75.792979,2025-11-26T03:57:58.257791,3,2,1,0,0,Clear,14500,Firearm,P-00353,PS-004,Under Investigation
FIR-002562,Cybercrime,2,Old City,26.925912,75.812975,2025-08-17T23:46:58.257791,23,6,1,1,0,Clear,16200,None,,PS-002,Under Investigation
FIR-002563,Cybercrime,3,Central Zone,26.899618,75.793983,2025-09-28T23:05:58.257791,23,6,1,1,0,Fog,14500,None,,PS-008,Under Investigation
FIR-002564,Fraud,1,Old City,26.914521,75.816616,2026-05-17T03:04:58.257791,3,6,1,1,0,Cloudy,16200,None,,PS-008,Cold
FIR-002565,Kidnapping,5,Central Zone,26.907578,75.805774,2026-06-07T22:58:58.257791,22,6,1,1,0,Clear,14500,None,P-00278,PS-001,Closed
FIR-002566,Vehicle Theft,1,Old City,26.92521,75.813219,2025-11-11T07:55:58.257791,7,1,0,0,0,Clear,16200,None,P-00517,PS-004,Closed
FIR-002567,Fraud,1,Central Zone,26.90105,75.790297,2026-06-18T02:32:58.257791,2,3,1,0,0,Clear,14500,None,,PS-008,Under Investigation
FIR-002568,Assault,4,Central Zone,26.888748,75.808552,2025-12-10T06:01:58.257791,6,2,0,0,0,Clear,14500,None,,PS-001,Under Investigation
FIR-002569,Vehicle Theft,1,Central Zone,26.910013,75.801242,2026-01-25T04:32:58.257791,4,6,1,1,0,Fog,14500,None,P-00103,PS-001,Closed
FIR-002570,Kidnapping,4,Old City,26.922343,75.796271,2026-05-12T14:38:58.257791,14,1,0,0,0,Clear,16200,Firearm,,PS-008,Closed
FIR-002571,Burglary,3,Industrial Belt,26.849684,75.766906,2025-10-19T04:23:58.257791,4,6,1,1,0,Cloudy,3100,None,,PS-002,Under Investigation
FIR-002572,Fraud,2,Riverside,26.877863,75.814346,2025-11-24T00:38:58.257791,0,0,1,0,0,Clear,5200,None,P-00469,PS-007,Under Investigation
FIR-002573,Theft,2,Industrial Belt,26.864727,75.781974,2025-09-10T21:27:58.257791,21,2,1,0,0,Rain,3100,None,,PS-006,Under Investigation
FIR-002574,Theft,1,Central Zone,26.894135,75.78937,2026-05-27T01:22:58.257791,1,2,1,0,0,Clear,14500,None,P-00459,PS-002,Cold
FIR-002575,Theft,2,North District,26.910341,75.820923,2025-11-14T09:27:58.257791,9,4,0,0,0,Cloudy,8200,None,P-00055,PS-001,Under Investigation
FIR-002576,Narcotics,3,Industrial Belt,26.85238,75.764487,2026-04-16T21:53:58.257791,21,3,1,0,0,Cloudy,3100,None,,PS-005,Under Investigation
FIR-002577,Extortion,4,South Division,26.859455,75.78819,2025-12-12T09:06:58.257791,9,4,0,0,0,Clear,6400,Improvised,P-00107,PS-001,Under Investigation
FIR-002578,Theft,2,Riverside,26.891679,75.819757,2026-02-08T08:30:58.257791,8,6,0,1,0,Cloudy,5200,None,,PS-001,Closed
FIR-002579,Assault,4,South Division,26.858268,75.801484,2026-06-30T12:52:58.257791,12,1,0,0,0,Rain,6400,Blunt Object,P-00447,PS-005,Under Investigation
FIR-002580,Robbery,3,South Division,26.877785,75.788734,2026-07-22T08:38:58.257791,8,2,0,0,0,Cloudy,6400,None,P-00139,PS-006,Under Investigation
FIR-002581,Narcotics,3,Industrial Belt,26.870158,75.773984,2026-06-17T05:48:58.257791,5,2,0,0,0,Clear,3100,None,P-00573,PS-005,Under Investigation
FIR-002582,Assault,4,Old City,26.917434,75.807322,2025-08-19T21:37:58.257791,21,1,1,0,0,Clear,16200,None,P-00020,PS-004,Chargesheet Filed
FIR-002583,Fraud,3,Riverside,26.869252,75.813122,2025-09-05T03:46:58.257791,3,4,1,0,0,Clear,5200,None,P-00065,PS-005,Chargesheet Filed
FIR-002584,Theft,1,Central Zone,26.888325,75.809347,2026-03-05T05:10:58.257791,5,3,0,0,0,Cloudy,14500,None,P-00219,PS-007,Under Investigation
FIR-002585,Theft,3,West Sector,26.906226,75.782433,2026-06-11T08:15:58.257791,8,3,0,0,0,Cloudy,9100,None,P-00265,PS-007,Under Investigation
FIR-002586,Burglary,3,Industrial Belt,26.851229,75.768644,2026-05-05T12:29:58.257791,12,1,0,0,0,Clear,3100,None,P-00145,PS-001,Closed
FIR-002587,Robbery,3,East Ward,26.912023,75.827217,2025-09-04T20:23:58.257791,20,3,1,0,0,Clear,10800,Firearm,P-00475,PS-001,Closed
FIR-002588,Burglary,3,North District,26.930562,75.818541,2026-05-12T04:29:58.257791,4,1,1,0,0,Clear,8200,None,,PS-002,Chargesheet Filed
FIR-002589,Cybercrime,2,Central Zone,26.908562,75.811295,2026-06-15T07:34:58.257791,7,0,0,0,1,Clear,14500,None,,PS-004,Chargesheet Filed
FIR-002590,Extortion,3,Riverside,26.884814,75.800919,2025-09-16T13:53:58.257791,13,1,0,0,0,Cloudy,5200,None,P-00352,PS-003,Under Investigation
FIR-002591,Burglary,3,Industrial Belt,26.862249,75.764789,2025-09-16T07:23:58.257791,7,1,0,0,0,Clear,3100,None,,PS-003,Under Investigation
FIR-002592,Extortion,3,West Sector,26.903803,75.783548,2026-07-02T11:05:58.257791,11,3,0,0,0,Clear,9100,Blunt Object,,PS-003,Under Investigation
FIR-002593,Vehicle Theft,3,Old City,26.906771,75.806879,2026-07-10T02:40:58.257791,2,4,1,0,0,Cloudy,16200,None,,PS-006,Cold
FIR-002594,Vehicle Theft,2,North District,26.90848,75.808119,2025-12-10T03:24:58.257791,3,2,1,0,0,Fog,8200,None,,PS-007,Under Investigation
FIR-002595,Narcotics,4,Old City,26.906712,75.810971,2026-05-01T02:48:58.257791,2,4,1,0,0,Clear,16200,None,,PS-008,Closed
FIR-002596,Robbery,4,East Ward,26.903033,75.824111,2026-03-28T01:21:58.257791,1,5,1,1,0,Clear,10800,Knife,,PS-008,Closed
FIR-002597,Theft,3,West Sector,26.89391,75.773163,2025-12-13T22:13:58.257791,22,5,1,1,0,Clear,9100,None,,PS-008,Under Investigation
FIR-002598,Assault,2,South Division,26.87461,75.779959,2026-03-18T07:18:58.257791,7,2,0,0,0,Cloudy,6400,Firearm,P-00143,PS-003,Under Investigation
FIR-002599,Burglary,3,Central Zone,26.898445,75.801905,2026-01-18T12:33:58.257791,12,6,0,1,0,Cloudy,14500,None,,PS-001,Closed
FIR-002600,Robbery,5,West Sector,26.893466,75.78187,2026-03-13T04:27:58.257791,4,4,1,0,0,Clear,9100,Improvised,,PS-007,Closed
FIR-002601,Cybercrime,1,Old City,26.909521,75.801531,2025-12-16T08:21:58.257791,8,1,0,0,0,Heatwave,16200,None,P-00351,PS-001,Under Investigation
FIR-002602,Cybercrime,2,West Sector,26.897825,75.763859,2025-08-05T15:56:58.257791,15,1,0,0,0,Clear,9100,None,,PS-006,Closed
FIR-002603,Theft,2,West Sector,26.905411,75.77619,2026-02-01T06:31:58.257791,6,6,0,1,0,Clear,9100,None,P-00538,PS-006,Chargesheet Filed
FIR-002604,Narcotics,4,East Ward,26.899516,75.82241,2026-02-11T15:17:58.257791,15,2,0,0,0,Clear,10800,None,,PS-006,Under Investigation
FIR-002605,Assault,5,East Ward,26.915285,75.829284,2026-01-17T00:40:58.257791,0,5,1,1,0,Clear,10800,Knife,P-00504,PS-008,Under Investigation
FIR-002606,Fraud,3,West Sector,26.906783,75.783196,2026-04-12T11:22:58.257791,11,6,0,1,0,Clear,9100,None,,PS-007,Chargesheet Filed
FIR-002607,Theft,3,North District,26.912498,75.819152,2026-02-21T07:42:58.257791,7,5,0,1,0,Cloudy,8200,None,,PS-005,Under Investigation
FIR-002608,Theft,2,Central Zone,26.902476,75.797554,2026-05-30T03:03:58.257791,3,5,1,1,0,Cloudy,14500,None,P-00258,PS-004,Closed
FIR-002609,Burglary,2,Riverside,26.878082,75.80491,2026-03-23T15:24:58.257791,15,0,0,0,0,Clear,5200,None,,PS-002,Under Investigation
FIR-002610,Narcotics,3,Industrial Belt,26.867268,75.766235,2026-03-03T12:12:58.257791,12,1,0,0,0,Clear,3100,None,P-00041,PS-002,Under Investigation
FIR-002611,Assault,3,North District,26.912996,75.819478,2026-03-02T13:21:58.257791,13,0,0,0,0,Cloudy,8200,None,P-00397,PS-004,Under Investigation
FIR-002612,Theft,2,Riverside,26.875192,75.802268,2025-12-31T17:28:58.257791,17,2,0,0,0,Clear,5200,None,,PS-003,Chargesheet Filed
FIR-002613,Fraud,3,Central Zone,26.901853,75.796459,2025-12-17T21:26:58.257791,21,2,1,0,0,Clear,14500,None,,PS-002,Under Investigation
FIR-002614,Theft,1,Old City,26.926782,75.806018,2026-05-16T03:17:58.257791,3,5,1,1,0,Fog,16200,None,,PS-002,Under Investigation
FIR-002615,Fraud,1,Industrial Belt,26.867433,75.777834,2026-05-25T04:57:58.257791,4,0,1,0,0,Heatwave,3100,None,,PS-001,Cold
FIR-002616,Robbery,3,East Ward,26.898204,75.840739,2026-02-09T07:34:58.257791,7,0,0,0,0,Clear,10800,Improvised,P-00143,PS-004,Chargesheet Filed
FIR-002617,Extortion,5,West Sector,26.895022,75.772238,2026-07-08T17:47:58.257791,17,2,0,0,0,Heatwave,9100,Knife,P-00364,PS-005,Closed
FIR-002618,Fraud,3,East Ward,26.897303,75.828765,2026-01-08T19:38:58.257791,19,3,0,0,0,Clear,10800,None,,PS-002,Cold
FIR-002619,Cybercrime,2,East Ward,26.90146,75.821791,2025-09-03T06:01:58.257791,6,2,0,0,0,Clear,10800,None,P-00448,PS-003,Under Investigation
FIR-002620,Robbery,5,Riverside,26.87918,75.80747,2026-06-16T03:34:58.257791,3,1,1,0,0,Rain,5200,Blunt Object,,PS-008,Closed
FIR-002621,Assault,2,Central Zone,26.907232,75.808521,2026-04-14T15:24:58.257791,15,1,0,0,0,Cloudy,14500,Blunt Object,,PS-003,Closed
FIR-002622,Theft,2,South Division,26.858432,75.787106,2026-04-07T11:15:58.257791,11,1,0,0,0,Fog,6400,None,,PS-003,Closed
FIR-002623,Burglary,4,Riverside,26.875602,75.80329,2026-02-07T04:02:58.257791,4,5,1,1,0,Rain,5200,None,,PS-001,Under Investigation
FIR-002624,Robbery,3,Central Zone,26.901603,75.791232,2025-12-08T20:36:58.257791,20,0,1,0,0,Fog,14500,Firearm,,PS-004,Chargesheet Filed
FIR-002625,Robbery,3,Central Zone,26.894987,75.797496,2025-08-23T23:18:58.257791,23,5,1,1,0,Clear,14500,Firearm,,PS-001,Under Investigation
FIR-002626,Extortion,5,Central Zone,26.895759,75.795251,2025-11-10T20:33:58.257791,20,0,1,0,0,Clear,14500,None,P-00161,PS-004,Closed
FIR-002627,Fraud,2,Old City,26.916613,75.795215,2026-07-19T15:55:58.257791,15,6,0,1,0,Heatwave,16200,None,,PS-006,Under Investigation
FIR-002628,Theft,3,North District,26.931957,75.828399,2026-04-08T00:51:58.257791,0,2,1,0,0,Clear,8200,None,P-00337,PS-004,Under Investigation
FIR-002629,Extortion,3,East Ward,26.895345,75.839147,2026-06-16T14:53:58.257791,14,1,0,0,0,Clear,10800,Blunt Object,P-00122,PS-003,Under Investigation
FIR-002630,Narcotics,4,Old City,26.919254,75.799266,2026-05-05T13:45:58.257791,13,1,0,0,0,Clear,16200,None,,PS-007,Under Investigation
FIR-002631,Assault,5,East Ward,26.894272,75.839973,2026-01-14T02:45:58.257791,2,2,1,0,0,Cloudy,10800,Firearm,P-00077,PS-004,Under Investigation
FIR-002632,Assault,2,Old City,26.926854,75.793781,2025-12-15T08:56:58.257791,8,0,0,0,1,Clear,16200,None,P-00055,PS-006,Chargesheet Filed
FIR-002633,Vehicle Theft,3,Industrial Belt,26.857755,75.777933,2026-07-23T21:27:58.257791,21,3,1,0,0,Fog,3100,None,P-00295,PS-004,Chargesheet Filed
FIR-002634,Burglary,3,Old City,26.90916,75.805058,2025-12-14T09:22:58.257791,9,6,0,1,0,Cloudy,16200,None,,PS-007,Under Investigation
FIR-002635,Assault,4,South Division,26.876171,75.787283,2025-07-31T02:01:58.257791,2,3,1,0,0,Clear,6400,Improvised,,PS-007,Chargesheet Filed
FIR-002636,Theft,3,Old City,26.906825,75.811652,2026-04-04T04:45:58.257791,4,5,1,1,0,Clear,16200,None,P-00100,PS-005,Closed
FIR-002637,Vehicle Theft,1,Riverside,26.881621,75.814108,2025-09-14T05:54:58.257791,5,6,0,1,0,Clear,5200,None,,PS-006,Cold
FIR-002638,Assault,4,North District,26.929302,75.814304,2025-10-22T06:22:58.257791,6,2,0,0,0,Rain,8200,None,,PS-005,Cold
FIR-002639,Theft,2,Central Zone,26.899848,75.8031,2025-10-05T13:50:58.257791,13,6,0,1,0,Clear,14500,None,P-00060,PS-006,Chargesheet Filed
FIR-002640,Vehicle Theft,1,North District,26.917857,75.81405,2025-09-28T01:19:58.257791,1,6,1,1,0,Cloudy,8200,None,,PS-008,Under Investigation
FIR-002641,Fraud,2,Central Zone,26.891597,75.809756,2025-08-28T07:37:58.257791,7,3,0,0,0,Cloudy,14500,None,P-00280,PS-002,Under Investigation
FIR-002642,Burglary,3,North District,26.921843,75.8117,2026-03-03T10:55:58.257791,10,1,0,0,0,Fog,8200,None,,PS-008,Under Investigation
FIR-002643,Narcotics,2,Old City,26.910739,75.793703,2026-07-10T19:11:58.257791,19,4,0,0,0,Clear,16200,None,P-00011,PS-002,Closed
FIR-002644,Narcotics,2,Riverside,26.889579,75.819902,2026-01-20T21:36:58.257791,21,1,1,0,0,Rain,5200,None,,PS-003,Closed
FIR-002645,Vehicle Theft,2,Industrial Belt,26.859573,75.759098,2026-01-28T08:18:58.257791,8,2,0,0,0,Clear,3100,None,P-00106,PS-002,Closed
FIR-002646,Fraud,1,Central Zone,26.894215,75.788256,2025-10-25T11:39:58.257791,11,5,0,1,0,Clear,14500,None,,PS-003,Under Investigation
FIR-002647,Fraud,1,Central Zone,26.898148,75.80789,2025-10-25T17:14:58.257791,17,5,0,1,0,Cloudy,14500,None,,PS-005,Chargesheet Filed
FIR-002648,Fraud,1,North District,26.916287,75.822016,2026-04-21T15:27:58.257791,15,1,0,0,0,Clear,8200,None,P-00217,PS-008,Closed
FIR-002649,Narcotics,2,Old City,26.905174,75.809108,2026-05-25T17:45:58.257791,17,0,0,0,0,Cloudy,16200,None,P-00555,PS-007,Chargesheet Filed
FIR-002650,Extortion,5,North District,26.908919,75.816584,2025-11-14T06:57:58.257791,6,4,0,0,0,Rain,8200,None,,PS-002,Chargesheet Filed
FIR-002651,Robbery,3,Riverside,26.878984,75.803436,2025-10-21T15:54:58.257791,15,1,0,0,0,Rain,5200,Improvised,P-00245,PS-006,Chargesheet Filed
FIR-002652,Burglary,2,East Ward,26.903454,75.82792,2026-01-04T21:16:58.257791,21,6,1,1,0,Clear,10800,None,,PS-007,Chargesheet Filed
FIR-002653,Burglary,2,Industrial Belt,26.851186,75.766634,2026-04-30T06:50:58.257791,6,3,0,0,0,Fog,3100,None,,PS-007,Closed
FIR-002654,Assault,4,Central Zone,26.89663,75.807322,2025-10-07T19:30:58.257791,19,1,0,0,0,Clear,14500,None,,PS-007,Closed
FIR-002655,Narcotics,4,North District,26.92869,75.819952,2026-03-08T11:42:58.257791,11,6,0,1,0,Fog,8200,None,P-00401,PS-004,Closed
FIR-002656,Vehicle Theft,2,Central Zone,26.900958,75.800367,2025-09-24T18:54:58.257791,18,2,0,0,0,Cloudy,14500,None,,PS-004,Chargesheet Filed
FIR-002657,Burglary,2,Old City,26.908403,75.812486,2026-05-11T00:52:58.257791,0,0,1,0,0,Rain,16200,None,,PS-007,Under Investigation
FIR-002658,Assault,3,East Ward,26.904287,75.832972,2026-07-18T14:22:58.257791,14,5,0,1,0,Fog,10800,Blunt Object,P-00214,PS-001,Closed
FIR-002659,Theft,2,Industrial Belt,26.863716,75.771847,2026-05-06T00:54:58.257791,0,2,1,0,0,Clear,3100,None,P-00337,PS-007,Under Investigation
FIR-002660,Theft,3,North District,26.927082,75.829531,2025-10-30T18:34:58.257791,18,3,0,0,0,Fog,8200,None,P-00459,PS-006,Cold
FIR-002661,Fraud,3,West Sector,26.889786,75.774633,2026-03-30T00:48:58.257791,0,0,1,0,0,Cloudy,9100,None,P-00119,PS-003,Closed
FIR-002662,Theft,2,Old City,26.919643,75.816089,2026-03-10T23:13:58.257791,23,1,1,0,0,Clear,16200,None,P-00237,PS-006,Chargesheet Filed
FIR-002663,Theft,2,North District,26.921269,75.819376,2026-01-10T23:07:58.257791,23,5,1,1,0,Cloudy,8200,None,,PS-006,Under Investigation
FIR-002664,Narcotics,4,West Sector,26.889414,75.775309,2025-11-10T13:38:58.257791,13,0,0,0,0,Cloudy,9100,None,P-00082,PS-005,Under Investigation
FIR-002665,Theft,2,North District,26.925639,75.816968,2025-07-28T09:07:58.257791,9,0,0,0,0,Cloudy,8200,None,P-00433,PS-004,Under Investigation
FIR-002666,Fraud,2,Old City,26.916482,75.814439,2026-03-26T07:35:58.257791,7,3,0,0,0,Cloudy,16200,None,,PS-008,Under Investigation
FIR-002667,Theft,2,South Division,26.862276,75.782888,2026-06-04T23:53:58.257791,23,3,1,0,0,Cloudy,6400,None,P-00055,PS-006,Under Investigation
FIR-002668,Narcotics,2,West Sector,26.887886,75.767924,2025-08-19T07:56:58.257791,7,1,0,0,0,Clear,9100,None,,PS-002,Under Investigation
FIR-002669,Assault,4,West Sector,26.903871,75.773336,2025-08-31T12:05:58.257791,12,6,0,1,0,Fog,9100,Firearm,P-00310,PS-004,Under Investigation
FIR-002670,Burglary,3,West Sector,26.896246,75.765816,2026-01-04T16:29:58.257791,16,6,0,1,0,Heatwave,9100,None,P-00405,PS-006,Cold
FIR-002671,Cybercrime,1,Industrial Belt,26.860819,75.772817,2026-02-07T16:05:58.257791,16,5,0,1,0,Rain,3100,None,,PS-007,Chargesheet Filed
FIR-002672,Assault,3,Central Zone,26.893776,75.793328,2026-07-05T18:59:58.257791,18,6,0,1,0,Clear,14500,Knife,P-00462,PS-002,Closed
FIR-002673,Vehicle Theft,1,West Sector,26.894896,75.769204,2025-10-09T03:52:58.257791,3,3,1,0,0,Cloudy,9100,None,P-00231,PS-004,Chargesheet Filed
FIR-002674,Assault,5,East Ward,26.908656,75.827329,2026-03-06T06:18:58.257791,6,4,0,0,0,Cloudy,10800,Blunt Object,,PS-006,Closed
FIR-002675,Theft,1,South Division,26.881303,75.789653,2026-02-26T07:03:58.257791,7,3,0,0,0,Clear,6400,None,P-00414,PS-003,Under Investigation
FIR-002676,Vehicle Theft,3,Riverside,26.881008,75.805071,2025-08-18T12:20:58.257791,12,0,0,0,0,Clear,5200,None,P-00462,PS-008,Under Investigation
FIR-002677,Assault,5,East Ward,26.913148,75.82769,2026-02-13T21:57:58.257791,21,4,1,0,0,Clear,10800,Knife,P-00489,PS-002,Chargesheet Filed
FIR-002678,Fraud,2,East Ward,26.913484,75.830101,2026-05-16T05:51:58.257791,5,5,0,1,0,Clear,10800,None,,PS-002,Chargesheet Filed
FIR-002679,Burglary,2,Central Zone,26.901063,75.79439,2026-05-23T19:10:58.257791,19,5,0,1,0,Rain,14500,None,P-00015,PS-007,Closed
FIR-002680,Burglary,4,North District,26.922668,75.826868,2026-03-14T12:59:58.257791,12,5,0,1,0,Clear,8200,None,,PS-008,Under Investigation
FIR-002681,Vehicle Theft,1,North District,26.922827,75.829939,2026-05-07T19:24:58.257791,19,3,0,0,0,Clear,8200,None,P-00528,PS-005,Under Investigation
FIR-002682,Fraud,2,East Ward,26.914537,75.830816,2026-03-17T11:27:58.257791,11,1,0,0,0,Clear,10800,None,P-00302,PS-006,Closed
FIR-002683,Theft,1,Industrial Belt,26.853197,75.774079,2026-03-18T17:31:58.257791,17,2,0,0,0,Clear,3100,None,P-00024,PS-007,Chargesheet Filed
FIR-002684,Robbery,5,Old City,26.914437,75.80941,2026-02-24T02:54:58.257791,2,1,1,0,0,Clear,16200,Improvised,P-00020,PS-008,Chargesheet Filed
FIR-002685,Extortion,5,North District,26.926623,75.824945,2026-07-21T00:19:58.257791,0,1,1,0,0,Cloudy,8200,Blunt Object,,PS-002,Under Investigation
FIR-002686,Kidnapping,4,Old City,26.911007,75.815912,2026-04-22T10:22:58.257791,10,2,0,0,0,Clear,16200,None,P-00463,PS-004,Closed
FIR-002687,Cybercrime,2,South Division,26.874048,75.787305,2025-09-04T03:43:58.257791,3,3,1,0,0,Clear,6400,None,P-00367,PS-005,Cold
FIR-002688,Burglary,2,Central Zone,26.905338,75.788936,2025-11-03T21:22:58.257791,21,0,1,0,0,Heatwave,14500,None,,PS-008,Under Investigation
FIR-002689,Cybercrime,3,Central Zone,26.894582,75.809972,2026-04-23T03:43:58.257791,3,3,1,0,0,Clear,14500,None,P-00011,PS-002,Under Investigation
FIR-002690,Vehicle Theft,2,South Division,26.870264,75.785599,2026-02-20T05:59:58.257791,5,4,0,0,0,Clear,6400,None,P-00462,PS-003,Under Investigation
FIR-002691,Fraud,2,West Sector,26.893906,75.777643,2025-12-26T22:07:58.257791,22,4,1,0,0,Clear,9100,None,,PS-001,Cold
FIR-002692,Vehicle Theft,1,Central Zone,26.890373,75.811737,2026-02-27T09:30:58.257791,9,4,0,0,0,Clear,14500,None,P-00167,PS-003,Under Investigation
FIR-002693,Robbery,3,Industrial Belt,26.862788,75.777284,2025-11-23T11:17:58.257791,11,6,0,1,0,Cloudy,3100,Improvised,,PS-007,Under Investigation
FIR-002694,Assault,5,West Sector,26.904443,75.786591,2025-12-03T07:32:58.257791,7,2,0,0,0,Cloudy,9100,Blunt Object,P-00265,PS-006,Closed
FIR-002695,Assault,2,East Ward,26.909945,75.837978,2025-08-22T11:49:58.257791,11,4,0,0,0,Clear,10800,Blunt Object,,PS-003,Closed
FIR-002696,Fraud,1,East Ward,26.912726,75.827902,2025-07-29T14:16:58.257791,14,1,0,0,0,Clear,10800,None,P-00282,PS-001,Closed
FIR-002697,Extortion,3,South Division,26.858153,75.792335,2025-12-19T13:41:58.257791,13,4,0,0,0,Clear,6400,Improvised,P-00263,PS-006,Under Investigation
FIR-002698,Narcotics,3,Industrial Belt,26.868501,75.761127,2025-11-30T18:54:58.257791,18,6,0,1,0,Clear,3100,None,,PS-008,Chargesheet Filed
FIR-002699,Theft,3,Riverside,26.875555,75.817712,2026-06-25T16:01:58.257791,16,3,0,0,0,Rain,5200,None,P-00478,PS-008,Closed
FIR-002700,Burglary,3,Riverside,26.891805,75.806964,2025-08-24T09:40:58.257791,9,6,0,1,0,Heatwave,5200,None,,PS-007,Closed
FIR-002701,Fraud,1,North District,26.928749,75.82753,2026-03-12T19:31:58.257791,19,3,0,0,0,Cloudy,8200,None,P-00480,PS-005,Under Investigation
FIR-002702,Theft,2,Central Zone,26.911855,75.809796,2025-08-12T18:17:58.257791,18,1,0,0,0,Clear,14500,None,P-00231,PS-005,Chargesheet Filed
FIR-002703,Burglary,3,West Sector,26.906356,75.769827,2025-10-06T07:34:58.257791,7,0,0,0,0,Cloudy,9100,None,,PS-005,Under Investigation
FIR-002704,Robbery,4,Industrial Belt,26.852614,75.778124,2025-08-02T23:23:58.257791,23,5,1,1,0,Clear,3100,Improvised,,PS-008,Under Investigation
FIR-002705,Cybercrime,1,East Ward,26.894424,75.835367,2026-05-10T09:50:58.257791,9,6,0,1,0,Clear,10800,None,,PS-006,Under Investigation
FIR-002706,Theft,1,Old City,26.904194,75.813694,2026-04-24T17:41:58.257791,17,4,0,0,0,Rain,16200,None,P-00207,PS-004,Under Investigation
FIR-002707,Assault,4,East Ward,26.900078,75.836589,2026-06-12T22:29:58.257791,22,4,1,0,0,Heatwave,10800,Knife,P-00564,PS-005,Under Investigation
FIR-002708,Burglary,4,South Division,26.859291,75.801931,2026-03-03T09:35:58.257791,9,1,0,0,0,Cloudy,6400,None,,PS-008,Under Investigation
FIR-002709,Robbery,5,East Ward,26.912331,75.823066,2026-02-13T17:08:58.257791,17,4,0,0,0,Fog,10800,None,,PS-001,Under Investigation
FIR-002710,Robbery,5,East Ward,26.899998,75.841623,2026-06-28T19:52:58.257791,19,6,0,1,0,Clear,10800,Knife,,PS-004,Under Investigation
FIR-002711,Assault,4,East Ward,26.91605,75.829276,2025-10-01T20:59:58.257791,20,2,1,0,0,Cloudy,10800,Knife,,PS-005,Closed
FIR-002712,Vehicle Theft,1,North District,26.91668,75.828367,2026-01-18T14:14:58.257791,14,6,0,1,0,Cloudy,8200,None,P-00193,PS-004,Under Investigation
FIR-002713,Kidnapping,4,Industrial Belt,26.854884,75.780059,2026-02-05T04:58:58.257791,4,3,1,0,0,Cloudy,3100,Blunt Object,P-00518,PS-001,Closed
FIR-002714,Burglary,3,North District,26.922648,75.815019,2026-06-24T23:55:58.257791,23,2,1,0,0,Fog,8200,None,P-00336,PS-005,Chargesheet Filed
FIR-002715,Burglary,4,East Ward,26.896925,75.833292,2026-03-25T00:35:58.257791,0,2,1,0,0,Rain,10800,None,,PS-003,Under Investigation
FIR-002716,Burglary,3,East Ward,26.916392,75.830125,2025-09-13T15:23:58.257791,15,5,0,1,0,Clear,10800,None,P-00350,PS-008,Under Investigation
FIR-002717,Cybercrime,3,North District,26.908479,75.817652,2025-08-10T07:52:58.257791,7,6,0,1,0,Cloudy,8200,None,P-00480,PS-004,Under Investigation
FIR-002718,Extortion,3,West Sector,26.88612,75.771033,2025-12-04T16:33:58.257791,16,3,0,0,0,Fog,9100,Blunt Object,P-00558,PS-001,Under Investigation
FIR-002719,Fraud,3,South Division,26.863799,75.792502,2026-03-30T10:30:58.257791,10,0,0,0,0,Heatwave,6400,None,P-00375,PS-006,Under Investigation
FIR-002720,Narcotics,2,Industrial Belt,26.857331,75.777333,2025-11-01T13:28:58.257791,13,5,0,1,0,Cloudy,3100,None,,PS-005,Under Investigation
FIR-002721,Cybercrime,2,Central Zone,26.898857,75.805237,2026-07-09T12:25:58.257791,12,3,0,0,0,Cloudy,14500,None,,PS-003,Under Investigation
FIR-002722,Cybercrime,1,Central Zone,26.895576,75.805364,2026-05-31T17:57:58.257791,17,6,0,1,0,Clear,14500,None,P-00367,PS-005,Under Investigation
FIR-002723,Vehicle Theft,1,Old City,26.926068,75.794696,2026-04-04T21:14:58.257791,21,5,1,1,0,Cloudy,16200,None,,PS-004,Under Investigation
FIR-002724,Narcotics,2,Old City,26.91779,75.803153,2026-06-20T03:43:58.257791,3,5,1,1,0,Cloudy,16200,None,P-00350,PS-007,Under Investigation
FIR-002725,Theft,2,North District,26.92068,75.815385,2025-09-21T18:42:58.257791,18,6,0,1,0,Clear,8200,None,,PS-006,Chargesheet Filed
FIR-002726,Assault,3,Riverside,26.890615,75.803455,2026-07-05T07:54:58.257791,7,6,0,1,0,Rain,5200,None,,PS-007,Under Investigation
FIR-002727,Assault,5,East Ward,26.916671,75.822997,2025-07-28T04:48:58.257791,4,0,1,0,0,Clear,10800,Blunt Object,,PS-003,Chargesheet Filed
FIR-002728,Burglary,2,Industrial Belt,26.852296,75.77986,2026-04-07T03:34:58.257791,3,1,1,0,0,Rain,3100,None,,PS-008,Under Investigation
FIR-002729,Fraud,3,North District,26.919808,75.828622,2026-01-20T23:33:58.257791,23,1,1,0,0,Clear,8200,None,P-00240,PS-008,Closed
FIR-002730,Robbery,3,Old City,26.917249,75.806548,2026-01-01T14:10:58.257791,14,3,0,0,0,Clear,16200,Firearm,,PS-007,Under Investigation
FIR-002731,Fraud,3,Central Zone,26.907888,75.806406,2025-11-07T11:08:58.257791,11,4,0,0,0,Clear,14500,None,P-00478,PS-002,Chargesheet Filed
FIR-002732,Burglary,4,South Division,26.868673,75.785692,2025-11-21T15:31:58.257791,15,4,0,0,0,Clear,6400,None,P-00403,PS-003,Under Investigation
FIR-002733,Robbery,4,East Ward,26.896134,75.818455,2025-09-24T18:03:58.257791,18,2,0,0,0,Clear,10800,Firearm,P-00094,PS-005,Chargesheet Filed
FIR-002734,Assault,5,West Sector,26.899471,75.782109,2026-03-02T20:30:58.257791,20,0,1,0,0,Clear,9100,Firearm,,PS-001,Chargesheet Filed
FIR-002735,Vehicle Theft,2,Central Zone,26.896212,75.797084,2025-07-26T19:51:58.257791,19,5,0,1,0,Heatwave,14500,None,P-00273,PS-007,Chargesheet Filed
FIR-002736,Theft,1,Riverside,26.882111,75.809439,2026-02-14T05:38:58.257791,5,5,0,1,0,Cloudy,5200,None,,PS-002,Chargesheet Filed
FIR-002737,Fraud,3,West Sector,26.886645,75.768848,2026-03-05T10:11:58.257791,10,3,0,0,0,Cloudy,9100,None,,PS-005,Chargesheet Filed
FIR-002738,Assault,2,South Division,26.878732,75.798109,2026-07-20T22:58:58.257791,22,0,1,0,0,Clear,6400,Firearm,,PS-004,Chargesheet Filed
FIR-002739,Narcotics,3,Riverside,26.871958,75.812314,2025-11-15T18:11:58.257791,18,5,0,1,1,Clear,5200,None,,PS-002,Closed
FIR-002740,Vehicle Theft,3,Riverside,26.877068,75.806439,2025-10-11T12:03:58.257791,12,5,0,1,0,Clear,5200,None,P-00099,PS-001,Under Investigation
FIR-002741,Narcotics,2,North District,26.91596,75.809406,2026-05-31T19:05:58.257791,19,6,0,1,0,Clear,8200,None,P-00338,PS-008,Under Investigation
FIR-002742,Burglary,3,South Division,26.858775,75.800322,2025-11-06T21:29:58.257791,21,3,1,0,0,Cloudy,6400,None,P-00053,PS-008,Under Investigation
FIR-002743,Extortion,3,South Division,26.858442,75.794069,2025-08-30T22:00:58.257791,22,5,1,1,0,Cloudy,6400,Firearm,P-00393,PS-008,Closed
FIR-002744,Burglary,3,East Ward,26.907921,75.841669,2026-04-13T10:00:58.257791,10,0,0,0,0,Clear,10800,None,,PS-007,Cold
FIR-002745,Burglary,2,South Division,26.871677,75.788567,2025-12-03T10:02:58.257791,10,2,0,0,0,Fog,6400,None,,PS-005,Closed
FIR-002746,Theft,1,West Sector,26.892231,75.783589,2026-01-23T17:58:58.257791,17,4,0,0,0,Rain,9100,None,,PS-002,Under Investigation
FIR-002747,Burglary,4,West Sector,26.886825,75.775833,2026-03-12T17:24:58.257791,17,3,0,0,0,Heatwave,9100,None,,PS-007,Under Investigation
FIR-002748,Assault,4,East Ward,26.894342,75.824685,2025-09-25T14:06:58.257791,14,3,0,0,0,Clear,10800,Knife,,PS-002,Under Investigation
FIR-002749,Theft,1,East Ward,26.895836,75.833688,2026-06-19T01:21:58.257791,1,4,1,0,0,Heatwave,10800,None,,PS-006,Under Investigation
FIR-002750,Narcotics,2,Old City,26.909618,75.803562,2026-07-25T01:15:58.257791,1,5,1,1,0,Rain,16200,None,P-00312,PS-005,Under Investigation
FIR-002751,Assault,3,Central Zone,26.902789,75.809787,2026-01-20T15:42:58.257791,15,1,0,0,0,Cloudy,14500,None,P-00422,PS-002,Closed
FIR-002752,Vehicle Theft,2,Old City,26.925973,75.7942,2026-03-06T11:29:58.257791,11,4,0,0,0,Clear,16200,None,P-00396,PS-002,Chargesheet Filed
FIR-002753,Assault,5,Riverside,26.870304,75.809446,2025-12-30T20:18:58.257791,20,1,1,0,0,Fog,5200,Improvised,P-00111,PS-005,Under Investigation
FIR-002754,Assault,4,North District,26.921305,75.814723,2026-03-23T19:26:58.257791,19,0,0,0,0,Heatwave,8200,Firearm,,PS-008,Closed
FIR-002755,Burglary,2,Old City,26.903804,75.794409,2026-07-21T04:35:58.257791,4,1,1,0,0,Cloudy,16200,None,P-00062,PS-007,Under Investigation
FIR-002756,Theft,2,West Sector,26.897659,75.778208,2026-05-08T13:18:58.257791,13,4,0,0,0,Clear,9100,None,P-00194,PS-002,Closed
FIR-002757,Kidnapping,4,East Ward,26.907378,75.81891,2026-01-20T10:50:58.257791,10,1,0,0,0,Clear,10800,Blunt Object,P-00582,PS-004,Under Investigation
FIR-002758,Robbery,4,Industrial Belt,26.849317,75.765857,2025-10-02T22:19:58.257791,22,3,1,0,0,Fog,3100,Knife,P-00482,PS-007,Closed
FIR-002759,Assault,4,Central Zone,26.894146,75.806908,2026-06-29T17:14:58.257791,17,0,0,0,0,Rain,14500,None,P-00396,PS-002,Under Investigation
FIR-002760,Fraud,3,East Ward,26.916175,75.838882,2026-01-16T09:16:58.257791,9,4,0,0,0,Cloudy,10800,None,P-00459,PS-006,Cold
FIR-002761,Assault,2,Old City,26.915102,75.798177,2025-11-30T23:48:58.257791,23,6,1,1,0,Fog,16200,Blunt Object,P-00101,PS-006,Chargesheet Filed
FIR-002762,Burglary,3,Riverside,26.884768,75.800304,2025-10-11T15:36:58.257791,15,5,0,1,0,Clear,5200,None,P-00256,PS-008,Chargesheet Filed
FIR-002763,Robbery,3,Riverside,26.876971,75.798296,2026-01-09T07:01:58.257791,7,4,0,0,0,Cloudy,5200,Firearm,,PS-006,Chargesheet Filed
FIR-002764,Burglary,3,North District,26.92859,75.820985,2025-12-30T10:01:58.257791,10,1,0,0,0,Cloudy,8200,None,P-00139,PS-006,Chargesheet Filed
FIR-002765,Fraud,1,East Ward,26.911388,75.83904,2025-10-27T12:03:58.257791,12,0,0,0,0,Fog,10800,None,P-00464,PS-006,Chargesheet Filed
FIR-002766,Burglary,4,Industrial Belt,26.851191,75.774235,2025-11-15T05:52:58.257791,5,5,0,1,1,Cloudy,3100,None,P-00555,PS-004,Cold
FIR-002767,Theft,2,Old City,26.907751,75.796256,2026-02-21T08:14:58.257791,8,5,0,1,0,Rain,16200,None,,PS-001,Cold
FIR-002768,Burglary,3,Central Zone,26.899443,75.796099,2025-12-26T21:44:58.257791,21,4,1,0,0,Fog,14500,None,P-00495,PS-007,Under Investigation
FIR-002769,Assault,2,South Division,26.878681,75.794567,2025-11-25T08:28:58.257791,8,1,0,0,0,Cloudy,6400,Knife,,PS-003,Closed
FIR-002770,Fraud,1,East Ward,26.916627,75.838853,2025-09-02T23:36:58.257791,23,1,1,0,0,Clear,10800,None,P-00242,PS-008,Closed
FIR-002771,Assault,4,West Sector,26.890972,75.766805,2025-11-03T14:22:58.257791,14,0,0,0,0,Rain,9100,Knife,P-00281,PS-003,Under Investigation
FIR-002772,Burglary,3,East Ward,26.909239,75.8372,2026-06-28T00:41:58.257791,0,6,1,1,0,Clear,10800,None,P-00422,PS-007,Under Investigation
FIR-002773,Extortion,3,South Division,26.87998,75.788381,2026-03-12T20:26:58.257791,20,3,1,0,0,Cloudy,6400,Knife,,PS-005,Under Investigation
FIR-002774,Robbery,3,North District,26.922792,75.809694,2026-02-08T15:45:58.257791,15,6,0,1,0,Cloudy,8200,Improvised,P-00437,PS-007,Under Investigation
FIR-002775,Narcotics,2,Old City,26.921005,75.798891,2026-04-01T10:14:58.257791,10,2,0,0,0,Rain,16200,None,,PS-001,Under Investigation
FIR-002776,Theft,3,East Ward,26.893829,75.83195,2026-06-25T14:39:58.257791,14,3,0,0,0,Clear,10800,None,,PS-002,Under Investigation
FIR-002777,Vehicle Theft,1,West Sector,26.899257,75.785638,2026-05-03T10:25:58.257791,10,6,0,1,0,Cloudy,9100,None,,PS-007,Chargesheet Filed
FIR-002778,Vehicle Theft,1,East Ward,26.914938,75.822904,2025-09-10T18:20:58.257791,18,2,0,0,0,Clear,10800,None,P-00181,PS-007,Closed
FIR-002779,Burglary,3,South Division,26.863026,75.797984,2026-01-13T11:33:58.257791,11,1,0,0,0,Cloudy,6400,None,P-00099,PS-004,Under Investigation
FIR-002780,Burglary,4,Riverside,26.886752,75.803368,2026-07-25T09:22:58.257791,9,5,0,1,0,Fog,5200,None,,PS-002,Closed
FIR-002781,Fraud,1,South Division,26.876507,75.801601,2025-12-29T01:23:58.257791,1,0,1,0,0,Fog,6400,None,,PS-008,Under Investigation
FIR-002782,Theft,1,Old City,26.916347,75.816058,2026-04-15T16:41:58.257791,16,2,0,0,1,Clear,16200,None,P-00397,PS-008,Under Investigation
FIR-002783,Theft,1,Central Zone,26.911149,75.796563,2025-09-11T16:35:58.257791,16,3,0,0,0,Fog,14500,None,,PS-005,Under Investigation
FIR-002784,Theft,3,Central Zone,26.89072,75.806877,2025-10-02T15:04:58.257791,15,3,0,0,0,Clear,14500,None,P-00130,PS-004,Chargesheet Filed
FIR-002785,Narcotics,4,South Division,26.865619,75.797486,2026-01-04T10:25:58.257791,10,6,0,1,0,Cloudy,6400,None,P-00159,PS-001,Chargesheet Filed
FIR-002786,Narcotics,2,North District,26.921278,75.821594,2026-01-18T22:46:58.257791,22,6,1,1,0,Cloudy,8200,None,P-00247,PS-004,Under Investigation
FIR-002787,Theft,2,North District,26.909546,75.817527,2025-08-31T08:29:58.257791,8,6,0,1,0,Cloudy,8200,None,,PS-003,Under Investigation
FIR-002788,Theft,1,East Ward,26.913414,75.833664,2025-09-03T00:33:58.257791,0,2,1,0,0,Clear,10800,None,,PS-002,Chargesheet Filed
FIR-002789,Theft,3,West Sector,26.888669,75.772672,2025-09-03T02:15:58.257791,2,2,1,0,0,Cloudy,9100,None,,PS-008,Under Investigation
FIR-002790,Theft,3,South Division,26.871714,75.791234,2025-08-14T14:38:58.257791,14,3,0,0,0,Clear,6400,None,P-00152,PS-006,Under Investigation
FIR-002791,Fraud,2,Industrial Belt,26.851169,75.781379,2026-01-27T17:58:58.257791,17,1,0,0,0,Heatwave,3100,None,P-00431,PS-005,Under Investigation
FIR-002792,Fraud,3,North District,26.930743,75.810412,2025-11-28T19:47:58.257791,19,4,0,0,0,Fog,8200,None,P-00104,PS-001,Closed
FIR-002793,Narcotics,3,South Division,26.881411,75.789466,2025-08-24T12:44:58.257791,12,6,0,1,0,Fog,6400,None,P-00151,PS-006,Closed
FIR-002794,Theft,2,Old City,26.908407,75.816527,2026-02-24T04:06:58.257791,4,1,1,0,0,Clear,16200,None,,PS-006,Closed
FIR-002795,Robbery,5,Central Zone,26.88828,75.80709,2026-05-31T21:28:58.257791,21,6,1,1,0,Clear,14500,Knife,P-00285,PS-007,Closed
FIR-002796,Theft,2,North District,26.916705,75.831162,2026-01-01T07:24:58.257791,7,3,0,0,0,Clear,8200,None,,PS-004,Closed
FIR-002797,Fraud,2,Old City,26.912324,75.810829,2026-02-01T05:23:58.257791,5,6,0,1,0,Rain,16200,None,,PS-001,Under Investigation
FIR-002798,Theft,1,North District,26.917007,75.816353,2026-06-22T12:52:58.257791,12,0,0,0,0,Clear,8200,None,,PS-001,Under Investigation
FIR-002799,Burglary,3,North District,26.931257,75.81088,2026-05-26T21:45:58.257791,21,1,1,0,0,Cloudy,8200,None,,PS-003,Under Investigation
FIR-002800,Burglary,2,Industrial Belt,26.86925,75.77354,2026-03-26T14:13:58.257791,14,3,0,0,0,Rain,3100,None,,PS-005,Cold
FIR-002801,Narcotics,4,Old City,26.916394,75.811207,2026-07-07T07:13:58.257791,7,1,0,0,0,Clear,16200,None,P-00121,PS-001,Under Investigation
FIR-002802,Narcotics,3,North District,26.926792,75.816145,2026-05-07T08:56:58.257791,8,3,0,0,0,Fog,8200,None,P-00278,PS-005,Under Investigation
FIR-002803,Fraud,3,Central Zone,26.909765,75.810455,2025-10-08T17:36:58.257791,17,2,0,0,0,Fog,14500,None,,PS-006,Under Investigation
FIR-002804,Cybercrime,1,Riverside,26.869194,75.813075,2026-01-29T12:14:58.257791,12,3,0,0,0,Clear,5200,None,,PS-007,Chargesheet Filed
FIR-002805,Extortion,3,West Sector,26.902475,75.77951,2026-03-24T00:11:58.257791,0,1,1,0,0,Clear,9100,Knife,,PS-007,Closed
FIR-002806,Theft,2,North District,26.90936,75.820516,2026-06-03T18:27:58.257791,18,2,0,0,0,Cloudy,8200,None,P-00312,PS-005,Under Investigation
FIR-002807,Theft,1,Central Zone,26.906824,75.788306,2025-11-05T06:51:58.257791,6,2,0,0,0,Clear,14500,None,P-00122,PS-006,Under Investigation
FIR-002808,Fraud,2,Industrial Belt,26.85811,75.781855,2026-06-30T14:56:58.257791,14,1,0,0,0,Clear,3100,None,P-00431,PS-006,Under Investigation
FIR-002809,Assault,5,North District,26.922737,75.816424,2026-02-01T02:34:58.257791,2,6,1,1,0,Clear,8200,Knife,P-00413,PS-002,Under Investigation
FIR-002810,Vehicle Theft,1,East Ward,26.893631,75.840012,2025-11-12T13:38:58.257791,13,2,0,0,0,Clear,10800,None,,PS-003,Chargesheet Filed
FIR-002811,Theft,1,South Division,26.876755,75.800621,2026-06-30T05:18:58.257791,5,1,0,0,0,Heatwave,6400,None,P-00208,PS-007,Chargesheet Filed
FIR-002812,Burglary,2,Industrial Belt,26.855941,75.759146,2026-02-04T02:20:58.257791,2,2,1,0,0,Cloudy,3100,None,P-00258,PS-001,Chargesheet Filed
FIR-002813,Cybercrime,3,North District,26.921555,75.816548,2025-12-30T01:41:58.257791,1,1,1,0,0,Heatwave,8200,None,,PS-003,Closed
FIR-002814,Fraud,1,North District,26.914021,75.820689,2025-10-08T10:13:58.257791,10,2,0,0,0,Cloudy,8200,None,,PS-006,Closed
FIR-002815,Fraud,2,Central Zone,26.896096,75.801546,2025-11-29T23:50:58.257791,23,5,1,1,0,Cloudy,14500,None,P-00103,PS-001,Chargesheet Filed
FIR-002816,Theft,2,Central Zone,26.892674,75.811298,2025-11-09T13:40:58.257791,13,6,0,1,0,Heatwave,14500,None,P-00011,PS-004,Chargesheet Filed
FIR-002817,Assault,5,Central Zone,26.899134,75.797644,2026-04-22T02:52:58.257791,2,2,1,0,0,Clear,14500,None,P-00491,PS-002,Chargesheet Filed
FIR-002818,Robbery,4,West Sector,26.890038,75.784871,2026-04-02T21:28:58.257791,21,3,1,0,0,Cloudy,9100,Firearm,P-00504,PS-001,Chargesheet Filed
FIR-002819,Fraud,2,East Ward,26.897974,75.833444,2025-09-24T03:06:58.257791,3,2,1,0,0,Cloudy,10800,None,P-00561,PS-006,Chargesheet Filed
FIR-002820,Extortion,5,West Sector,26.886924,75.772051,2026-04-06T07:29:58.257791,7,0,0,0,0,Clear,9100,Knife,,PS-003,Chargesheet Filed
FIR-002821,Burglary,4,Central Zone,26.902779,75.801703,2025-12-09T01:22:58.257791,1,1,1,0,0,Rain,14500,None,,PS-006,Under Investigation
FIR-002822,Theft,1,Old City,26.910397,75.793505,2026-07-10T21:50:58.257791,21,4,1,0,0,Fog,16200,None,P-00393,PS-004,Under Investigation
FIR-002823,Vehicle Theft,3,East Ward,26.908194,75.828355,2026-04-12T08:15:58.257791,8,6,0,1,0,Rain,10800,None,,PS-002,Closed
FIR-002824,Narcotics,3,South Division,26.875984,75.788594,2025-07-29T23:34:58.257791,23,1,1,0,0,Clear,6400,None,,PS-004,Closed
FIR-002825,Burglary,3,East Ward,26.894802,75.826267,2025-08-29T23:55:58.257791,23,4,1,0,0,Cloudy,10800,None,,PS-002,Chargesheet Filed
FIR-002826,Fraud,2,Old City,26.91407,75.815205,2025-10-08T06:58:58.257791,6,2,0,0,0,Clear,16200,None,P-00326,PS-004,Under Investigation
FIR-002827,Burglary,3,East Ward,26.915362,75.837044,2025-11-21T17:13:58.257791,17,4,0,0,0,Clear,10800,None,P-00229,PS-008,Cold
FIR-002828,Vehicle Theft,2,Industrial Belt,26.862219,75.767709,2025-08-28T13:57:58.257791,13,3,0,0,0,Rain,3100,None,P-00464,PS-001,Under Investigation
FIR-002829,Theft,1,Riverside,26.875157,75.814029,2026-04-20T13:08:58.257791,13,0,0,0,0,Clear,5200,None,P-00543,PS-002,Under Investigation
FIR-002830,Extortion,4,Industrial Belt,26.86953,75.770198,2025-08-01T10:24:58.257791,10,4,0,0,0,Heatwave,3100,Knife,,PS-005,Under Investigation
FIR-002831,Robbery,4,West Sector,26.887925,75.77962,2025-10-29T11:24:58.257791,11,2,0,0,0,Rain,9100,Improvised,P-00582,PS-008,Under Investigation
FIR-002832,Robbery,5,Old City,26.905049,75.803834,2025-11-06T20:07:58.257791,20,3,1,0,0,Cloudy,16200,Improvised,P-00111,PS-004,Closed
FIR-002833,Theft,3,Industrial Belt,26.860592,75.775722,2025-12-30T03:51:58.257791,3,1,1,0,0,Cloudy,3100,None,P-00099,PS-002,Under Investigation
FIR-002834,Burglary,4,South Division,26.881373,75.79132,2025-12-04T12:02:58.257791,12,3,0,0,0,Rain,6400,None,P-00170,PS-008,Closed
FIR-002835,Narcotics,2,Riverside,26.881398,75.806731,2025-10-17T14:22:58.257791,14,4,0,0,0,Rain,5200,None,,PS-003,Under Investigation
FIR-002836,Theft,2,South Division,26.859523,75.779232,2025-11-30T19:50:58.257791,19,6,0,1,0,Clear,6400,None,P-00382,PS-005,Under Investigation
FIR-002837,Assault,4,Old City,26.917348,75.793345,2026-04-19T08:16:58.257791,8,6,0,1,0,Clear,16200,Firearm,P-00491,PS-002,Under Investigation
FIR-002838,Assault,3,Old City,26.915746,75.809061,2025-12-01T11:56:58.257791,11,0,0,0,0,Clear,16200,Knife,P-00463,PS-006,Cold
FIR-002839,Cybercrime,1,East Ward,26.911892,75.83351,2025-08-25T11:48:58.257791,11,0,0,0,0,Clear,10800,None,P-00207,PS-007,Closed
FIR-002840,Fraud,3,Central Zone,26.891567,75.810714,2026-01-05T01:43:58.257791,1,0,1,0,0,Rain,14500,None,,PS-001,Under Investigation
FIR-002841,Theft,2,East Ward,26.912194,75.834129,2026-04-14T06:57:58.257791,6,1,0,0,0,Fog,10800,None,,PS-003,Under Investigation
FIR-002842,Theft,3,North District,26.914707,75.819789,2026-07-17T06:22:58.257791,6,4,0,0,0,Cloudy,8200,None,,PS-005,Chargesheet Filed
FIR-002843,Burglary,3,North District,26.910525,75.831629,2025-10-12T11:47:58.257791,11,6,0,1,0,Heatwave,8200,None,,PS-001,Cold
FIR-002844,Burglary,3,Central Zone,26.897665,75.793138,2026-02-25T22:09:58.257791,22,2,1,0,0,Cloudy,14500,None,P-00469,PS-007,Chargesheet Filed
FIR-002845,Cybercrime,1,South Division,26.874884,75.801381,2025-11-16T22:42:58.257791,22,6,1,1,0,Cloudy,6400,None,P-00471,PS-006,Closed
FIR-002846,Theft,2,Old City,26.921543,75.800003,2026-02-20T11:27:58.257791,11,4,0,0,0,Fog,16200,None,,PS-005,Closed
FIR-002847,Fraud,2,Industrial Belt,26.865792,75.777987,2026-02-24T06:50:58.257791,6,1,0,0,0,Rain,3100,None,P-00077,PS-005,Under Investigation
FIR-002848,Assault,3,West Sector,26.899512,75.769638,2026-03-15T09:36:58.257791,9,6,0,1,1,Cloudy,9100,Blunt Object,P-00170,PS-002,Closed
FIR-002849,Theft,3,Old City,26.924695,75.797563,2026-04-15T16:03:58.257791,16,2,0,0,1,Clear,16200,None,,PS-007,Under Investigation
FIR-002850,Narcotics,3,North District,26.919917,75.809494,2025-12-10T03:51:58.257791,3,2,1,0,0,Clear,8200,None,P-00364,PS-003,Closed
FIR-002851,Cybercrime,1,Old City,26.920359,75.816101,2026-05-23T11:25:58.257791,11,5,0,1,0,Fog,16200,None,P-00301,PS-004,Chargesheet Filed
FIR-002852,Kidnapping,4,East Ward,26.900296,75.82978,2025-07-28T01:44:58.257791,1,0,1,0,0,Rain,10800,Blunt Object,P-00119,PS-001,Closed
FIR-002853,Fraud,1,West Sector,26.897753,75.777246,2026-01-05T20:51:58.257791,20,0,1,0,0,Cloudy,9100,None,,PS-001,Chargesheet Filed
FIR-002854,Fraud,1,Riverside,26.87107,75.805296,2026-04-10T00:30:58.257791,0,4,1,0,0,Rain,5200,None,P-00352,PS-006,Closed
FIR-002855,Assault,4,Central Zone,26.896757,75.799395,2025-08-16T20:47:58.257791,20,5,1,1,0,Fog,14500,Knife,P-00158,PS-002,Cold
FIR-002856,Theft,2,Old City,26.912463,75.813915,2026-07-03T09:33:58.257791,9,4,0,0,0,Rain,16200,None,P-00234,PS-008,Under Investigation
FIR-002857,Theft,1,Old City,26.920913,75.815275,2025-12-18T20:54:58.257791,20,3,1,0,0,Cloudy,16200,None,,PS-007,Chargesheet Filed
FIR-002858,Theft,2,Old City,26.912741,75.812308,2025-08-30T15:12:58.257791,15,5,0,1,0,Clear,16200,None,P-00219,PS-006,Under Investigation
FIR-002859,Burglary,4,South Division,26.879506,75.797605,2026-05-24T20:23:58.257791,20,6,1,1,0,Clear,6400,None,,PS-008,Under Investigation
FIR-002860,Burglary,2,West Sector,26.88944,75.786988,2026-01-28T02:16:58.257791,2,2,1,0,0,Rain,9100,None,P-00275,PS-004,Under Investigation
FIR-002861,Robbery,4,East Ward,26.907121,75.827052,2025-10-15T14:10:58.257791,14,2,0,0,1,Cloudy,10800,None,P-00504,PS-008,Chargesheet Filed
FIR-002862,Theft,2,South Division,26.881547,75.800504,2025-08-14T02:57:58.257791,2,3,1,0,0,Clear,6400,None,P-00193,PS-006,Under Investigation
FIR-002863,Burglary,3,Old City,26.917699,75.813783,2026-02-10T21:49:58.257791,21,1,1,0,0,Cloudy,16200,None,P-00549,PS-004,Chargesheet Filed
FIR-002864,Extortion,5,East Ward,26.89692,75.836986,2026-07-14T03:09:58.257791,3,1,1,0,0,Clear,10800,Firearm,P-00517,PS-006,Chargesheet Filed
FIR-002865,Theft,2,East Ward,26.902297,75.838447,2026-05-27T18:49:58.257791,18,2,0,0,0,Clear,10800,None,,PS-008,Under Investigation
FIR-002866,Vehicle Theft,3,Central Zone,26.911405,75.798609,2026-02-07T14:04:58.257791,14,5,0,1,0,Fog,14500,None,P-00483,PS-006,Under Investigation
FIR-002867,Burglary,3,Old City,26.926922,75.807549,2025-12-18T21:06:58.257791,21,3,1,0,0,Clear,16200,None,,PS-004,Chargesheet Filed
FIR-002868,Assault,5,Old City,26.90491,75.80312,2025-10-02T02:46:58.257791,2,3,1,0,0,Cloudy,16200,Blunt Object,P-00565,PS-002,Chargesheet Filed
FIR-002869,Theft,1,North District,26.920914,75.82299,2026-06-01T03:12:58.257791,3,0,1,0,0,Clear,8200,None,,PS-005,Under Investigation
FIR-002870,Assault,4,Industrial Belt,26.870943,75.763653,2026-04-22T22:15:58.257791,22,2,1,0,0,Rain,3100,Firearm,P-00369,PS-007,Chargesheet Filed
FIR-002871,Vehicle Theft,2,East Ward,26.905437,75.823567,2026-05-21T06:29:58.257791,6,3,0,0,0,Fog,10800,None,,PS-005,Under Investigation
FIR-002872,Extortion,4,Old City,26.917638,75.809488,2026-01-08T11:53:58.257791,11,3,0,0,0,Rain,16200,Firearm,,PS-008,Under Investigation
FIR-002873,Burglary,2,South Division,26.86953,75.787887,2026-03-14T22:14:58.257791,22,5,1,1,0,Clear,6400,None,P-00244,PS-005,Closed
FIR-002874,Robbery,3,East Ward,26.91393,75.823897,2026-05-04T09:08:58.257791,9,0,0,0,0,Fog,10800,Blunt Object,P-00190,PS-001,Under Investigation
FIR-002875,Robbery,5,East Ward,26.907623,75.820764,2026-05-08T18:05:58.257791,18,4,0,0,0,Clear,10800,Improvised,,PS-006,Closed
FIR-002876,Theft,3,South Division,26.873697,75.792978,2025-07-27T17:21:58.257791,17,6,0,1,0,Clear,6400,None,,PS-003,Cold
FIR-002877,Kidnapping,5,West Sector,26.901557,75.782438,2026-03-15T13:50:58.257791,13,6,0,1,1,Heatwave,9100,None,,PS-008,Chargesheet Filed
FIR-002878,Assault,5,North District,26.90968,75.829649,2026-02-17T23:17:58.257791,23,1,1,0,0,Clear,8200,Improvised,,PS-007,Under Investigation
FIR-002879,Fraud,1,East Ward,26.900273,75.837662,2025-11-26T18:03:58.257791,18,2,0,0,0,Clear,10800,None,P-00227,PS-001,Closed
FIR-002880,Theft,2,West Sector,26.8884,75.770127,2026-01-30T02:27:58.257791,2,4,1,0,0,Cloudy,9100,None,,PS-004,Chargesheet Filed
FIR-002881,Theft,2,Industrial Belt,26.857127,75.759162,2026-06-24T04:09:58.257791,4,2,1,0,0,Clear,3100,None,P-00034,PS-002,Chargesheet Filed
FIR-002882,Assault,2,Riverside,26.890011,75.816957,2026-06-07T01:48:58.257791,1,6,1,1,0,Clear,5200,None,,PS-006,Under Investigation
FIR-002883,Assault,5,West Sector,26.897368,75.76392,2025-08-09T03:31:58.257791,3,5,1,1,0,Clear,9100,Knife,P-00122,PS-004,Under Investigation
FIR-002884,Narcotics,2,Industrial Belt,26.870268,75.773294,2025-10-03T02:51:58.257791,2,4,1,0,0,Fog,3100,None,P-00491,PS-005,Closed
FIR-002885,Theft,1,Central Zone,26.899529,75.80754,2026-02-28T10:17:58.257791,10,5,0,1,0,Heatwave,14500,None,,PS-004,Chargesheet Filed
FIR-002886,Cybercrime,1,Central Zone,26.890248,75.794426,2026-01-11T07:44:58.257791,7,6,0,1,0,Cloudy,14500,None,,PS-008,Under Investigation
FIR-002887,Extortion,5,West Sector,26.901512,75.764273,2026-02-24T16:33:58.257791,16,1,0,0,0,Fog,9100,None,P-00062,PS-004,Under Investigation
FIR-002888,Extortion,5,West Sector,26.887334,75.772791,2026-06-17T14:47:58.257791,14,2,0,0,0,Heatwave,9100,Knife,,PS-005,Closed
FIR-002889,Theft,3,South Division,26.877205,75.783289,2026-07-20T05:09:58.257791,5,0,0,0,0,Clear,6400,None,,PS-005,Chargesheet Filed
FIR-002890,Vehicle Theft,1,West Sector,26.903945,75.785643,2026-07-06T23:18:58.257791,23,0,1,0,0,Clear,9100,None,,PS-003,Chargesheet Filed
FIR-002891,Burglary,3,South Division,26.88157,75.786152,2026-05-30T21:48:58.257791,21,5,1,1,0,Clear,6400,None,,PS-005,Chargesheet Filed
FIR-002892,Vehicle Theft,2,West Sector,26.902346,75.778516,2026-03-03T22:44:58.257791,22,1,1,0,0,Heatwave,9100,None,P-00388,PS-002,Chargesheet Filed
FIR-002893,Assault,2,Central Zone,26.893877,75.806353,2026-04-12T03:36:58.257791,3,6,1,1,0,Cloudy,14500,Blunt Object,,PS-005,Closed
FIR-002894,Robbery,3,South Division,26.874077,75.779243,2026-01-04T18:14:58.257791,18,6,0,1,0,Cloudy,6400,Firearm,P-00234,PS-007,Chargesheet Filed
FIR-002895,Vehicle Theft,2,North District,26.910608,75.822982,2025-08-26T06:30:58.257791,6,1,0,0,0,Clear,8200,None,,PS-006,Chargesheet Filed
FIR-002896,Fraud,1,South Division,26.860852,75.790843,2026-06-19T08:00:58.257791,8,4,0,0,0,Clear,6400,None,P-00167,PS-005,Under Investigation
FIR-002897,Burglary,2,Riverside,26.869468,75.821756,2025-09-30T10:52:58.257791,10,1,0,0,0,Cloudy,5200,None,,PS-004,Under Investigation
FIR-002898,Theft,2,West Sector,26.899429,75.776964,2025-08-20T09:26:58.257791,9,2,0,0,0,Cloudy,9100,None,,PS-004,Chargesheet Filed
FIR-002899,Theft,2,East Ward,26.896413,75.839447,2026-06-15T00:02:58.257791,0,0,1,0,1,Rain,10800,None,,PS-006,Chargesheet Filed
FIR-002900,Robbery,4,Industrial Belt,26.857229,75.766282,2026-02-06T22:47:58.257791,22,4,1,0,0,Cloudy,3100,Improvised,,PS-004,Chargesheet Filed
FIR-002901,Burglary,2,Old City,26.903708,75.809369,2026-05-27T01:29:58.257791,1,2,1,0,0,Cloudy,16200,None,P-00403,PS-006,Chargesheet Filed
FIR-002902,Cybercrime,1,East Ward,26.909292,75.831581,2026-04-23T23:41:58.257791,23,3,1,0,0,Fog,10800,None,P-00528,PS-004,Closed
FIR-002903,Vehicle Theft,2,South Division,26.877527,75.793148,2025-08-02T15:45:58.257791,15,5,0,1,0,Clear,6400,None,,PS-005,Under Investigation
FIR-002904,Fraud,2,Old City,26.923859,75.796777,2026-07-16T16:52:58.257791,16,3,0,0,0,Rain,16200,None,P-00551,PS-007,Closed
FIR-002905,Assault,5,North District,26.91656,75.818848,2025-11-10T23:19:58.257791,23,0,1,0,0,Clear,8200,Improvised,P-00570,PS-001,Closed
FIR-002906,Burglary,4,North District,26.929869,75.82928,2026-01-17T15:49:58.257791,15,5,0,1,0,Clear,8200,None,,PS-004,Closed
FIR-002907,Assault,3,East Ward,26.893994,75.825149,2025-12-06T11:07:58.257791,11,5,0,1,0,Cloudy,10800,Firearm,,PS-001,Closed
FIR-002908,Fraud,3,Central Zone,26.905976,75.78801,2025-09-16T12:21:58.257791,12,1,0,0,0,Clear,14500,None,P-00056,PS-004,Chargesheet Filed
FIR-002909,Theft,2,South Division,26.872841,75.793125,2025-10-27T13:34:58.257791,13,0,0,0,0,Heatwave,6400,None,,PS-007,Under Investigation
FIR-002910,Assault,2,East Ward,26.904729,75.831755,2026-02-12T07:33:58.257791,7,3,0,0,0,Clear,10800,Firearm,P-00326,PS-007,Under Investigation
FIR-002911,Cybercrime,1,Industrial Belt,26.848274,75.758124,2026-07-23T18:25:58.257791,18,3,0,0,0,Clear,3100,None,,PS-002,Closed
FIR-002912,Robbery,3,East Ward,26.894426,75.840914,2025-10-25T20:12:58.257791,20,5,1,1,0,Clear,10800,Blunt Object,P-00581,PS-007,Chargesheet Filed
FIR-002913,Burglary,4,Central Zone,26.908576,75.793643,2025-08-15T11:15:58.257791,11,4,0,0,1,Clear,14500,None,P-00108,PS-004,Under Investigation
FIR-002914,Vehicle Theft,1,Industrial Belt,26.857139,75.776977,2026-02-07T17:07:58.257791,17,5,0,1,0,Heatwave,3100,None,P-00337,PS-004,Closed
FIR-002915,Theft,1,South Division,26.858945,75.789019,2026-04-25T13:01:58.257791,13,5,0,1,0,Clear,6400,None,,PS-001,Closed
FIR-002916,Theft,1,Central Zone,26.898946,75.805636,2026-06-09T11:37:58.257791,11,1,0,0,0,Clear,14500,None,,PS-005,Closed
FIR-002917,Assault,4,Riverside,26.878797,75.798511,2026-03-03T17:12:58.257791,17,1,0,0,0,Cloudy,5200,Knife,P-00538,PS-007,Closed
FIR-002918,Cybercrime,2,Riverside,26.89036,75.821452,2026-01-06T14:28:58.257791,14,1,0,0,0,Rain,5200,None,,PS-001,Chargesheet Filed
FIR-002919,Fraud,2,Old City,26.915702,75.805958,2026-06-08T12:44:58.257791,12,0,0,0,0,Cloudy,16200,None,,PS-006,Under Investigation
FIR-002920,Theft,2,Old City,26.924047,75.793595,2026-04-27T18:09:58.257791,18,0,0,0,0,Clear,16200,None,,PS-003,Under Investigation
FIR-002921,Cybercrime,2,South Division,26.866388,75.784285,2025-08-11T17:52:58.257791,17,0,0,0,0,Clear,6400,None,P-00582,PS-007,Chargesheet Filed
FIR-002922,Burglary,2,Old City,26.914307,75.812646,2025-09-10T07:04:58.257791,7,2,0,0,0,Cloudy,16200,None,,PS-004,Under Investigation
FIR-002923,Narcotics,2,Riverside,26.891564,75.82096,2026-01-21T10:01:58.257791,10,2,0,0,0,Clear,5200,None,,PS-001,Closed
FIR-002924,Narcotics,4,Industrial Belt,26.848312,75.779337,2025-12-06T11:50:58.257791,11,5,0,1,0,Heatwave,3100,None,P-00310,PS-002,Under Investigation
FIR-002925,Narcotics,2,Old City,26.912547,75.800645,2026-04-09T18:10:58.257791,18,3,0,0,0,Clear,16200,None,,PS-008,Cold
FIR-002926,Burglary,2,North District,26.908019,75.820739,2025-09-15T22:19:58.257791,22,0,1,0,1,Clear,8200,None,P-00475,PS-008,Cold
FIR-002927,Theft,2,Riverside,26.879616,75.817875,2025-11-23T04:59:58.257791,4,6,1,1,0,Clear,5200,None,P-00065,PS-001,Closed
FIR-002928,Assault,5,North District,26.93181,75.827955,2026-02-14T11:17:58.257791,11,5,0,1,0,Cloudy,8200,Knife,P-00353,PS-006,Chargesheet Filed
FIR-002929,Fraud,2,Riverside,26.891448,75.806227,2026-03-02T11:27:58.257791,11,0,0,0,0,Clear,5200,None,P-00326,PS-007,Closed
FIR-002930,Narcotics,2,Riverside,26.884332,75.811741,2026-06-19T16:22:58.257791,16,4,0,0,0,Rain,5200,None,P-00461,PS-007,Under Investigation
FIR-002931,Fraud,1,Old City,26.905396,75.809232,2026-07-04T14:06:58.257791,14,5,0,1,0,Cloudy,16200,None,P-00454,PS-006,Chargesheet Filed
FIR-002932,Theft,3,Industrial Belt,26.871894,75.760342,2026-07-09T08:41:58.257791,8,3,0,0,0,Cloudy,3100,None,,PS-007,Chargesheet Filed
FIR-002933,Burglary,3,East Ward,26.896623,75.835226,2025-11-16T22:05:58.257791,22,6,1,1,0,Clear,10800,None,P-00501,PS-002,Under Investigation
FIR-002934,Vehicle Theft,1,Industrial Belt,26.853522,75.776667,2026-06-03T16:13:58.257791,16,2,0,0,0,Cloudy,3100,None,,PS-002,Under Investigation
FIR-002935,Extortion,3,Industrial Belt,26.858426,75.771141,2026-07-11T12:34:58.257791,12,5,0,1,0,Heatwave,3100,None,,PS-006,Chargesheet Filed
FIR-002936,Cybercrime,1,Old City,26.926289,75.806817,2026-02-14T19:33:58.257791,19,5,0,1,0,Rain,16200,None,P-00077,PS-004,Under Investigation
FIR-002937,Assault,2,Central Zone,26.904617,75.810388,2026-05-13T00:17:58.257791,0,2,1,0,0,Clear,14500,Knife,P-00454,PS-005,Closed
FIR-002938,Robbery,3,Central Zone,26.890264,75.800883,2026-07-21T01:57:58.257791,1,1,1,0,0,Rain,14500,Knife,,PS-001,Closed
FIR-002939,Theft,3,Central Zone,26.89367,75.795244,2025-12-27T22:29:58.257791,22,5,1,1,0,Cloudy,14500,None,P-00447,PS-003,Closed
FIR-002940,Vehicle Theft,3,West Sector,26.890492,75.769356,2026-02-27T15:01:58.257791,15,4,0,0,0,Cloudy,9100,None,,PS-007,Under Investigation
FIR-002941,Burglary,4,South Division,26.860308,75.79409,2025-11-09T00:57:58.257791,0,6,1,1,0,Fog,6400,None,,PS-008,Under Investigation
FIR-002942,Fraud,3,West Sector,26.889055,75.785081,2025-12-09T18:07:58.257791,18,1,0,0,0,Rain,9100,None,P-00246,PS-003,Chargesheet Filed
FIR-002943,Burglary,2,North District,26.917893,75.812271,2026-02-17T13:16:58.257791,13,1,0,0,0,Cloudy,8200,None,P-00065,PS-008,Under Investigation
FIR-002944,Burglary,4,West Sector,26.893903,75.780081,2026-06-27T22:31:58.257791,22,5,1,1,0,Cloudy,9100,None,,PS-001,Closed
FIR-002945,Assault,2,West Sector,26.894633,75.773068,2026-03-09T02:34:58.257791,2,0,1,0,0,Clear,9100,Firearm,P-00393,PS-002,Under Investigation
FIR-002946,Assault,3,Old City,26.907716,75.80756,2025-09-24T23:20:58.257791,23,2,1,0,0,Clear,16200,Knife,P-00464,PS-005,Under Investigation
FIR-002947,Theft,1,Central Zone,26.909119,75.807366,2026-04-30T10:58:58.257791,10,3,0,0,0,Clear,14500,None,P-00369,PS-007,Chargesheet Filed
FIR-002948,Theft,3,West Sector,26.898739,75.763782,2026-02-19T21:42:58.257791,21,3,1,0,0,Clear,9100,None,P-00481,PS-008,Chargesheet Filed
FIR-002949,Theft,3,East Ward,26.905155,75.833655,2026-06-30T15:47:58.257791,15,1,0,0,0,Clear,10800,None,,PS-006,Closed
FIR-002950,Vehicle Theft,1,Central Zone,26.891251,75.798619,2026-07-24T18:34:58.257791,18,4,0,0,0,Clear,14500,None,P-00094,PS-006,Under Investigation
FIR-002951,Theft,3,South Division,26.860307,75.788821,2026-01-16T00:43:58.257791,0,4,1,0,0,Rain,6400,None,P-00425,PS-005,Under Investigation
FIR-002952,Cybercrime,3,East Ward,26.907282,75.821839,2026-06-27T23:52:58.257791,23,5,1,1,0,Rain,10800,None,,PS-001,Chargesheet Filed
FIR-002953,Robbery,5,Central Zone,26.89509,75.791709,2025-09-14T13:30:58.257791,13,6,0,1,0,Rain,14500,Blunt Object,,PS-007,Under Investigation
FIR-002954,Cybercrime,3,North District,26.908342,75.812046,2026-02-24T14:11:58.257791,14,1,0,0,0,Cloudy,8200,None,,PS-007,Under Investigation
FIR-002955,Assault,2,Central Zone,26.904059,75.790883,2026-02-22T18:51:58.257791,18,6,0,1,0,Cloudy,14500,Improvised,P-00413,PS-001,Under Investigation
FIR-002956,Robbery,5,Central Zone,26.91133,75.808766,2025-07-27T04:50:58.257791,4,6,1,1,0,Clear,14500,Knife,,PS-003,Under Investigation
FIR-002957,Cybercrime,3,Old City,26.904501,75.811326,2025-10-31T18:20:58.257791,18,4,0,0,0,Clear,16200,None,,PS-003,Cold
FIR-002958,Fraud,1,Central Zone,26.890708,75.794459,2026-07-24T12:20:58.257791,12,4,0,0,0,Clear,14500,None,P-00495,PS-002,Cold
FIR-002959,Fraud,1,Industrial Belt,26.858904,75.761218,2025-08-26T07:51:58.257791,7,1,0,0,0,Rain,3100,None,,PS-005,Chargesheet Filed
FIR-002960,Robbery,3,Industrial Belt,26.855352,75.76202,2026-07-01T11:17:58.257791,11,2,0,0,0,Clear,3100,Knife,,PS-008,Closed
FIR-002961,Fraud,3,Central Zone,26.893513,75.793754,2026-01-08T05:29:58.257791,5,3,0,0,0,Clear,14500,None,P-00397,PS-006,Closed
FIR-002962,Fraud,3,Industrial Belt,26.860375,75.772616,2026-04-16T14:05:58.257791,14,3,0,0,0,Clear,3100,None,,PS-002,Closed
FIR-002963,Theft,3,North District,26.91159,75.817825,2026-01-07T11:22:58.257791,11,2,0,0,0,Clear,8200,None,P-00437,PS-001,Cold
FIR-002964,Robbery,5,Riverside,26.883807,75.81365,2026-06-04T02:55:58.257791,2,3,1,0,0,Clear,5200,Improvised,P-00443,PS-002,Under Investigation
FIR-002965,Cybercrime,1,Riverside,26.879357,75.801882,2026-04-29T20:42:58.257791,20,2,1,0,0,Clear,5200,None,P-00566,PS-005,Closed
FIR-002966,Robbery,3,South Division,26.868101,75.791263,2026-05-23T01:53:58.257791,1,5,1,1,0,Rain,6400,Blunt Object,,PS-006,Chargesheet Filed
FIR-002967,Narcotics,4,Riverside,26.883306,75.79854,2026-04-05T15:02:58.257791,15,6,0,1,0,Heatwave,5200,None,P-00015,PS-002,Closed
FIR-002968,Robbery,5,South Division,26.861525,75.799783,2025-11-11T15:33:58.257791,15,1,0,0,0,Heatwave,6400,Firearm,P-00247,PS-007,Closed
FIR-002969,Fraud,1,Old City,26.905495,75.809669,2026-05-03T02:18:58.257791,2,6,1,1,0,Rain,16200,None,,PS-003,Chargesheet Filed
FIR-002970,Robbery,5,West Sector,26.889851,75.774604,2025-10-13T02:36:58.257791,2,0,1,0,0,Clear,9100,Firearm,P-00107,PS-002,Closed
FIR-002971,Fraud,2,North District,26.909215,75.83053,2026-06-25T08:48:58.257791,8,3,0,0,0,Clear,8200,None,,PS-008,Closed
FIR-002972,Assault,3,Riverside,26.890863,75.820969,2025-12-21T11:21:58.257791,11,6,0,1,0,Cloudy,5200,Improvised,,PS-004,Under Investigation
FIR-002973,Theft,3,North District,26.909363,75.825187,2026-04-27T12:52:58.257791,12,0,0,0,0,Fog,8200,None,,PS-004,Under Investigation
FIR-002974,Narcotics,2,South Division,26.859093,75.781696,2026-06-13T14:56:58.257791,14,5,0,1,0,Cloudy,6400,None,P-00234,PS-008,Chargesheet Filed
FIR-002975,Fraud,3,South Division,26.878375,75.787076,2025-11-13T07:26:58.257791,7,3,0,0,0,Rain,6400,None,,PS-006,Chargesheet Filed
FIR-002976,Cybercrime,3,West Sector,26.891642,75.780393,2026-01-12T10:17:58.257791,10,0,0,0,0,Cloudy,9100,None,P-00281,PS-005,Cold
FIR-002977,Narcotics,4,South Division,26.869351,75.78338,2026-04-20T23:33:58.257791,23,0,1,0,0,Clear,6400,None,P-00126,PS-006,Under Investigation
FIR-002978,Burglary,4,West Sector,26.895233,75.76627,2025-12-09T04:45:58.257791,4,1,1,0,0,Clear,9100,None,P-00461,PS-005,Under Investigation
FIR-002979,Theft,3,North District,26.925885,75.813088,2025-09-25T16:35:58.257791,16,3,0,0,0,Clear,8200,None,P-00043,PS-007,Closed
FIR-002980,Burglary,2,West Sector,26.887748,75.778479,2025-09-18T20:24:58.257791,20,3,1,0,0,Clear,9100,None,,PS-006,Closed
FIR-002981,Assault,2,West Sector,26.898964,75.768908,2026-05-11T02:01:58.257791,2,0,1,0,0,Clear,9100,Knife,,PS-005,Under Investigation
FIR-002982,Assault,2,Old City,26.920132,75.802058,2026-03-19T08:37:58.257791,8,3,0,0,0,Clear,16200,Blunt Object,,PS-005,Cold
FIR-002983,Theft,3,Central Zone,26.900474,75.802487,2025-08-22T02:25:58.257791,2,4,1,0,0,Cloudy,14500,None,P-00193,PS-004,Closed
FIR-002984,Burglary,4,East Ward,26.900338,75.829519,2025-12-12T09:07:58.257791,9,4,0,0,0,Heatwave,10800,None,,PS-004,Chargesheet Filed
FIR-002985,Cybercrime,3,South Division,26.869532,75.789026,2026-02-12T14:38:58.257791,14,3,0,0,0,Clear,6400,None,P-00531,PS-006,Closed
FIR-002986,Assault,4,North District,26.911902,75.809616,2025-12-22T23:56:58.257791,23,0,1,0,0,Rain,8200,Improvised,,PS-001,Closed
FIR-002987,Kidnapping,4,North District,26.916892,75.824726,2026-01-07T00:33:58.257791,0,2,1,0,0,Clear,8200,Knife,P-00060,PS-005,Cold
FIR-002988,Burglary,2,East Ward,26.908369,75.827978,2026-04-28T08:18:58.257791,8,1,0,0,0,Cloudy,10800,None,P-00034,PS-008,Closed
FIR-002989,Vehicle Theft,2,South Division,26.871957,75.785369,2025-11-10T21:41:58.257791,21,0,1,0,0,Cloudy,6400,None,P-00172,PS-005,Under Investigation
FIR-002990,Assault,3,Old City,26.909935,75.800662,2025-11-06T23:42:58.257791,23,3,1,0,0,Clear,16200,Blunt Object,P-00094,PS-003,Chargesheet Filed
FIR-002991,Burglary,2,South Division,26.870344,75.78788,2025-11-10T03:57:58.257791,3,0,1,0,0,Fog,6400,None,P-00501,PS-001,Under Investigation
FIR-002992,Theft,3,North District,26.909782,75.831095,2025-12-05T14:48:58.257791,14,4,0,0,0,Heatwave,8200,None,P-00462,PS-008,Under Investigation
FIR-002993,Assault,3,Riverside,26.883589,75.821194,2025-12-14T00:04:58.257791,0,6,1,1,0,Clear,5200,Knife,,PS-004,Chargesheet Filed
FIR-002994,Vehicle Theft,3,West Sector,26.898935,75.774888,2025-09-02T16:16:58.257791,16,1,0,0,0,Cloudy,9100,None,,PS-006,Under Investigation
FIR-002995,Vehicle Theft,2,West Sector,26.903507,75.765288,2025-09-10T02:34:58.257791,2,2,1,0,0,Cloudy,9100,None,P-00148,PS-007,Cold
FIR-002996,Burglary,3,West Sector,26.887067,75.764231,2025-12-08T17:38:58.257791,17,0,0,0,0,Rain,9100,None,,PS-003,Chargesheet Filed
FIR-002997,Narcotics,3,Industrial Belt,26.848853,75.765669,2026-01-13T03:32:58.257791,3,1,1,0,0,Cloudy,3100,None,,PS-006,Chargesheet Filed
FIR-002998,Theft,1,Riverside,26.882707,75.798102,2025-08-19T06:48:58.257791,6,1,0,0,0,Clear,5200,None,P-00399,PS-003,Closed
FIR-002999,Assault,4,Riverside,26.878052,75.817073,2025-10-19T00:08:58.257791,0,6,1,1,0,Clear,5200,Knife,,PS-004,Under Investigation
FIR-003000,Robbery,5,Industrial Belt,26.866483,75.771357,2026-02-17T01:23:58.257791,1,1,1,0,0,Clear,3100,Improvised,,PS-008,Under Investigation
FIR-003001,Burglary,3,Old City,26.91472,75.816016,2026-05-19T10:53:58.257791,10,1,0,0,0,Clear,16200,None,,PS-004,Cold
FIR-003002,Assault,4,North District,26.908241,75.814045,2026-06-11T16:59:58.257791,16,3,0,0,0,Clear,8200,Firearm,,PS-001,Under Investigation
FIR-003003,Burglary,3,Old City,26.91538,75.811368,2025-08-03T04:17:58.257791,4,6,1,1,0,Cloudy,16200,None,,PS-001,Closed
FIR-003004,Fraud,3,West Sector,26.886194,75.767847,2026-02-15T12:22:58.257791,12,6,0,1,1,Fog,9100,None,P-00043,PS-005,Under Investigation
FIR-003005,Narcotics,3,North District,26.928462,75.819264,2025-11-26T15:55:58.257791,15,2,0,0,0,Cloudy,8200,None,,PS-004,Under Investigation
FIR-003006,Narcotics,3,Central Zone,26.911569,75.791528,2026-05-24T20:39:58.257791,20,6,1,1,0,Cloudy,14500,None,P-00117,PS-007,Under Investigation
FIR-003007,Narcotics,2,Riverside,26.87447,75.815179,2025-11-13T23:26:58.257791,23,3,1,0,0,Clear,5200,None,P-00217,PS-006,Under Investigation
FIR-003008,Theft,1,Central Zone,26.904592,75.806576,2026-05-26T22:01:58.257791,22,1,1,0,0,Clear,14500,None,P-00020,PS-002,Under Investigation
FIR-003009,Burglary,4,South Division,26.863659,75.779473,2026-05-31T23:25:58.257791,23,6,1,1,0,Cloudy,6400,None,,PS-008,Closed
FIR-003010,Robbery,4,Old City,26.905798,75.815584,2025-11-23T04:05:58.257791,4,6,1,1,0,Rain,16200,Knife,,PS-005,Chargesheet Filed
FIR-003011,Burglary,2,Old City,26.924591,75.805897,2025-12-14T07:38:58.257791,7,6,0,1,0,Cloudy,16200,None,,PS-008,Closed
FIR-003012,Theft,1,Industrial Belt,26.848006,75.769158,2025-11-14T05:55:58.257791,5,4,0,0,0,Fog,3100,None,,PS-007,Under Investigation
FIR-003013,Theft,1,Industrial Belt,26.865312,75.766025,2026-02-03T18:59:58.257791,18,1,0,0,0,Cloudy,3100,None,P-00528,PS-003,Under Investigation
FIR-003014,Burglary,4,South Division,26.874044,75.791733,2025-11-05T07:02:58.257791,7,2,0,0,0,Cloudy,6400,None,,PS-008,Under Investigation
FIR-003015,Assault,2,Old City,26.909705,75.796988,2025-10-28T16:10:58.257791,16,1,0,0,0,Clear,16200,Knife,P-00139,PS-004,Under Investigation
FIR-003016,Burglary,4,Old City,26.90692,75.801108,2025-09-07T00:23:58.257791,0,6,1,1,0,Fog,16200,None,,PS-007,Under Investigation
FIR-003017,Narcotics,2,Old City,26.924059,75.809499,2026-05-20T16:09:58.257791,16,2,0,0,0,Fog,16200,None,,PS-005,Under Investigation
FIR-003018,Burglary,3,West Sector,26.892309,75.779208,2025-10-16T23:28:58.257791,23,3,1,0,0,Heatwave,9100,None,P-00596,PS-004,Closed
FIR-003019,Robbery,3,Central Zone,26.904659,75.802727,2026-07-19T14:13:58.257791,14,6,0,1,0,Clear,14500,Blunt Object,P-00467,PS-005,Under Investigation
FIR-003020,Extortion,3,Industrial Belt,26.852973,75.770535,2026-01-18T11:43:58.257791,11,6,0,1,0,Rain,3100,Firearm,P-00437,PS-002,Chargesheet Filed
FIR-003021,Theft,3,Old City,26.92087,75.801167,2026-06-03T18:12:58.257791,18,2,0,0,0,Clear,16200,None,P-00429,PS-006,Under Investigation
FIR-003022,Theft,1,Old City,26.920785,75.809342,2025-10-29T05:42:58.257791,5,2,0,0,0,Fog,16200,None,P-00367,PS-001,Closed
FIR-003023,Burglary,3,Riverside,26.877452,75.808953,2025-08-31T11:18:58.257791,11,6,0,1,0,Cloudy,5200,None,P-00462,PS-006,Under Investigation
FIR-003024,Cybercrime,2,East Ward,26.913867,75.818992,2025-12-11T11:06:58.257791,11,3,0,0,0,Rain,10800,None,,PS-007,Closed
FIR-003025,Cybercrime,1,Old City,26.920911,75.800991,2025-10-06T08:45:58.257791,8,0,0,0,0,Fog,16200,None,P-00483,PS-006,Chargesheet Filed
FIR-003026,Fraud,3,East Ward,26.909031,75.839412,2026-07-23T02:48:58.257791,2,3,1,0,0,Cloudy,10800,None,,PS-006,Chargesheet Filed
FIR-003027,Assault,5,Central Zone,26.909512,75.800178,2025-12-28T20:00:58.257791,20,6,1,1,0,Clear,14500,Improvised,,PS-005,Cold
FIR-003028,Theft,2,Old City,26.922716,75.797093,2026-05-14T06:10:58.257791,6,3,0,0,0,Cloudy,16200,None,P-00558,PS-006,Chargesheet Filed
FIR-003029,Narcotics,4,Industrial Belt,26.853398,75.78148,2025-10-13T18:18:58.257791,18,0,0,0,0,Clear,3100,None,,PS-005,Cold
FIR-003030,Cybercrime,1,Central Zone,26.899483,75.796286,2025-08-26T16:33:58.257791,16,1,0,0,0,Fog,14500,None,,PS-005,Under Investigation
FIR-003031,Extortion,5,North District,26.913939,75.829848,2026-06-02T20:12:58.257791,20,1,1,0,0,Cloudy,8200,Firearm,,PS-004,Chargesheet Filed
FIR-003032,Narcotics,3,Industrial Belt,26.854615,75.768661,2025-10-29T23:14:58.257791,23,2,1,0,0,Clear,3100,None,P-00350,PS-001,Under Investigation
FIR-003033,Robbery,5,East Ward,26.915475,75.823586,2026-07-04T06:09:58.257791,6,5,0,1,0,Clear,10800,None,P-00475,PS-008,Closed
FIR-003034,Theft,2,Old City,26.915569,75.793222,2025-08-31T16:53:58.257791,16,6,0,1,0,Clear,16200,None,P-00464,PS-005,Cold
FIR-003035,Fraud,1,North District,26.914707,75.82202,2026-04-13T09:10:58.257791,9,0,0,0,0,Rain,8200,None,,PS-001,Under Investigation
FIR-003036,Burglary,4,Old City,26.907152,75.793738,2026-07-13T20:37:58.257791,20,0,1,0,0,Rain,16200,None,,PS-004,Under Investigation
FIR-003037,Theft,1,Industrial Belt,26.859002,75.77411,2025-12-21T19:47:58.257791,19,6,0,1,0,Clear,3100,None,P-00152,PS-002,Under Investigation
FIR-003038,Assault,5,West Sector,26.896191,75.763934,2025-07-30T23:56:58.257791,23,2,1,0,0,Clear,9100,Blunt Object,P-00561,PS-008,Cold
FIR-003039,Burglary,2,West Sector,26.890971,75.763504,2025-09-24T01:58:58.257791,1,2,1,0,0,Clear,9100,None,P-00195,PS-003,Cold
FIR-003040,Burglary,3,South Division,26.860757,75.801151,2026-07-11T21:55:58.257791,21,5,1,1,0,Clear,6400,None,P-00073,PS-007,Under Investigation
FIR-003041,Robbery,4,Old City,26.905685,75.802429,2025-09-14T02:04:58.257791,2,6,1,1,0,Rain,16200,Blunt Object,,PS-006,Under Investigation
FIR-003042,Vehicle Theft,1,Central Zone,26.908385,75.788865,2026-07-19T09:02:58.257791,9,6,0,1,0,Fog,14500,None,P-00071,PS-003,Under Investigation
FIR-003043,Kidnapping,5,South Division,26.877528,75.795943,2026-01-07T16:53:58.257791,16,2,0,0,0,Cloudy,6400,Improvised,P-00015,PS-007,Chargesheet Filed
FIR-003044,Burglary,2,North District,26.927502,75.81778,2026-06-04T07:34:58.257791,7,3,0,0,0,Cloudy,8200,None,P-00011,PS-004,Chargesheet Filed
FIR-003045,Burglary,2,Riverside,26.868618,75.812282,2026-05-24T21:40:58.257791,21,6,1,1,0,Rain,5200,None,,PS-002,Under Investigation
FIR-003046,Fraud,1,Old City,26.918882,75.813287,2026-06-11T08:36:58.257791,8,3,0,0,0,Clear,16200,None,,PS-008,Chargesheet Filed
FIR-003047,Narcotics,4,West Sector,26.886601,75.771543,2025-09-04T04:36:58.257791,4,3,1,0,0,Cloudy,9100,None,,PS-005,Chargesheet Filed
FIR-003048,Theft,1,Riverside,26.880781,75.815036,2025-10-11T06:18:58.257791,6,5,0,1,0,Clear,5200,None,,PS-007,Chargesheet Filed
FIR-003049,Burglary,2,Riverside,26.881573,75.81551,2026-05-02T20:47:58.257791,20,5,1,1,0,Clear,5200,None,,PS-008,Under Investigation
FIR-003050,Vehicle Theft,3,Central Zone,26.893606,75.79725,2025-08-05T17:18:58.257791,17,1,0,0,0,Cloudy,14500,None,P-00064,PS-001,Closed
FIR-003051,Fraud,3,South Division,26.866604,75.795181,2025-10-03T01:54:58.257791,1,4,1,0,0,Cloudy,6400,None,,PS-004,Under Investigation
FIR-003052,Robbery,5,Old City,26.908975,75.803375,2026-01-24T08:27:58.257791,8,5,0,1,0,Clear,16200,Blunt Object,P-00509,PS-003,Under Investigation
FIR-003053,Fraud,3,South Division,26.86137,75.793466,2025-10-12T12:42:58.257791,12,6,0,1,0,Heatwave,6400,None,,PS-001,Chargesheet Filed
FIR-003054,Cybercrime,1,East Ward,26.906312,75.818039,2026-02-26T12:18:58.257791,12,3,0,0,0,Rain,10800,None,P-00020,PS-003,Closed
FIR-003055,Fraud,1,Old City,26.921589,75.803018,2026-03-28T06:48:58.257791,6,5,0,1,0,Cloudy,16200,None,,PS-004,Under Investigation
FIR-003056,Robbery,5,East Ward,26.916937,75.828277,2026-06-23T04:53:58.257791,4,1,1,0,0,Clear,10800,Firearm,,PS-006,Under Investigation
FIR-003057,Theft,3,East Ward,26.89428,75.823235,2026-06-23T19:12:58.257791,19,1,0,0,0,Rain,10800,None,P-00459,PS-003,Under Investigation
FIR-003058,Cybercrime,2,Old City,26.924387,75.815275,2026-05-25T10:44:58.257791,10,0,0,0,0,Clear,16200,None,P-00071,PS-005,Chargesheet Filed
FIR-003059,Theft,1,Riverside,26.88478,75.812309,2025-12-07T00:17:58.257791,0,6,1,1,0,Clear,5200,None,,PS-001,Under Investigation
FIR-003060,Extortion,4,North District,26.922671,75.820878,2025-09-25T14:23:58.257791,14,3,0,0,0,Clear,8200,Firearm,P-00396,PS-001,Under Investigation
FIR-003061,Narcotics,4,Riverside,26.870246,75.800854,2025-09-12T08:19:58.257791,8,4,0,0,0,Clear,5200,None,P-00321,PS-006,Under Investigation
FIR-003062,Robbery,5,Industrial Belt,26.868899,75.775707,2026-07-02T19:08:58.257791,19,3,0,0,0,Clear,3100,Blunt Object,P-00593,PS-006,Closed
FIR-003063,Vehicle Theft,1,Old City,26.922758,75.802448,2025-10-01T23:30:58.257791,23,2,1,0,0,Clear,16200,None,,PS-001,Under Investigation
FIR-003064,Extortion,4,South Division,26.880836,75.798482,2026-05-07T07:19:58.257791,7,3,0,0,0,Fog,6400,Firearm,,PS-002,Chargesheet Filed
FIR-003065,Fraud,1,Central Zone,26.899915,75.800435,2026-06-30T16:22:58.257791,16,1,0,0,0,Clear,14500,None,P-00338,PS-001,Chargesheet Filed
FIR-003066,Theft,1,Old City,26.908978,75.796439,2025-11-10T09:25:58.257791,9,0,0,0,0,Clear,16200,None,,PS-003,Chargesheet Filed
FIR-003067,Fraud,3,Central Zone,26.899137,75.799738,2025-09-14T05:51:58.257791,5,6,0,1,0,Cloudy,14500,None,P-00581,PS-006,Under Investigation
FIR-003068,Assault,4,West Sector,26.889381,75.777381,2025-09-08T11:52:58.257791,11,0,0,0,0,Cloudy,9100,Improvised,P-00566,PS-005,Chargesheet Filed
FIR-003069,Vehicle Theft,1,Old City,26.919547,75.816645,2026-02-16T15:55:58.257791,15,0,0,0,0,Clear,16200,None,,PS-008,Under Investigation
FIR-003070,Narcotics,2,North District,26.912065,75.817158,2026-01-17T02:40:58.257791,2,5,1,1,0,Cloudy,8200,None,,PS-003,Closed
FIR-003071,Theft,1,West Sector,26.899975,75.777106,2026-02-23T05:37:58.257791,5,0,0,0,0,Clear,9100,None,P-00384,PS-007,Cold
FIR-003072,Theft,3,Riverside,26.878795,75.804586,2026-06-11T12:48:58.257791,12,3,0,0,0,Clear,5200,None,P-00448,PS-002,Closed
FIR-003073,Theft,3,Central Zone,26.895289,75.79412,2026-04-30T03:26:58.257791,3,3,1,0,0,Clear,14500,None,,PS-004,Closed
FIR-003074,Theft,1,Old City,26.91529,75.803521,2025-11-22T06:40:58.257791,6,5,0,1,0,Cloudy,16200,None,P-00543,PS-008,Closed
FIR-003075,Vehicle Theft,1,South Division,26.875052,75.778385,2025-11-13T21:24:58.257791,21,3,1,0,0,Rain,6400,None,P-00439,PS-003,Closed
FIR-003076,Burglary,4,East Ward,26.894882,75.819665,2026-01-17T23:45:58.257791,23,5,1,1,0,Clear,10800,None,,PS-003,Under Investigation
FIR-003077,Assault,5,Old City,26.904061,75.793474,2026-04-04T06:38:58.257791,6,5,0,1,0,Clear,16200,Blunt Object,,PS-006,Closed
FIR-003078,Theft,2,East Ward,26.913341,75.826653,2026-04-10T15:01:58.257791,15,4,0,0,0,Rain,10800,None,P-00431,PS-004,Closed
FIR-003079,Vehicle Theft,3,West Sector,26.89007,75.771082,2026-07-21T14:49:58.257791,14,1,0,0,0,Clear,9100,None,,PS-007,Under Investigation
FIR-003080,Cybercrime,2,Riverside,26.882464,75.798544,2025-11-05T17:07:58.257791,17,2,0,0,0,Clear,5200,None,P-00192,PS-005,Closed
FIR-003081,Narcotics,2,West Sector,26.887399,75.776341,2025-08-17T22:29:58.257791,22,6,1,1,0,Rain,9100,None,,PS-002,Under Investigation
FIR-003082,Vehicle Theft,1,Industrial Belt,26.862831,75.777102,2025-08-07T08:52:58.257791,8,3,0,0,0,Cloudy,3100,None,,PS-008,Closed
FIR-003083,Narcotics,2,Industrial Belt,26.869889,75.76373,2025-09-03T04:54:58.257791,4,2,1,0,0,Cloudy,3100,None,,PS-006,Under Investigation
FIR-003084,Burglary,2,East Ward,26.905191,75.822783,2025-10-11T13:32:58.257791,13,5,0,1,0,Rain,10800,None,P-00396,PS-002,Under Investigation
FIR-003085,Theft,2,South Division,26.863337,75.79826,2026-07-24T03:00:58.257791,3,4,1,0,0,Fog,6400,None,P-00151,PS-006,Chargesheet Filed
FIR-003086,Assault,4,North District,26.916017,75.80883,2026-07-25T19:19:58.257791,19,5,0,1,0,Cloudy,8200,Firearm,P-00551,PS-008,Chargesheet Filed
FIR-003087,Theft,2,Riverside,26.873015,75.821938,2026-06-15T06:36:58.257791,6,0,0,0,1,Clear,5200,None,P-00131,PS-005,Closed
FIR-003088,Burglary,4,North District,26.915584,75.817978,2026-01-24T20:44:58.257791,20,5,1,1,0,Clear,8200,None,P-00207,PS-003,Cold
FIR-003089,Theft,3,Central Zone,26.891887,75.79879,2025-11-27T07:10:58.257791,7,3,0,0,0,Cloudy,14500,None,P-00375,PS-008,Under Investigation
FIR-003090,Theft,2,Old City,26.919073,75.811381,2025-08-30T02:46:58.257791,2,5,1,1,0,Fog,16200,None,,PS-005,Under Investigation
FIR-003091,Burglary,4,Old City,26.921962,75.814718,2025-08-27T17:28:58.257791,17,2,0,0,0,Clear,16200,None,,PS-007,Chargesheet Filed
FIR-003092,Vehicle Theft,2,South Division,26.867178,75.784257,2025-12-01T14:42:58.257791,14,0,0,0,0,Heatwave,6400,None,P-00226,PS-008,Chargesheet Filed
FIR-003093,Extortion,3,Central Zone,26.900761,75.806764,2025-09-23T00:19:58.257791,0,1,1,0,0,Clear,14500,Blunt Object,P-00263,PS-006,Under Investigation
FIR-003094,Burglary,3,Central Zone,26.906279,75.796185,2026-07-03T06:21:58.257791,6,4,0,0,0,Clear,14500,None,,PS-001,Under Investigation
FIR-003095,Vehicle Theft,3,West Sector,26.893775,75.777884,2026-06-16T10:39:58.257791,10,1,0,0,0,Heatwave,9100,None,P-00294,PS-005,Closed
FIR-003096,Vehicle Theft,2,Central Zone,26.894169,75.794239,2026-07-12T19:45:58.257791,19,6,0,1,0,Cloudy,14500,None,,PS-006,Closed
FIR-003097,Fraud,1,Old City,26.904633,75.806493,2025-11-06T13:33:58.257791,13,3,0,0,0,Heatwave,16200,None,,PS-007,Chargesheet Filed
FIR-003098,Burglary,4,Riverside,26.875948,75.815345,2025-10-19T07:54:58.257791,7,6,0,1,0,Clear,5200,None,,PS-008,Under Investigation
FIR-003099,Cybercrime,2,Riverside,26.873393,75.801155,2026-07-15T10:05:58.257791,10,2,0,0,1,Clear,5200,None,,PS-008,Chargesheet Filed
FIR-003100,Burglary,3,Central Zone,26.889457,75.802767,2026-01-05T03:08:58.257791,3,0,1,0,0,Fog,14500,None,,PS-005,Chargesheet Filed
FIR-003101,Assault,2,East Ward,26.905942,75.828833,2025-07-30T03:35:58.257791,3,2,1,0,0,Clear,10800,Knife,P-00192,PS-008,Under Investigation
FIR-003102,Assault,3,South Division,26.86953,75.800629,2026-03-21T20:58:58.257791,20,5,1,1,0,Clear,6400,None,P-00297,PS-007,Under Investigation
FIR-003103,Theft,3,Old City,26.915661,75.804886,2025-11-12T06:50:58.257791,6,2,0,0,0,Cloudy,16200,None,P-00015,PS-004,Cold
FIR-003104,Fraud,1,East Ward,26.903181,75.825457,2025-09-25T06:18:58.257791,6,3,0,0,0,Clear,10800,None,,PS-007,Closed
FIR-003105,Narcotics,3,East Ward,26.897135,75.835677,2026-05-18T14:37:58.257791,14,0,0,0,0,Clear,10800,None,P-00131,PS-005,Closed
FIR-003106,Assault,5,Industrial Belt,26.858559,75.781686,2026-06-13T22:59:58.257791,22,5,1,1,0,Clear,3100,Blunt Object,P-00285,PS-002,Closed
FIR-003107,Burglary,4,South Division,26.866894,75.782141,2026-05-15T05:20:58.257791,5,4,0,0,1,Cloudy,6400,None,,PS-003,Closed
FIR-003108,Theft,2,North District,26.91374,75.816187,2025-08-09T13:03:58.257791,13,5,0,1,0,Clear,8200,None,P-00217,PS-008,Chargesheet Filed
FIR-003109,Robbery,3,Riverside,26.88858,75.820767,2025-09-13T20:13:58.257791,20,5,1,1,0,Fog,5200,Improvised,,PS-006,Under Investigation
FIR-003110,Robbery,4,North District,26.923676,75.831403,2026-05-31T18:19:58.257791,18,6,0,1,0,Rain,8200,None,,PS-004,Under Investigation
FIR-003111,Burglary,3,Riverside,26.871872,75.805737,2025-12-26T04:06:58.257791,4,4,1,0,0,Cloudy,5200,None,P-00161,PS-006,Under Investigation
FIR-003112,Theft,2,Old City,26.919755,75.803828,2025-10-24T16:56:58.257791,16,4,0,0,0,Clear,16200,None,,PS-002,Under Investigation
FIR-003113,Narcotics,3,East Ward,26.904309,75.823579,2026-06-01T05:45:58.257791,5,0,0,0,0,Cloudy,10800,None,,PS-008,Under Investigation
FIR-003114,Theft,1,South Division,26.859607,75.784378,2026-06-28T16:59:58.257791,16,6,0,1,0,Clear,6400,None,,PS-006,Under Investigation
FIR-003115,Robbery,5,West Sector,26.902285,75.786347,2025-11-02T06:46:58.257791,6,6,0,1,0,Cloudy,9100,Knife,P-00312,PS-007,Closed
FIR-003116,Robbery,3,Riverside,26.868729,75.807691,2026-07-04T03:37:58.257791,3,5,1,1,0,Clear,5200,Knife,,PS-007,Chargesheet Filed
FIR-003117,Fraud,1,Old City,26.909594,75.813821,2026-05-11T22:31:58.257791,22,0,1,0,0,Clear,16200,None,,PS-003,Closed
FIR-003118,Burglary,3,Riverside,26.890968,75.813415,2025-09-03T20:30:58.257791,20,2,1,0,0,Rain,5200,None,,PS-006,Under Investigation
FIR-003119,Robbery,5,East Ward,26.897969,75.829523,2026-03-31T11:48:58.257791,11,1,0,0,0,Clear,10800,None,,PS-003,Cold
FIR-003120,Burglary,4,Central Zone,26.909128,75.810002,2025-10-12T17:28:58.257791,17,6,0,1,0,Cloudy,14500,None,P-00001,PS-006,Closed
FIR-003121,Kidnapping,4,Industrial Belt,26.865355,75.781449,2026-04-03T06:56:58.257791,6,4,0,0,0,Clear,3100,None,P-00172,PS-005,Chargesheet Filed
FIR-003122,Burglary,3,Riverside,26.880499,75.799902,2025-07-30T04:34:58.257791,4,2,1,0,0,Heatwave,5200,None,,PS-004,Under Investigation
FIR-003123,Theft,2,Riverside,26.879846,75.802705,2025-12-14T00:49:58.257791,0,6,1,1,0,Clear,5200,None,P-00095,PS-002,Cold
FIR-003124,Robbery,5,West Sector,26.886121,75.764968,2026-05-17T04:30:58.257791,4,6,1,1,0,Cloudy,9100,Improvised,,PS-002,Closed
FIR-003125,Theft,2,Riverside,26.875027,75.809763,2026-06-10T14:54:58.257791,14,2,0,0,0,Cloudy,5200,None,P-00501,PS-003,Under Investigation
FIR-003126,Theft,2,Riverside,26.868601,75.811681,2026-01-31T12:10:58.257791,12,5,0,1,0,Cloudy,5200,None,P-00071,PS-007,Chargesheet Filed
FIR-003127,Vehicle Theft,3,North District,26.917992,75.822978,2025-09-07T04:48:58.257791,4,6,1,1,0,Heatwave,8200,None,P-00448,PS-005,Under Investigation
FIR-003128,Vehicle Theft,1,Riverside,26.869412,75.818406,2025-11-04T14:08:58.257791,14,1,0,0,0,Fog,5200,None,P-00100,PS-006,Under Investigation
FIR-003129,Narcotics,3,Central Zone,26.911166,75.80588,2026-06-13T18:13:58.257791,18,5,0,1,0,Clear,14500,None,,PS-001,Chargesheet Filed
FIR-003130,Assault,4,Central Zone,26.895745,75.811558,2026-05-28T08:53:58.257791,8,3,0,0,0,Clear,14500,Improvised,P-00295,PS-004,Under Investigation
FIR-003131,Narcotics,3,Central Zone,26.890394,75.80988,2026-01-13T14:48:58.257791,14,1,0,0,0,Cloudy,14500,None,,PS-006,Under Investigation
FIR-003132,Robbery,5,North District,26.917515,75.82646,2025-07-27T01:23:58.257791,1,6,1,1,0,Cloudy,8200,None,P-00489,PS-006,Under Investigation
FIR-003133,Assault,2,Industrial Belt,26.854268,75.781892,2026-01-13T15:23:58.257791,15,1,0,0,0,Fog,3100,Knife,,PS-001,Under Investigation
FIR-003134,Theft,3,Old City,26.922883,75.800787,2026-07-08T15:24:58.257791,15,2,0,0,0,Cloudy,16200,None,P-00151,PS-001,Under Investigation
FIR-003135,Theft,2,North District,26.931212,75.826963,2026-03-15T09:04:58.257791,9,6,0,1,1,Rain,8200,None,P-00467,PS-005,Closed
FIR-003136,Cybercrime,1,Central Zone,26.907291,75.794152,2025-08-27T08:07:58.257791,8,2,0,0,0,Cloudy,14500,None,P-00439,PS-006,Closed
FIR-003137,Theft,1,North District,26.913826,75.828268,2025-12-13T18:11:58.257791,18,5,0,1,0,Clear,8200,None,P-00375,PS-001,Under Investigation
FIR-003138,Theft,3,Industrial Belt,26.851244,75.762615,2026-04-16T05:10:58.257791,5,3,0,0,0,Rain,3100,None,P-00094,PS-001,Chargesheet Filed
FIR-003139,Narcotics,4,East Ward,26.906732,75.821507,2026-07-09T04:01:58.257791,4,3,1,0,0,Clear,10800,None,,PS-007,Under Investigation
FIR-003140,Narcotics,4,Central Zone,26.90101,75.78947,2025-10-14T15:36:58.257791,15,1,0,0,0,Rain,14500,None,,PS-001,Closed
FIR-003141,Theft,2,Old City,26.90563,75.79531,2025-09-27T04:00:58.257791,4,5,1,1,0,Cloudy,16200,None,,PS-004,Under Investigation
FIR-003142,Extortion,3,Old City,26.925354,75.802872,2025-08-15T13:16:58.257791,13,4,0,0,1,Rain,16200,Blunt Object,P-00103,PS-007,Cold
FIR-003143,Vehicle Theft,1,East Ward,26.894848,75.821953,2026-04-16T20:49:58.257791,20,3,1,0,0,Rain,10800,None,P-00495,PS-001,Under Investigation
FIR-003144,Assault,5,South Division,26.879736,75.782482,2026-02-07T04:14:58.257791,4,5,1,1,0,Cloudy,6400,Knife,P-00469,PS-007,Closed
FIR-003145,Theft,3,North District,26.908543,75.81968,2025-11-27T03:09:58.257791,3,3,1,0,0,Clear,8200,None,,PS-001,Under Investigation
FIR-003146,Theft,3,Central Zone,26.90273,75.788178,2026-07-07T17:27:58.257791,17,1,0,0,0,Rain,14500,None,,PS-005,Under Investigation
FIR-003147,Burglary,3,East Ward,26.904804,75.820059,2026-03-07T11:05:58.257791,11,5,0,1,0,Clear,10800,None,,PS-008,Under Investigation
FIR-003148,Fraud,2,Central Zone,26.905788,75.809724,2025-09-26T19:44:58.257791,19,4,0,0,0,Fog,14500,None,,PS-002,Under Investigation
FIR-003149,Cybercrime,2,West Sector,26.887019,75.77318,2026-05-05T03:28:58.257791,3,1,1,0,0,Clear,9100,None,P-00237,PS-003,Under Investigation
FIR-003150,Fraud,2,South Division,26.880228,75.79408,2025-09-30T11:10:58.257791,11,1,0,0,0,Clear,6400,None,,PS-001,Closed
FIR-003151,Assault,3,North District,26.917215,75.826598,2025-10-14T12:55:58.257791,12,1,0,0,0,Cloudy,8200,Knife,,PS-005,Under Investigation
FIR-003152,Kidnapping,4,West Sector,26.885561,75.77171,2026-01-14T09:24:58.257791,9,2,0,0,0,Rain,9100,Blunt Object,,PS-003,Chargesheet Filed
FIR-003153,Extortion,3,Central Zone,26.888376,75.790774,2025-11-14T19:47:58.257791,19,4,0,0,0,Clear,14500,Blunt Object,P-00214,PS-005,Chargesheet Filed
FIR-003154,Robbery,5,Central Zone,26.888667,75.808363,2025-12-18T01:20:58.257791,1,3,1,0,0,Cloudy,14500,Knife,P-00454,PS-003,Chargesheet Filed
FIR-003155,Fraud,3,Industrial Belt,26.859193,75.772951,2025-08-08T14:59:58.257791,14,4,0,0,0,Clear,3100,None,,PS-008,Closed
FIR-003156,Burglary,2,West Sector,26.888081,75.76337,2026-07-05T12:18:58.257791,12,6,0,1,0,Cloudy,9100,None,P-00317,PS-005,Closed
FIR-003157,Theft,3,West Sector,26.892861,75.763631,2025-10-20T16:19:58.257791,16,0,0,0,0,Rain,9100,None,P-00099,PS-002,Closed
FIR-003158,Vehicle Theft,1,Central Zone,26.891075,75.790284,2026-01-02T19:33:58.257791,19,4,0,0,0,Fog,14500,None,P-00568,PS-008,Chargesheet Filed
FIR-003159,Burglary,4,Industrial Belt,26.865399,75.763651,2025-12-17T21:59:58.257791,21,2,1,0,0,Heatwave,3100,None,,PS-003,Under Investigation
FIR-003160,Narcotics,2,East Ward,26.903353,75.827747,2025-12-29T01:04:58.257791,1,0,1,0,0,Clear,10800,None,,PS-008,Under Investigation
FIR-003161,Theft,3,West Sector,26.906904,75.78237,2026-02-23T12:22:58.257791,12,0,0,0,0,Clear,9100,None,,PS-002,Chargesheet Filed
FIR-003162,Theft,1,North District,26.929924,75.819873,2026-04-05T11:48:58.257791,11,6,0,1,0,Cloudy,8200,None,P-00273,PS-007,Under Investigation
FIR-003163,Fraud,2,West Sector,26.891134,75.775228,2025-10-01T00:16:58.257791,0,2,1,0,0,Fog,9100,None,,PS-005,Chargesheet Filed
FIR-003164,Assault,5,Old City,26.911314,75.793619,2025-11-09T07:55:58.257791,7,6,0,1,0,Rain,16200,Firearm,,PS-008,Closed
FIR-003165,Burglary,2,North District,26.911748,75.819696,2026-04-07T10:07:58.257791,10,1,0,0,0,Cloudy,8200,None,P-00388,PS-005,Under Investigation
FIR-003166,Assault,5,West Sector,26.905965,75.769878,2025-11-22T08:29:58.257791,8,5,0,1,0,Rain,9100,Blunt Object,P-00292,PS-002,Under Investigation
FIR-003167,Assault,5,East Ward,26.908471,75.8251,2026-02-19T20:24:58.257791,20,3,1,0,0,Clear,10800,Improvised,P-00217,PS-007,Under Investigation
FIR-003168,Extortion,5,South Division,26.881704,75.793413,2025-12-23T05:35:58.257791,5,1,0,0,0,Clear,6400,Improvised,,PS-002,Under Investigation
FIR-003169,Burglary,4,South Division,26.87642,75.79319,2025-12-18T21:43:58.257791,21,3,1,0,0,Clear,6400,None,P-00321,PS-008,Closed
FIR-003170,Vehicle Theft,2,North District,26.923406,75.827978,2026-03-19T13:41:58.257791,13,3,0,0,0,Rain,8200,None,,PS-006,Under Investigation
FIR-003171,Fraud,2,Central Zone,26.890504,75.799298,2025-08-05T20:22:58.257791,20,1,1,0,0,Clear,14500,None,,PS-003,Under Investigation
FIR-003172,Fraud,2,Central Zone,26.889254,75.796785,2026-06-12T11:13:58.257791,11,4,0,0,0,Clear,14500,None,,PS-003,Under Investigation
FIR-003173,Assault,4,Riverside,26.871744,75.813602,2026-04-08T09:09:58.257791,9,2,0,0,0,Cloudy,5200,Firearm,P-00117,PS-004,Under Investigation
FIR-003174,Theft,1,Central Zone,26.888085,75.795022,2025-10-03T21:52:58.257791,21,4,1,0,0,Clear,14500,None,,PS-001,Closed
FIR-003175,Narcotics,2,West Sector,26.90038,75.775325,2025-10-15T15:54:58.257791,15,2,0,0,1,Heatwave,9100,None,P-00459,PS-007,Closed
FIR-003176,Burglary,2,Central Zone,26.911382,75.805634,2025-10-22T04:53:58.257791,4,2,1,0,0,Clear,14500,None,P-00527,PS-004,Chargesheet Filed
FIR-003177,Assault,5,North District,26.92985,75.810724,2025-07-27T07:37:58.257791,7,6,0,1,0,Clear,8200,Firearm,,PS-005,Under Investigation
FIR-003178,Theft,1,West Sector,26.904731,75.763654,2025-11-15T06:07:58.257791,6,5,0,1,1,Cloudy,9100,None,P-00482,PS-003,Under Investigation
FIR-003179,Theft,2,East Ward,26.896451,75.840694,2026-04-04T06:38:58.257791,6,5,0,1,0,Clear,10800,None,P-00265,PS-002,Closed
FIR-003180,Robbery,3,Riverside,26.889374,75.807786,2026-01-03T21:29:58.257791,21,5,1,1,0,Clear,5200,Firearm,P-00312,PS-004,Under Investigation
FIR-003181,Theft,1,Central Zone,26.90965,75.793208,2025-11-12T02:48:58.257791,2,2,1,0,0,Clear,14500,None,,PS-001,Cold
FIR-003182,Robbery,5,South Division,26.878889,75.799901,2025-10-18T22:26:58.257791,22,5,1,1,0,Cloudy,6400,Blunt Object,,PS-008,Cold
FIR-003183,Robbery,5,Central Zone,26.903388,75.804024,2026-02-14T18:56:58.257791,18,5,0,1,0,Cloudy,14500,Improvised,P-00158,PS-001,Under Investigation
FIR-003184,Fraud,3,North District,26.911609,75.812989,2025-11-08T19:32:58.257791,19,5,0,1,0,Clear,8200,None,P-00121,PS-003,Under Investigation
FIR-003185,Narcotics,3,South Division,26.873672,75.7931,2025-08-18T02:09:58.257791,2,0,1,0,0,Rain,6400,None,P-00412,PS-007,Closed
FIR-003186,Theft,1,West Sector,26.892504,75.780846,2025-12-15T21:50:58.257791,21,0,1,0,1,Fog,9100,None,P-00231,PS-003,Closed
FIR-003187,Theft,2,Central Zone,26.904088,75.789858,2026-06-29T12:27:58.257791,12,0,0,0,0,Cloudy,14500,None,P-00549,PS-001,Under Investigation
FIR-003188,Extortion,5,Old City,26.921188,75.808581,2025-09-01T19:00:58.257791,19,0,0,0,0,Heatwave,16200,None,P-00220,PS-001,Chargesheet Filed
FIR-003189,Fraud,2,Central Zone,26.899002,75.809089,2026-04-03T08:46:58.257791,8,4,0,0,0,Clear,14500,None,P-00152,PS-006,Under Investigation
FIR-003190,Kidnapping,5,Riverside,26.877528,75.804445,2025-10-21T01:19:58.257791,1,1,1,0,0,Rain,5200,Blunt Object,P-00581,PS-001,Under Investigation
FIR-003191,Theft,2,Old City,26.910685,75.80243,2026-01-24T19:56:58.257791,19,5,0,1,0,Cloudy,16200,None,P-00139,PS-007,Closed
FIR-003192,Burglary,2,North District,26.916343,75.825074,2025-09-23T20:43:58.257791,20,1,1,0,0,Cloudy,8200,None,,PS-003,Chargesheet Filed
FIR-003193,Fraud,1,East Ward,26.914128,75.832566,2026-02-19T13:09:58.257791,13,3,0,0,0,Fog,10800,None,,PS-004,Closed
FIR-003194,Cybercrime,2,North District,26.910079,75.817725,2026-03-10T04:41:58.257791,4,1,1,0,0,Fog,8200,None,,PS-003,Under Investigation
FIR-003195,Cybercrime,1,Central Zone,26.898464,75.788337,2026-01-29T10:48:58.257791,10,3,0,0,0,Rain,14500,None,,PS-004,Under Investigation
FIR-003196,Narcotics,3,Old City,26.91527,75.802417,2025-08-20T10:03:58.257791,10,2,0,0,0,Rain,16200,None,,PS-006,Chargesheet Filed
FIR-003197,Vehicle Theft,1,East Ward,26.90601,75.818531,2026-02-11T07:24:58.257791,7,2,0,0,0,Clear,10800,None,,PS-007,Under Investigation
FIR-003198,Kidnapping,4,North District,26.922782,75.824606,2025-08-20T23:42:58.257791,23,2,1,0,0,Clear,8200,None,,PS-005,Closed
FIR-003199,Theft,1,North District,26.914357,75.824373,2025-10-14T10:53:58.257791,10,1,0,0,0,Clear,8200,None,P-00352,PS-005,Under Investigation
FIR-003200,Burglary,3,Central Zone,26.911745,75.804881,2026-05-14T01:28:58.257791,1,3,1,0,0,Clear,14500,None,,PS-006,Under Investigation
FIR-003201,Burglary,4,South Division,26.87626,75.800557,2026-02-25T17:47:58.257791,17,2,0,0,0,Clear,6400,None,,PS-004,Under Investigation
FIR-003202,Vehicle Theft,3,West Sector,26.902896,75.777681,2026-07-09T09:02:58.257791,9,3,0,0,0,Rain,9100,None,P-00478,PS-007,Cold
FIR-003203,Fraud,3,Old City,26.915822,75.810372,2025-08-09T12:42:58.257791,12,5,0,1,0,Cloudy,16200,None,P-00459,PS-004,Under Investigation
FIR-003204,Burglary,2,Old City,26.907456,75.801625,2026-03-07T22:08:58.257791,22,5,1,1,0,Rain,16200,None,P-00282,PS-008,Under Investigation
FIR-003205,Burglary,2,Central Zone,26.890446,75.795569,2026-07-22T16:36:58.257791,16,2,0,0,0,Cloudy,14500,None,P-00110,PS-006,Under Investigation
FIR-003206,Burglary,3,North District,26.914086,75.810318,2026-06-08T12:03:58.257791,12,0,0,0,0,Rain,8200,None,,PS-007,Under Investigation
FIR-003207,Theft,2,Old City,26.922998,75.811798,2025-08-31T06:51:58.257791,6,6,0,1,0,Cloudy,16200,None,,PS-004,Under Investigation
FIR-003208,Assault,3,South Division,26.873394,75.787747,2025-07-29T17:12:58.257791,17,1,0,0,0,Rain,6400,Blunt Object,,PS-002,Cold
FIR-003209,Vehicle Theft,2,North District,26.911721,75.825684,2025-09-08T00:49:58.257791,0,0,1,0,0,Fog,8200,None,P-00509,PS-002,Closed
FIR-003210,Assault,3,Industrial Belt,26.858383,75.774681,2026-01-11T05:46:58.257791,5,6,0,1,0,Clear,3100,Firearm,,PS-002,Cold
FIR-003211,Vehicle Theft,3,South Division,26.859805,75.800989,2026-02-27T14:46:58.257791,14,4,0,0,0,Clear,6400,None,P-00301,PS-008,Under Investigation
FIR-003212,Burglary,4,Old City,26.91676,75.812169,2025-10-05T00:15:58.257791,0,6,1,1,0,Clear,16200,None,,PS-005,Under Investigation
FIR-003213,Cybercrime,2,Old City,26.91757,75.813438,2025-12-11T00:47:58.257791,0,3,1,0,0,Cloudy,16200,None,P-00148,PS-002,Closed
FIR-003214,Theft,1,South Division,26.878588,75.794313,2025-12-13T16:48:58.257791,16,5,0,1,0,Clear,6400,None,P-00469,PS-002,Chargesheet Filed
FIR-003215,Vehicle Theft,3,Old City,26.916832,75.815002,2026-03-29T00:23:58.257791,0,6,1,1,0,Clear,16200,None,P-00152,PS-002,Closed
FIR-003216,Robbery,5,North District,26.921428,75.808354,2026-06-29T23:28:58.257791,23,0,1,0,0,Fog,8200,Knife,,PS-003,Closed
FIR-003217,Theft,1,North District,26.915628,75.818236,2026-01-03T00:38:58.257791,0,5,1,1,0,Heatwave,8200,None,P-00481,PS-005,Cold
FIR-003218,Robbery,3,North District,26.929452,75.817137,2026-03-08T20:29:58.257791,20,6,1,1,0,Cloudy,8200,Knife,,PS-006,Under Investigation
FIR-003219,Kidnapping,4,East Ward,26.915483,75.83321,2026-07-21T05:46:58.257791,5,1,0,0,0,Clear,10800,Knife,,PS-006,Under Investigation
FIR-003220,Fraud,1,South Division,26.858783,75.800153,2026-02-22T11:27:58.257791,11,6,0,1,0,Heatwave,6400,None,P-00469,PS-005,Under Investigation
FIR-003221,Burglary,3,East Ward,26.895844,75.83136,2025-08-16T23:50:58.257791,23,5,1,1,0,Cloudy,10800,None,,PS-002,Chargesheet Filed
FIR-003222,Burglary,3,Old City,26.917326,75.797691,2026-04-15T20:18:58.257791,20,2,1,0,1,Rain,16200,None,,PS-006,Under Investigation
FIR-003223,Cybercrime,1,South Division,26.876881,75.787943,2025-09-16T00:04:58.257791,0,1,1,0,0,Fog,6400,None,,PS-007,Under Investigation
FIR-003224,Assault,2,North District,26.919618,75.824037,2025-08-01T04:08:58.257791,4,4,1,0,0,Clear,8200,Knife,,PS-007,Closed
FIR-003225,Robbery,4,North District,26.931118,75.82731,2026-07-20T02:21:58.257791,2,0,1,0,0,Clear,8200,Improvised,P-00337,PS-005,Chargesheet Filed
FIR-003226,Kidnapping,5,Old City,26.913711,75.796379,2026-02-10T13:40:58.257791,13,1,0,0,0,Cloudy,16200,Improvised,P-00081,PS-007,Under Investigation
FIR-003227,Assault,5,Central Zone,26.895525,75.804548,2026-06-06T21:32:58.257791,21,5,1,1,0,Clear,14500,Firearm,,PS-008,Cold
FIR-003228,Assault,3,North District,26.929049,75.818873,2025-09-24T13:43:58.257791,13,2,0,0,0,Clear,8200,None,P-00573,PS-005,Under Investigation
FIR-003229,Narcotics,3,North District,26.909173,75.822472,2025-09-22T03:36:58.257791,3,0,1,0,0,Clear,8200,None,P-00278,PS-008,Under Investigation
FIR-003230,Burglary,3,West Sector,26.886109,75.78541,2026-02-26T12:31:58.257791,12,3,0,0,0,Clear,9100,None,,PS-006,Under Investigation
FIR-003231,Burglary,4,West Sector,26.901138,75.767465,2025-08-24T00:23:58.257791,0,6,1,1,0,Clear,9100,None,P-00155,PS-003,Closed
FIR-003232,Narcotics,2,Industrial Belt,26.870403,75.770859,2026-04-01T10:04:58.257791,10,2,0,0,0,Fog,3100,None,,PS-006,Closed
FIR-003233,Robbery,5,North District,26.916687,75.830348,2026-06-02T08:47:58.257791,8,1,0,0,0,Rain,8200,Improvised,,PS-003,Under Investigation
FIR-003234,Burglary,3,Old City,26.912726,75.805062,2026-07-19T02:05:58.257791,2,6,1,1,0,Cloudy,16200,None,P-00350,PS-002,Cold
FIR-003235,Burglary,2,South Division,26.872532,75.800206,2025-11-12T14:12:58.257791,14,2,0,0,0,Cloudy,6400,None,,PS-007,Closed
FIR-003236,Vehicle Theft,3,East Ward,26.902912,75.836763,2026-01-15T10:40:58.257791,10,3,0,0,1,Cloudy,10800,None,P-00429,PS-008,Chargesheet Filed
FIR-003237,Assault,3,East Ward,26.909819,75.83645,2026-01-09T16:31:58.257791,16,4,0,0,0,Clear,10800,None,P-00160,PS-005,Chargesheet Filed
FIR-003238,Burglary,4,Old City,26.923957,75.813981,2025-12-07T23:49:58.257791,23,6,1,1,0,Clear,16200,None,,PS-008,Chargesheet Filed
FIR-003239,Theft,1,Central Zone,26.910763,75.796881,2025-10-08T11:14:58.257791,11,2,0,0,0,Cloudy,14500,None,,PS-008,Closed
FIR-003240,Assault,5,South Division,26.880414,75.797197,2025-08-06T00:14:58.257791,0,2,1,0,0,Clear,6400,Blunt Object,P-00336,PS-008,Under Investigation
FIR-003241,Vehicle Theft,1,Old City,26.917915,75.799791,2025-07-27T11:52:58.257791,11,6,0,1,0,Clear,16200,None,P-00573,PS-004,Under Investigation
FIR-003242,Theft,3,Old City,26.904501,75.794197,2025-09-17T05:37:58.257791,5,2,0,0,0,Clear,16200,None,P-00111,PS-003,Under Investigation
FIR-003243,Vehicle Theft,1,Central Zone,26.892304,75.804518,2026-01-04T20:39:58.257791,20,6,1,1,0,Cloudy,14500,None,P-00566,PS-002,Under Investigation
FIR-003244,Theft,2,Central Zone,26.911981,75.795728,2026-07-07T08:02:58.257791,8,1,0,0,0,Cloudy,14500,None,P-00384,PS-004,Closed
FIR-003245,Fraud,2,North District,26.917042,75.82106,2026-06-05T09:13:58.257791,9,4,0,0,0,Cloudy,8200,None,P-00280,PS-004,Under Investigation
FIR-003246,Burglary,4,Riverside,26.888796,75.806224,2025-11-29T14:26:58.257791,14,5,0,1,0,Cloudy,5200,None,,PS-001,Under Investigation
FIR-003247,Theft,1,Central Zone,26.89082,75.807072,2025-11-05T19:26:58.257791,19,2,0,0,0,Clear,14500,None,P-00561,PS-005,Closed
FIR-003248,Fraud,1,Old City,26.923986,75.799976,2026-05-19T19:03:58.257791,19,1,0,0,0,Clear,16200,None,,PS-008,Closed
FIR-003249,Robbery,3,Old City,26.925447,75.810008,2026-06-12T00:04:58.257791,0,4,1,0,0,Clear,16200,Blunt Object,P-00556,PS-002,Closed
FIR-003250,Theft,2,Riverside,26.884093,75.81923,2025-09-16T14:45:58.257791,14,1,0,0,0,Cloudy,5200,None,,PS-003,Cold
FIR-003251,Theft,1,North District,26.923874,75.827777,2026-02-04T08:31:58.257791,8,2,0,0,0,Cloudy,8200,None,P-00060,PS-003,Cold
FIR-003252,Kidnapping,5,Central Zone,26.909836,75.806489,2026-04-30T11:06:58.257791,11,3,0,0,0,Fog,14500,Firearm,P-00480,PS-008,Closed
FIR-003253,Theft,1,West Sector,26.897537,75.779358,2026-01-26T07:10:58.257791,7,0,0,0,0,Clear,9100,None,P-00565,PS-008,Closed
FIR-003254,Burglary,2,East Ward,26.908925,75.823557,2025-12-01T12:27:58.257791,12,0,0,0,0,Rain,10800,None,,PS-003,Under Investigation
FIR-003255,Burglary,4,North District,26.909065,75.823425,2026-06-16T05:30:58.257791,5,1,0,0,0,Clear,8200,None,,PS-006,Chargesheet Filed
FIR-003256,Burglary,4,Central Zone,26.906773,75.809062,2026-02-04T13:06:58.257791,13,2,0,0,0,Cloudy,14500,None,P-00281,PS-008,Under Investigation
FIR-003257,Kidnapping,4,Central Zone,26.910753,75.795092,2026-04-18T23:19:58.257791,23,5,1,1,0,Clear,14500,Knife,,PS-005,Closed
FIR-003258,Cybercrime,2,West Sector,26.896148,75.780389,2026-06-07T12:36:58.257791,12,6,0,1,0,Clear,9100,None,,PS-001,Under Investigation
FIR-003259,Fraud,3,Old City,26.911739,75.800442,2025-09-22T14:35:58.257791,14,0,0,0,0,Heatwave,16200,None,,PS-005,Closed
FIR-003260,Narcotics,4,Central Zone,26.901185,75.811294,2026-03-12T01:54:58.257791,1,3,1,0,0,Clear,14500,None,P-00143,PS-003,Under Investigation
FIR-003261,Theft,2,Old City,26.921657,75.810957,2026-03-15T08:12:58.257791,8,6,0,1,1,Cloudy,16200,None,,PS-004,Closed
FIR-003262,Theft,1,North District,26.913509,75.819683,2025-11-09T22:51:58.257791,22,6,1,1,0,Cloudy,8200,None,P-00064,PS-001,Cold
FIR-003263,Narcotics,3,Industrial Belt,26.855842,75.766573,2026-05-28T08:02:58.257791,8,3,0,0,0,Cloudy,3100,None,,PS-003,Under Investigation
FIR-003264,Robbery,5,South Division,26.875872,75.782988,2026-06-20T19:22:58.257791,19,5,0,1,0,Rain,6400,Knife,P-00131,PS-006,Under Investigation
FIR-003265,Theft,1,West Sector,26.894738,75.773029,2026-03-07T11:30:58.257791,11,5,0,1,0,Cloudy,9100,None,P-00155,PS-004,Under Investigation
FIR-003266,Cybercrime,2,East Ward,26.915482,75.827546,2026-01-20T11:02:58.257791,11,1,0,0,0,Cloudy,10800,None,P-00122,PS-006,Chargesheet Filed
FIR-003267,Fraud,2,North District,26.916748,75.812993,2026-05-13T03:46:58.257791,3,2,1,0,0,Clear,8200,None,P-00148,PS-008,Chargesheet Filed
FIR-003268,Narcotics,3,Industrial Belt,26.861042,75.779834,2025-10-24T05:17:58.257791,5,4,0,0,0,Fog,3100,None,,PS-007,Under Investigation
FIR-003269,Vehicle Theft,2,West Sector,26.885823,75.772764,2026-07-01T04:34:58.257791,4,2,1,0,0,Cloudy,9100,None,P-00055,PS-007,Closed
FIR-003270,Burglary,2,Old City,26.911977,75.808388,2026-05-20T07:50:58.257791,7,2,0,0,0,Clear,16200,None,P-00108,PS-006,Under Investigation
FIR-003271,Cybercrime,2,South Division,26.872816,75.779113,2025-12-31T23:18:58.257791,23,2,1,0,0,Clear,6400,None,,PS-001,Chargesheet Filed
FIR-003272,Cybercrime,2,Central Zone,26.893289,75.804899,2026-02-15T07:44:58.257791,7,6,0,1,1,Clear,14500,None,,PS-003,Closed
FIR-003273,Assault,2,North District,26.928614,75.823111,2025-12-24T21:17:58.257791,21,2,1,0,0,Clear,8200,Improvised,P-00464,PS-003,Under Investigation
FIR-003274,Vehicle Theft,3,Central Zone,26.905313,75.794371,2025-10-29T01:26:58.257791,1,2,1,0,0,Clear,14500,None,,PS-003,Chargesheet Filed
FIR-003275,Burglary,3,West Sector,26.889325,75.783472,2026-01-08T16:57:58.257791,16,3,0,0,0,Fog,9100,None,,PS-006,Closed
FIR-003276,Fraud,3,North District,26.91377,75.831636,2026-05-28T04:08:58.257791,4,3,1,0,0,Clear,8200,None,P-00462,PS-004,Under Investigation
FIR-003277,Vehicle Theft,3,Riverside,26.88824,75.799597,2025-12-24T12:29:58.257791,12,2,0,0,0,Cloudy,5200,None,,PS-004,Cold
FIR-003278,Burglary,4,Industrial Belt,26.865172,75.773655,2026-06-22T14:29:58.257791,14,0,0,0,0,Rain,3100,None,P-00106,PS-001,Closed
FIR-003279,Fraud,2,North District,26.913986,75.809518,2026-05-02T20:22:58.257791,20,5,1,1,0,Cloudy,8200,None,P-00448,PS-007,Under Investigation
FIR-003280,Theft,1,South Division,26.865548,75.77807,2025-08-09T12:25:58.257791,12,5,0,1,0,Cloudy,6400,None,,PS-006,Closed
FIR-003281,Vehicle Theft,2,West Sector,26.884478,75.783326,2025-09-17T13:32:58.257791,13,2,0,0,0,Cloudy,9100,None,P-00372,PS-006,Chargesheet Filed
FIR-003282,Burglary,2,Central Zone,26.888395,75.795193,2026-07-06T03:13:58.257791,3,0,1,0,0,Cloudy,14500,None,P-00388,PS-005,Chargesheet Filed
FIR-003283,Robbery,4,Riverside,26.881687,75.817996,2025-10-30T11:31:58.257791,11,3,0,0,0,Fog,5200,Firearm,P-00126,PS-006,Under Investigation
FIR-003284,Theft,1,West Sector,26.893992,75.783038,2025-09-26T04:47:58.257791,4,4,1,0,0,Clear,9100,None,,PS-001,Cold
FIR-003285,Kidnapping,5,Riverside,26.870224,75.81409,2026-05-19T06:33:58.257791,6,1,0,0,0,Fog,5200,None,,PS-004,Chargesheet Filed
FIR-003286,Fraud,2,Riverside,26.888348,75.805516,2025-10-22T11:07:58.257791,11,2,0,0,0,Rain,5200,None,,PS-006,Closed
FIR-003287,Fraud,3,West Sector,26.897865,75.766154,2025-10-16T09:20:58.257791,9,3,0,0,0,Rain,9100,None,P-00445,PS-002,Chargesheet Filed
FIR-003288,Theft,1,West Sector,26.903422,75.77848,2026-07-06T15:48:58.257791,15,0,0,0,0,Clear,9100,None,P-00103,PS-001,Under Investigation
FIR-003289,Extortion,4,Old City,26.911771,75.807073,2026-01-23T20:33:58.257791,20,4,1,0,0,Clear,16200,Improvised,,PS-002,Under Investigation
FIR-003290,Narcotics,4,Old City,26.911306,75.808234,2025-11-09T16:07:58.257791,16,6,0,1,0,Cloudy,16200,None,P-00152,PS-008,Under Investigation
FIR-003291,Theft,3,Riverside,26.880975,75.809365,2026-07-17T17:08:58.257791,17,4,0,0,0,Cloudy,5200,None,,PS-008,Chargesheet Filed
FIR-003292,Vehicle Theft,3,North District,26.924338,75.81088,2026-04-16T20:31:58.257791,20,3,1,0,0,Rain,8200,None,P-00570,PS-008,Closed
FIR-003293,Burglary,3,Riverside,26.869957,75.819726,2025-10-16T00:03:58.257791,0,3,1,0,0,Clear,5200,None,P-00351,PS-002,Under Investigation
FIR-003294,Robbery,5,South Division,26.873501,75.7982,2026-05-31T07:06:58.257791,7,6,0,1,0,Clear,6400,Knife,,PS-003,Under Investigation
FIR-003295,Burglary,4,North District,26.91505,75.827539,2026-04-11T22:02:58.257791,22,5,1,1,0,Fog,8200,None,P-00237,PS-002,Closed
FIR-003296,Robbery,4,South Division,26.860674,75.796213,2026-05-09T21:17:58.257791,21,5,1,1,0,Fog,6400,Knife,,PS-006,Cold
FIR-003297,Burglary,3,East Ward,26.896938,75.8246,2025-08-03T16:41:58.257791,16,6,0,1,0,Fog,10800,None,P-00048,PS-002,Closed
FIR-003298,Assault,4,Old City,26.908031,75.793838,2025-11-18T14:41:58.257791,14,1,0,0,0,Clear,16200,None,,PS-006,Chargesheet Filed
FIR-003299,Theft,1,South Division,26.863351,75.800122,2025-10-22T04:36:58.257791,4,2,1,0,0,Rain,6400,None,P-00170,PS-007,Closed
FIR-003300,Narcotics,4,Old City,26.925943,75.809533,2025-08-19T20:31:58.257791,20,1,1,0,0,Fog,16200,None,,PS-006,Cold
FIR-003301,Theft,1,West Sector,26.893009,75.764045,2025-09-05T20:15:58.257791,20,4,1,0,0,Heatwave,9100,None,P-00095,PS-003,Under Investigation
FIR-003302,Vehicle Theft,2,South Division,26.874028,75.783114,2026-06-28T06:18:58.257791,6,6,0,1,0,Clear,6400,None,P-00431,PS-003,Under Investigation
FIR-003303,Theft,2,Old City,26.909151,75.807538,2026-01-12T19:31:58.257791,19,0,0,0,0,Fog,16200,None,P-00491,PS-006,Under Investigation
FIR-003304,Burglary,4,North District,26.93033,75.814158,2026-05-10T20:44:58.257791,20,6,1,1,0,Rain,8200,None,P-00527,PS-005,Chargesheet Filed
FIR-003305,Vehicle Theft,1,South Division,26.864932,75.784017,2026-01-23T03:20:58.257791,3,4,1,0,0,Rain,6400,None,,PS-003,Closed
FIR-003306,Vehicle Theft,2,South Division,26.877519,75.785813,2026-01-27T07:05:58.257791,7,1,0,0,0,Cloudy,6400,None,,PS-005,Under Investigation
FIR-003307,Fraud,3,South Division,26.865637,75.78561,2026-01-28T09:10:58.257791,9,2,0,0,0,Cloudy,6400,None,,PS-007,Under Investigation
FIR-003308,Theft,1,West Sector,26.906549,75.774416,2025-08-04T11:30:58.257791,11,0,0,0,0,Clear,9100,None,,PS-003,Under Investigation
FIR-003309,Robbery,4,Industrial Belt,26.856166,75.770646,2025-09-15T01:40:58.257791,1,0,1,0,1,Clear,3100,Blunt Object,,PS-008,Closed
FIR-003310,Burglary,2,Industrial Belt,26.851918,75.760774,2026-03-09T16:58:58.257791,16,0,0,0,0,Heatwave,3100,None,,PS-001,Chargesheet Filed
FIR-003311,Burglary,3,Riverside,26.871299,75.80351,2026-07-08T00:08:58.257791,0,2,1,0,0,Rain,5200,None,,PS-008,Cold
FIR-003312,Burglary,3,North District,26.909183,75.824195,2025-12-25T20:29:58.257791,20,3,1,0,0,Cloudy,8200,None,,PS-004,Under Investigation
FIR-003313,Extortion,4,East Ward,26.898034,75.840945,2026-06-01T11:33:58.257791,11,0,0,0,0,Cloudy,10800,Improvised,P-00001,PS-006,Cold
FIR-003314,Cybercrime,1,Central Zone,26.911264,75.81066,2026-06-19T08:14:58.257791,8,4,0,0,0,Clear,14500,None,P-00081,PS-005,Chargesheet Filed
FIR-003315,Assault,2,Old City,26.915666,75.814886,2026-01-31T21:37:58.257791,21,5,1,1,0,Clear,16200,Improvised,,PS-005,Under Investigation
FIR-003316,Fraud,1,North District,26.917882,75.812553,2026-07-25T11:06:58.257791,11,5,0,1,0,Clear,8200,None,,PS-006,Under Investigation
FIR-003317,Burglary,2,Old City,26.921448,75.803675,2025-11-04T00:09:58.257791,0,1,1,0,0,Cloudy,16200,None,,PS-005,Under Investigation
FIR-003318,Theft,1,Industrial Belt,26.867871,75.781307,2026-05-12T15:04:58.257791,15,1,0,0,0,Clear,3100,None,,PS-001,Chargesheet Filed
FIR-003319,Robbery,3,East Ward,26.902028,75.823317,2025-09-06T15:38:58.257791,15,5,0,1,0,Heatwave,10800,None,P-00167,PS-008,Chargesheet Filed
FIR-003320,Fraud,1,Central Zone,26.910147,75.790852,2025-12-04T09:23:58.257791,9,3,0,0,0,Clear,14500,None,P-00121,PS-006,Closed
FIR-003321,Theft,1,Old City,26.910279,75.795676,2026-05-24T07:50:58.257791,7,6,0,1,0,Cloudy,16200,None,,PS-003,Closed
FIR-003322,Burglary,2,Central Zone,26.898576,75.801693,2025-12-17T03:32:58.257791,3,2,1,0,0,Cloudy,14500,None,,PS-002,Under Investigation
FIR-003323,Fraud,2,Riverside,26.879832,75.81183,2026-04-28T23:56:58.257791,23,1,1,0,0,Clear,5200,None,P-00295,PS-006,Chargesheet Filed
FIR-003324,Burglary,2,North District,26.926034,75.819202,2025-09-19T10:54:58.257791,10,4,0,0,0,Clear,8200,None,P-00100,PS-003,Under Investigation
FIR-003325,Cybercrime,1,West Sector,26.888175,75.783647,2026-01-16T09:14:58.257791,9,4,0,0,0,Clear,9100,None,,PS-006,Closed
FIR-003326,Theft,2,West Sector,26.906317,75.782609,2026-05-22T09:32:58.257791,9,4,0,0,0,Clear,9100,None,P-00494,PS-005,Chargesheet Filed
FIR-003327,Cybercrime,1,West Sector,26.887177,75.782318,2025-09-03T06:05:58.257791,6,2,0,0,0,Fog,9100,None,P-00145,PS-007,Under Investigation
FIR-003328,Theft,3,Riverside,26.880511,75.798751,2025-10-03T04:43:58.257791,4,4,1,0,0,Clear,5200,None,,PS-002,Under Investigation
FIR-003329,Burglary,3,West Sector,26.899162,75.776368,2025-11-23T07:52:58.257791,7,6,0,1,0,Clear,9100,None,,PS-006,Under Investigation
FIR-003330,Narcotics,3,Industrial Belt,26.85608,75.777604,2026-05-16T23:11:58.257791,23,5,1,1,0,Clear,3100,None,,PS-005,Closed
FIR-003331,Robbery,5,Central Zone,26.910852,75.789285,2025-09-04T07:29:58.257791,7,3,0,0,0,Clear,14500,Firearm,P-00161,PS-005,Under Investigation
FIR-003332,Assault,5,Industrial Belt,26.865889,75.761016,2026-03-08T23:07:58.257791,23,6,1,1,0,Clear,3100,Blunt Object,P-00495,PS-007,Under Investigation
FIR-003333,Burglary,3,West Sector,26.905553,75.781147,2026-03-09T11:51:58.257791,11,0,0,0,0,Clear,9100,None,P-00555,PS-003,Closed
FIR-003334,Robbery,5,West Sector,26.884262,75.769524,2026-03-02T02:00:58.257791,2,0,1,0,0,Clear,9100,Blunt Object,P-00457,PS-001,Closed
FIR-003335,Burglary,2,Central Zone,26.898277,75.790949,2026-04-14T13:22:58.257791,13,1,0,0,0,Fog,14500,None,P-00246,PS-004,Chargesheet Filed
FIR-003336,Vehicle Theft,3,East Ward,26.910545,75.834364,2026-01-31T23:50:58.257791,23,5,1,1,0,Clear,10800,None,P-00131,PS-005,Under Investigation
FIR-003337,Vehicle Theft,3,West Sector,26.906418,75.764459,2026-07-08T17:07:58.257791,17,2,0,0,0,Clear,9100,None,P-00412,PS-001,Closed
FIR-003338,Cybercrime,3,South Division,26.873477,75.80079,2026-01-16T10:36:58.257791,10,4,0,0,0,Rain,6400,None,P-00238,PS-005,Closed
FIR-003339,Fraud,2,South Division,26.864239,75.786387,2026-06-05T08:27:58.257791,8,4,0,0,0,Cloudy,6400,None,P-00120,PS-001,Chargesheet Filed
FIR-003340,Robbery,4,Riverside,26.880363,75.812045,2025-11-13T06:24:58.257791,6,3,0,0,0,Clear,5200,Improvised,P-00481,PS-006,Under Investigation
FIR-003341,Theft,2,Old City,26.925234,75.811311,2026-03-15T10:46:58.257791,10,6,0,1,1,Cloudy,16200,None,P-00556,PS-002,Under Investigation
FIR-003342,Cybercrime,3,North District,26.914277,75.810599,2026-02-18T08:24:58.257791,8,2,0,0,0,Cloudy,8200,None,,PS-004,Closed
FIR-003343,Fraud,3,Riverside,26.882806,75.801703,2025-12-19T07:21:58.257791,7,4,0,0,0,Clear,5200,None,P-00159,PS-008,Chargesheet Filed
FIR-003344,Fraud,2,North District,26.928843,75.823375,2025-07-31T17:00:58.257791,17,3,0,0,0,Rain,8200,None,P-00065,PS-008,Under Investigation
FIR-003345,Burglary,2,North District,26.91331,75.823149,2025-11-07T22:53:58.257791,22,4,1,0,0,Cloudy,8200,None,P-00231,PS-007,Under Investigation
FIR-003346,Narcotics,4,Industrial Belt,26.854935,75.773787,2026-06-10T09:01:58.257791,9,2,0,0,0,Rain,3100,None,P-00375,PS-006,Closed
FIR-003347,Fraud,3,North District,26.920583,75.822194,2026-05-13T17:05:58.257791,17,2,0,0,0,Clear,8200,None,P-00082,PS-008,Under Investigation
FIR-003348,Vehicle Theft,1,Central Zone,26.900697,75.797891,2025-08-13T01:36:58.257791,1,2,1,0,0,Cloudy,14500,None,P-00056,PS-008,Closed
FIR-003349,Burglary,4,Old City,26.922072,75.803738,2026-03-27T00:31:58.257791,0,4,1,0,0,Clear,16200,None,,PS-008,Under Investigation
FIR-003350,Fraud,3,Industrial Belt,26.867557,75.769296,2025-09-07T18:52:58.257791,18,6,0,1,0,Heatwave,3100,None,P-00443,PS-008,Under Investigation
FIR-003351,Fraud,2,South Division,26.875848,75.779712,2025-10-02T05:31:58.257791,5,3,0,0,0,Cloudy,6400,None,P-00087,PS-001,Closed
FIR-003352,Theft,1,West Sector,26.885406,75.785061,2025-11-28T07:53:58.257791,7,4,0,0,0,Clear,9100,None,,PS-003,Chargesheet Filed
FIR-003353,Cybercrime,3,Central Zone,26.889004,75.790299,2026-02-14T11:44:58.257791,11,5,0,1,0,Clear,14500,None,,PS-002,Cold
FIR-003354,Burglary,3,Riverside,26.885431,75.800686,2026-05-01T20:37:58.257791,20,4,1,0,0,Clear,5200,None,,PS-008,Under Investigation
FIR-003355,Theft,3,South Division,26.865318,75.779958,2026-03-27T19:53:58.257791,19,4,0,0,0,Rain,6400,None,,PS-007,Under Investigation
FIR-003356,Fraud,2,Central Zone,26.906552,75.80989,2025-10-11T17:00:58.257791,17,5,0,1,0,Clear,14500,None,,PS-006,Closed
FIR-003357,Extortion,4,West Sector,26.883474,75.781786,2026-03-05T08:00:58.257791,8,3,0,0,0,Clear,9100,Firearm,,PS-005,Chargesheet Filed
FIR-003358,Vehicle Theft,3,East Ward,26.89676,75.835184,2026-01-04T03:53:58.257791,3,6,1,1,0,Heatwave,10800,None,,PS-003,Cold
FIR-003359,Fraud,2,Riverside,26.882825,75.821302,2025-12-08T14:24:58.257791,14,0,0,0,0,Clear,5200,None,P-00122,PS-005,Under Investigation
FIR-003360,Robbery,3,Central Zone,26.890769,75.799111,2025-10-05T07:04:58.257791,7,6,0,1,0,Clear,14500,Blunt Object,P-00382,PS-008,Cold
FIR-003361,Assault,3,Riverside,26.882775,75.813302,2025-11-02T21:51:58.257791,21,6,1,1,0,Clear,5200,Improvised,P-00095,PS-007,Under Investigation
FIR-003362,Burglary,4,Riverside,26.885893,75.811311,2026-03-20T02:10:58.257791,2,4,1,0,0,Cloudy,5200,None,P-00145,PS-001,Under Investigation
FIR-003363,Fraud,2,Riverside,26.878018,75.818807,2025-12-27T13:18:58.257791,13,5,0,1,0,Clear,5200,None,,PS-007,Under Investigation
FIR-003364,Narcotics,4,West Sector,26.890485,75.777639,2026-06-14T23:41:58.257791,23,6,1,1,0,Rain,9100,None,P-00464,PS-001,Under Investigation
FIR-003365,Vehicle Theft,2,Old City,26.926698,75.816282,2025-09-27T07:10:58.257791,7,5,0,1,0,Rain,16200,None,,PS-005,Chargesheet Filed
FIR-003366,Theft,3,Industrial Belt,26.867565,75.773199,2026-01-19T08:20:58.257791,8,0,0,0,0,Rain,3100,None,P-00148,PS-005,Under Investigation
FIR-003367,Robbery,4,South Division,26.876474,75.781505,2026-05-20T00:31:58.257791,0,2,1,0,0,Rain,6400,Knife,,PS-008,Chargesheet Filed
FIR-003368,Vehicle Theft,1,South Division,26.869991,75.785323,2026-01-07T02:39:58.257791,2,2,1,0,0,Rain,6400,None,,PS-005,Cold
FIR-003369,Theft,3,Old City,26.903722,75.79367,2026-01-18T14:08:58.257791,14,6,0,1,0,Cloudy,16200,None,,PS-005,Under Investigation
FIR-003370,Burglary,4,West Sector,26.887133,75.786484,2026-05-11T03:13:58.257791,3,0,1,0,0,Fog,9100,None,P-00188,PS-005,Chargesheet Filed
FIR-003371,Assault,3,West Sector,26.90666,75.781581,2025-11-29T00:13:58.257791,0,5,1,1,0,Clear,9100,Blunt Object,P-00538,PS-006,Chargesheet Filed
FIR-003372,Vehicle Theft,1,Old City,26.923191,75.807754,2025-12-29T13:48:58.257791,13,0,0,0,0,Cloudy,16200,None,P-00151,PS-004,Chargesheet Filed
FIR-003373,Narcotics,4,South Division,26.868966,75.8013,2026-02-14T20:41:58.257791,20,5,1,1,0,Cloudy,6400,None,P-00231,PS-002,Under Investigation
FIR-003374,Theft,1,North District,26.916488,75.822629,2026-04-22T21:31:58.257791,21,2,1,0,0,Clear,8200,None,P-00065,PS-002,Under Investigation
FIR-003375,Theft,1,South Division,26.879561,75.788764,2026-02-19T03:53:58.257791,3,3,1,0,0,Cloudy,6400,None,,PS-001,Under Investigation
FIR-003376,Assault,2,South Division,26.873733,75.792486,2026-06-01T21:58:58.257791,21,0,1,0,0,Fog,6400,None,,PS-001,Closed
FIR-003377,Assault,3,Riverside,26.87132,75.798339,2025-12-24T00:51:58.257791,0,2,1,0,0,Clear,5200,Improvised,P-00292,PS-005,Under Investigation
FIR-003378,Robbery,3,East Ward,26.902184,75.822744,2026-06-13T00:26:58.257791,0,5,1,1,0,Clear,10800,Blunt Object,P-00285,PS-007,Chargesheet Filed
FIR-003379,Vehicle Theft,2,Old City,26.911153,75.813629,2025-09-15T20:10:58.257791,20,0,1,0,1,Clear,16200,None,P-00353,PS-002,Under Investigation
FIR-003380,Burglary,2,Central Zone,26.888738,75.797034,2025-10-30T07:37:58.257791,7,3,0,0,0,Fog,14500,None,,PS-005,Chargesheet Filed
FIR-003381,Narcotics,4,Riverside,26.88015,75.815904,2025-12-18T00:23:58.257791,0,3,1,0,0,Rain,5200,None,P-00226,PS-003,Closed
FIR-003382,Assault,5,Old City,26.90923,75.806384,2026-01-03T03:46:58.257791,3,5,1,1,0,Clear,16200,Blunt Object,,PS-006,Under Investigation
FIR-003383,Fraud,2,South Division,26.877604,75.788998,2026-05-24T09:42:58.257791,9,6,0,1,0,Rain,6400,None,,PS-003,Under Investigation
FIR-003384,Fraud,2,Old City,26.906633,75.793512,2026-01-17T05:35:58.257791,5,5,0,1,0,Clear,16200,None,P-00463,PS-007,Under Investigation
FIR-003385,Theft,1,Old City,26.916581,75.813069,2026-03-26T08:24:58.257791,8,3,0,0,0,Clear,16200,None,P-00247,PS-008,Chargesheet Filed
FIR-003386,Burglary,2,East Ward,26.898686,75.826122,2026-02-07T22:38:58.257791,22,5,1,1,0,Clear,10800,None,P-00538,PS-001,Under Investigation
FIR-003387,Cybercrime,3,Old City,26.911032,75.80881,2025-09-30T14:13:58.257791,14,1,0,0,0,Rain,16200,None,,PS-006,Under Investigation
FIR-003388,Burglary,3,Central Zone,26.891795,75.796692,2026-04-02T15:38:58.257791,15,3,0,0,0,Clear,14500,None,,PS-008,Chargesheet Filed
FIR-003389,Assault,2,North District,26.919773,75.824009,2025-09-13T17:43:58.257791,17,5,0,1,0,Clear,8200,Blunt Object,P-00148,PS-003,Chargesheet Filed
FIR-003390,Burglary,4,Riverside,26.875417,75.803287,2026-06-14T22:58:58.257791,22,6,1,1,0,Clear,5200,None,P-00412,PS-008,Under Investigation
FIR-003391,Burglary,4,Industrial Belt,26.864057,75.774341,2025-11-22T04:34:58.257791,4,5,1,1,0,Fog,3100,None,P-00056,PS-006,Chargesheet Filed
FIR-003392,Cybercrime,1,Central Zone,26.902662,75.806865,2025-10-24T04:18:58.257791,4,4,1,0,0,Clear,14500,None,P-00565,PS-004,Chargesheet Filed
FIR-003393,Theft,3,South Division,26.868097,75.790805,2025-10-12T18:32:58.257791,18,6,0,1,0,Cloudy,6400,None,,PS-008,Closed
FIR-003394,Assault,5,Central Zone,26.903775,75.806964,2026-07-17T09:21:58.257791,9,4,0,0,0,Clear,14500,Blunt Object,P-00439,PS-006,Under Investigation
FIR-003395,Vehicle Theft,3,West Sector,26.896117,75.786179,2026-06-07T11:57:58.257791,11,6,0,1,0,Cloudy,9100,None,,PS-006,Closed
FIR-003396,Assault,2,Central Zone,26.906381,75.790011,2025-09-05T07:09:58.257791,7,4,0,0,0,Rain,14500,Improvised,P-00555,PS-006,Under Investigation
FIR-003397,Robbery,4,North District,26.925198,75.823752,2026-02-10T17:44:58.257791,17,1,0,0,0,Clear,8200,Blunt Object,P-00181,PS-004,Under Investigation
FIR-003398,Theft,3,Old City,26.905135,75.81266,2025-09-27T11:11:58.257791,11,5,0,1,0,Fog,16200,None,P-00151,PS-001,Chargesheet Filed
FIR-003399,Theft,3,Old City,26.909983,75.799939,2025-11-27T13:23:58.257791,13,3,0,0,0,Heatwave,16200,None,P-00202,PS-005,Cold
FIR-003400,Assault,5,Central Zone,26.905714,75.799253,2025-07-29T08:32:58.257791,8,1,0,0,0,Clear,14500,Firearm,P-00469,PS-007,Chargesheet Filed
FIR-003401,Burglary,2,Old City,26.921186,75.814256,2026-01-19T21:23:58.257791,21,0,1,0,0,Clear,16200,None,P-00568,PS-004,Chargesheet Filed
FIR-003402,Fraud,2,Central Zone,26.897693,75.789339,2026-01-13T08:38:58.257791,8,1,0,0,0,Clear,14500,None,,PS-003,Chargesheet Filed
FIR-003403,Robbery,3,Riverside,26.890472,75.811814,2025-08-07T08:37:58.257791,8,3,0,0,0,Heatwave,5200,None,,PS-006,Chargesheet Filed
FIR-003404,Assault,3,South Division,26.861263,75.796318,2025-08-20T07:23:58.257791,7,2,0,0,0,Cloudy,6400,None,P-00202,PS-005,Under Investigation
FIR-003405,Theft,2,Old City,26.915489,75.805355,2025-08-03T15:39:58.257791,15,6,0,1,0,Rain,16200,None,P-00437,PS-007,Under Investigation
FIR-003406,Theft,3,North District,26.919718,75.817299,2025-08-30T11:33:58.257791,11,5,0,1,0,Cloudy,8200,None,P-00413,PS-002,Closed
FIR-003407,Theft,1,Old City,26.915143,75.806817,2026-05-20T14:32:58.257791,14,2,0,0,0,Clear,16200,None,P-00095,PS-008,Chargesheet Filed
FIR-003408,Assault,2,North District,26.919169,75.816689,2026-02-23T03:51:58.257791,3,0,1,0,0,Clear,8200,None,P-00009,PS-001,Cold
FIR-003409,Theft,2,South Division,26.861148,75.79233,2026-03-09T15:44:58.257791,15,0,0,0,0,Clear,6400,None,P-00104,PS-004,Under Investigation
FIR-003410,Theft,2,North District,26.912822,75.812949,2026-02-18T07:12:58.257791,7,2,0,0,0,Rain,8200,None,,PS-008,Cold
FIR-003411,Cybercrime,3,East Ward,26.904734,75.840804,2025-09-24T01:11:58.257791,1,2,1,0,0,Clear,10800,None,,PS-006,Under Investigation
FIR-003412,Theft,3,Central Zone,26.909076,75.795692,2026-04-04T07:33:58.257791,7,5,0,1,0,Clear,14500,None,,PS-007,Closed
FIR-003413,Theft,1,West Sector,26.901414,75.769044,2026-02-08T00:29:58.257791,0,6,1,1,0,Clear,9100,None,,PS-007,Under Investigation
FIR-003414,Burglary,2,North District,26.91284,75.817654,2025-11-03T02:58:58.257791,2,0,1,0,0,Clear,8200,None,,PS-005,Cold
FIR-003415,Burglary,4,West Sector,26.890099,75.779796,2026-06-16T10:19:58.257791,10,1,0,0,0,Clear,9100,None,P-00190,PS-003,Under Investigation
FIR-003416,Fraud,1,Riverside,26.886195,75.819463,2026-04-03T00:30:58.257791,0,4,1,0,0,Heatwave,5200,None,,PS-008,Cold
FIR-003417,Theft,1,Central Zone,26.892992,75.80634,2025-08-16T04:54:58.257791,4,5,1,1,0,Clear,14500,None,P-00055,PS-007,Under Investigation
FIR-003418,Vehicle Theft,2,South Division,26.865036,75.79923,2026-05-11T07:35:58.257791,7,0,0,0,0,Rain,6400,None,P-00229,PS-002,Under Investigation
FIR-003419,Extortion,5,Old City,26.908974,75.813734,2026-06-20T10:44:58.257791,10,5,0,1,0,Cloudy,16200,Firearm,P-00306,PS-008,Chargesheet Filed
FIR-003420,Vehicle Theft,1,Central Zone,26.910782,75.80656,2026-06-09T08:17:58.257791,8,1,0,0,0,Rain,14500,None,,PS-008,Closed
FIR-003421,Assault,5,Riverside,26.8789,75.805473,2026-06-02T01:04:58.257791,1,1,1,0,0,Heatwave,5200,Improvised,P-00543,PS-005,Under Investigation
FIR-003422,Vehicle Theft,3,South Division,26.859319,75.778294,2025-09-27T17:40:58.257791,17,5,0,1,0,Rain,6400,None,,PS-005,Under Investigation
FIR-003423,Assault,2,Old City,26.925068,75.804655,2026-01-14T17:39:58.257791,17,2,0,0,0,Cloudy,16200,Knife,,PS-001,Under Investigation
FIR-003424,Burglary,3,Old City,26.905315,75.815708,2026-03-07T06:16:58.257791,6,5,0,1,0,Clear,16200,None,,PS-008,Closed
FIR-003425,Robbery,4,South Division,26.866392,75.790014,2026-06-20T13:20:58.257791,13,5,0,1,0,Cloudy,6400,Blunt Object,,PS-006,Closed
FIR-003426,Theft,3,East Ward,26.913223,75.828002,2025-09-07T21:09:58.257791,21,6,1,1,0,Fog,10800,None,,PS-001,Cold
FIR-003427,Fraud,1,East Ward,26.893498,75.838647,2025-10-25T01:31:58.257791,1,5,1,1,0,Rain,10800,None,,PS-004,Cold
FIR-003428,Narcotics,4,Old City,26.926308,75.81658,2026-07-05T10:16:58.257791,10,6,0,1,0,Clear,16200,None,,PS-005,Under Investigation
FIR-003429,Vehicle Theft,1,North District,26.929078,75.829981,2025-10-30T06:42:58.257791,6,3,0,0,0,Clear,8200,None,P-00087,PS-005,Chargesheet Filed
FIR-003430,Kidnapping,4,North District,26.913184,75.812267,2026-03-10T07:14:58.257791,7,1,0,0,0,Rain,8200,Improvised,,PS-006,Closed
FIR-003431,Narcotics,2,North District,26.931852,75.820959,2026-07-26T14:39:58.257791,14,6,0,1,0,Cloudy,8200,None,,PS-003,Chargesheet Filed
FIR-003432,Assault,5,East Ward,26.906026,75.827562,2025-08-23T03:40:58.257791,3,5,1,1,0,Clear,10800,Improvised,P-00554,PS-008,Under Investigation
FIR-003433,Burglary,3,West Sector,26.892697,75.764638,2025-09-23T14:45:58.257791,14,1,0,0,0,Clear,9100,None,P-00167,PS-002,Under Investigation
FIR-003434,Cybercrime,3,Central Zone,26.907755,75.803378,2026-07-02T10:31:58.257791,10,3,0,0,0,Clear,14500,None,,PS-006,Under Investigation
FIR-003435,Burglary,2,Industrial Belt,26.855483,75.781337,2025-10-25T18:53:58.257791,18,5,0,1,0,Cloudy,3100,None,P-00126,PS-005,Under Investigation
FIR-003436,Burglary,2,Old City,26.922157,75.810348,2025-08-12T00:16:58.257791,0,1,1,0,0,Rain,16200,None,P-00152,PS-005,Chargesheet Filed
FIR-003437,Theft,3,Central Zone,26.901736,75.799576,2025-08-28T03:47:58.257791,3,3,1,0,0,Cloudy,14500,None,,PS-003,Chargesheet Filed
FIR-003438,Narcotics,4,Old City,26.925745,75.810462,2026-03-24T13:45:58.257791,13,1,0,0,0,Fog,16200,None,,PS-003,Under Investigation
FIR-003439,Robbery,3,Riverside,26.869942,75.806176,2026-04-05T22:22:58.257791,22,6,1,1,0,Fog,5200,Firearm,P-00364,PS-001,Chargesheet Filed
FIR-003440,Theft,3,South Division,26.859449,75.798792,2026-05-13T07:06:58.257791,7,2,0,0,0,Clear,6400,None,,PS-007,Chargesheet Filed
FIR-003441,Burglary,4,East Ward,26.902513,75.822121,2026-02-26T16:32:58.257791,16,3,0,0,0,Heatwave,10800,None,P-00256,PS-008,Under Investigation
FIR-003442,Fraud,2,South Division,26.86191,75.796484,2026-07-15T11:48:58.257791,11,2,0,0,1,Cloudy,6400,None,,PS-008,Closed
FIR-003443,Cybercrime,1,Old City,26.90727,75.806805,2026-03-13T07:57:58.257791,7,4,0,0,0,Cloudy,16200,None,,PS-004,Chargesheet Filed
FIR-003444,Vehicle Theft,1,East Ward,26.908981,75.836051,2026-05-31T20:22:58.257791,20,6,1,1,0,Clear,10800,None,P-00009,PS-001,Under Investigation
FIR-003445,Burglary,3,East Ward,26.897393,75.830139,2026-05-18T07:40:58.257791,7,0,0,0,0,Clear,10800,None,,PS-004,Under Investigation
FIR-003446,Fraud,1,Industrial Belt,26.858081,75.776794,2025-11-16T13:25:58.257791,13,6,0,1,0,Cloudy,3100,None,P-00246,PS-005,Chargesheet Filed
FIR-003447,Narcotics,3,North District,26.922425,75.820269,2026-04-29T07:25:58.257791,7,2,0,0,0,Cloudy,8200,None,,PS-004,Closed
FIR-003448,Narcotics,3,North District,26.920029,75.808615,2026-05-19T22:01:58.257791,22,1,1,0,0,Clear,8200,None,,PS-008,Under Investigation
FIR-003449,Burglary,3,Industrial Belt,26.864924,75.779528,2026-04-04T11:14:58.257791,11,5,0,1,0,Rain,3100,None,,PS-004,Under Investigation
FIR-003450,Robbery,3,Central Zone,26.891095,75.792159,2026-02-26T03:04:58.257791,3,3,1,0,0,Clear,14500,Firearm,,PS-001,Under Investigation
FIR-003451,Fraud,2,Central Zone,26.905542,75.788073,2026-02-27T06:10:58.257791,6,4,0,0,0,Rain,14500,None,P-00234,PS-006,Cold
FIR-003452,Robbery,5,East Ward,26.915973,75.828125,2026-03-11T00:57:58.257791,0,2,1,0,0,Clear,10800,Firearm,P-00475,PS-008,Under Investigation
FIR-003453,Assault,5,North District,26.931083,75.809461,2026-05-06T22:42:58.257791,22,2,1,0,0,Cloudy,8200,Improvised,P-00234,PS-007,Under Investigation
FIR-003454,Narcotics,4,East Ward,26.90448,75.823871,2026-06-27T12:06:58.257791,12,5,0,1,0,Cloudy,10800,None,,PS-004,Chargesheet Filed
FIR-003455,Burglary,3,East Ward,26.912654,75.831294,2025-11-07T01:23:58.257791,1,4,1,0,0,Clear,10800,None,P-00527,PS-007,Closed
FIR-003456,Assault,5,Old City,26.926202,75.79546,2025-10-11T05:23:58.257791,5,5,0,1,0,Clear,16200,Firearm,,PS-003,Chargesheet Filed
FIR-003457,Fraud,3,Central Zone,26.903163,75.793655,2025-08-15T09:42:58.257791,9,4,0,0,1,Rain,14500,None,P-00372,PS-004,Chargesheet Filed
FIR-003458,Burglary,4,West Sector,26.889136,75.784954,2025-09-23T12:29:58.257791,12,1,0,0,0,Cloudy,9100,None,P-00478,PS-004,Cold
FIR-003459,Fraud,2,Industrial Belt,26.84938,75.767471,2025-10-25T13:49:58.257791,13,5,0,1,0,Rain,3100,None,P-00527,PS-003,Under Investigation
FIR-003460,Robbery,4,East Ward,26.903966,75.841542,2025-10-29T10:56:58.257791,10,2,0,0,0,Fog,10800,Improvised,,PS-007,Cold
FIR-003461,Assault,2,Old City,26.926599,75.79409,2025-11-21T16:29:58.257791,16,4,0,0,0,Cloudy,16200,Blunt Object,,PS-005,Cold
FIR-003462,Assault,5,South Division,26.864735,75.794047,2026-05-16T12:05:58.257791,12,5,0,1,0,Clear,6400,Knife,P-00192,PS-007,Under Investigation
FIR-003463,Vehicle Theft,2,Old City,26.907507,75.801404,2025-11-26T22:08:58.257791,22,2,1,0,0,Heatwave,16200,None,P-00207,PS-002,Closed
FIR-003464,Burglary,3,Riverside,26.873717,75.806744,2026-02-12T20:04:58.257791,20,3,1,0,0,Clear,5200,None,P-00194,PS-008,Under Investigation
FIR-003465,Extortion,5,Central Zone,26.904791,75.795747,2026-05-04T05:21:58.257791,5,0,0,0,0,Rain,14500,Improvised,P-00108,PS-005,Chargesheet Filed
FIR-003466,Narcotics,2,South Division,26.858648,75.792926,2026-07-26T16:13:58.257791,16,6,0,1,0,Cloudy,6400,None,,PS-007,Under Investigation
FIR-003467,Cybercrime,3,Old City,26.922138,75.816734,2026-07-20T12:01:58.257791,12,0,0,0,0,Rain,16200,None,,PS-006,Under Investigation
FIR-003468,Narcotics,3,Central Zone,26.9053,75.799707,2025-08-10T03:23:58.257791,3,6,1,1,0,Rain,14500,None,P-00217,PS-006,Under Investigation
FIR-003469,Fraud,2,West Sector,26.894987,75.785033,2025-12-24T13:27:58.257791,13,2,0,0,0,Clear,9100,None,,PS-008,Closed
FIR-003470,Cybercrime,3,Central Zone,26.904199,75.806149,2025-10-07T16:18:58.257791,16,1,0,0,0,Clear,14500,None,P-00176,PS-004,Cold
FIR-003471,Assault,2,North District,26.928546,75.81943,2026-04-06T17:59:58.257791,17,0,0,0,0,Cloudy,8200,Blunt Object,P-00453,PS-007,Closed
FIR-003472,Theft,2,Central Zone,26.893768,75.801298,2026-04-28T15:53:58.257791,15,1,0,0,0,Fog,14500,None,,PS-001,Under Investigation
FIR-003473,Theft,2,South Division,26.878937,75.779312,2025-08-31T22:39:58.257791,22,6,1,1,0,Heatwave,6400,None,P-00561,PS-002,Cold
FIR-003474,Extortion,3,West Sector,26.903759,75.783799,2026-01-20T12:05:58.257791,12,1,0,0,0,Fog,9100,Blunt Object,P-00263,PS-006,Under Investigation
FIR-003475,Kidnapping,5,Central Zone,26.894711,75.790014,2025-09-14T03:38:58.257791,3,6,1,1,0,Heatwave,14500,Improvised,,PS-006,Closed
FIR-003476,Cybercrime,1,Industrial Belt,26.861239,75.765604,2026-02-17T12:29:58.257791,12,1,0,0,0,Clear,3100,None,,PS-001,Closed
FIR-003477,Burglary,2,West Sector,26.883312,75.773353,2026-06-29T15:39:58.257791,15,0,0,0,0,Clear,9100,None,,PS-007,Cold
FIR-003478,Burglary,4,East Ward,26.912366,75.833555,2025-08-27T22:24:58.257791,22,2,1,0,0,Fog,10800,None,P-00143,PS-001,Closed
FIR-003479,Theft,2,East Ward,26.896176,75.828579,2026-05-30T01:44:58.257791,1,5,1,1,0,Cloudy,10800,None,,PS-007,Under Investigation
FIR-003480,Robbery,3,East Ward,26.901655,75.819793,2025-11-23T18:40:58.257791,18,6,0,1,0,Cloudy,10800,Blunt Object,P-00238,PS-001,Closed
FIR-003481,Robbery,4,Central Zone,26.904841,75.801111,2025-09-19T11:57:58.257791,11,4,0,0,0,Clear,14500,Improvised,,PS-007,Under Investigation
FIR-003482,Burglary,2,East Ward,26.907262,75.823803,2026-05-04T20:26:58.257791,20,0,1,0,0,Heatwave,10800,None,,PS-007,Under Investigation
FIR-003483,Assault,2,West Sector,26.899496,75.771946,2025-08-31T13:40:58.257791,13,6,0,1,0,Clear,9100,Improvised,P-00229,PS-008,Under Investigation
FIR-003484,Extortion,3,West Sector,26.903008,75.77242,2025-10-13T00:52:58.257791,0,0,1,0,0,Fog,9100,Firearm,P-00471,PS-005,Closed
FIR-003485,Narcotics,4,Riverside,26.886687,75.803308,2026-01-26T18:45:58.257791,18,0,0,0,0,Clear,5200,None,P-00302,PS-007,Closed
FIR-003486,Assault,4,Riverside,26.882822,75.818026,2026-03-04T19:45:58.257791,19,2,0,0,0,Heatwave,5200,Firearm,,PS-008,Under Investigation
FIR-003487,Robbery,3,South Division,26.872007,75.800242,2026-05-17T00:43:58.257791,0,6,1,1,0,Rain,6400,Knife,P-00195,PS-008,Under Investigation
FIR-003488,Narcotics,2,East Ward,26.909654,75.836407,2026-05-25T19:36:58.257791,19,0,0,0,0,Clear,10800,None,,PS-007,Chargesheet Filed
FIR-003489,Extortion,4,North District,26.91993,75.829823,2025-09-27T17:59:58.257791,17,5,0,1,0,Cloudy,8200,Firearm,,PS-003,Under Investigation
FIR-003490,Vehicle Theft,1,East Ward,26.896138,75.833553,2025-10-20T19:57:58.257791,19,0,0,0,0,Clear,10800,None,,PS-003,Under Investigation
FIR-003491,Cybercrime,1,South Division,26.858178,75.79975,2026-06-15T10:57:58.257791,10,0,0,0,1,Rain,6400,None,P-00090,PS-005,Under Investigation
FIR-003492,Theft,2,Central Zone,26.897261,75.807205,2026-04-04T11:49:58.257791,11,5,0,1,0,Rain,14500,None,,PS-003,Closed
FIR-003493,Cybercrime,3,Central Zone,26.897424,75.80625,2025-10-13T05:17:58.257791,5,0,0,0,0,Clear,14500,None,P-00475,PS-006,Cold
FIR-003494,Vehicle Theft,2,North District,26.930098,75.824789,2025-08-21T16:14:58.257791,16,3,0,0,0,Fog,8200,None,P-00100,PS-006,Closed
FIR-003495,Burglary,4,West Sector,26.906699,75.780912,2025-08-22T20:45:58.257791,20,4,1,0,0,Clear,9100,None,,PS-008,Closed
FIR-003496,Extortion,4,East Ward,26.907861,75.835376,2025-08-21T09:20:58.257791,9,3,0,0,0,Cloudy,10800,Improvised,P-00214,PS-002,Under Investigation
FIR-003497,Burglary,4,Old City,26.918788,75.801187,2026-06-15T21:09:58.257791,21,0,1,0,1,Clear,16200,None,P-00082,PS-001,Under Investigation
FIR-003498,Assault,5,Riverside,26.880872,75.806689,2026-01-29T07:44:58.257791,7,3,0,0,0,Clear,5200,Firearm,,PS-006,Under Investigation
FIR-003499,Narcotics,3,Riverside,26.878405,75.812508,2026-07-12T06:05:58.257791,6,6,0,1,0,Cloudy,5200,None,,PS-001,Under Investigation
FIR-003500,Vehicle Theft,2,Central Zone,26.892344,75.797149,2025-12-17T22:05:58.257791,22,2,1,0,0,Fog,14500,None,,PS-005,Closed
FIR-003501,Extortion,5,North District,26.920401,75.817694,2026-06-23T05:57:58.257791,5,1,0,0,0,Clear,8200,Improvised,,PS-001,Closed
FIR-003502,Robbery,3,Old City,26.919261,75.797727,2025-11-05T20:33:58.257791,20,2,1,0,0,Clear,16200,None,P-00588,PS-008,Chargesheet Filed
FIR-003503,Burglary,4,Central Zone,26.906929,75.798695,2026-04-12T03:21:58.257791,3,6,1,1,0,Clear,14500,None,,PS-004,Chargesheet Filed
FIR-003504,Vehicle Theft,2,Riverside,26.881382,75.819147,2025-09-21T09:39:58.257791,9,6,0,1,0,Clear,5200,None,P-00405,PS-006,Closed
FIR-003505,Vehicle Theft,2,East Ward,26.909709,75.834339,2025-12-13T15:03:58.257791,15,5,0,1,0,Clear,10800,None,P-00399,PS-008,Under Investigation
FIR-003506,Vehicle Theft,2,Central Zone,26.890504,75.79969,2026-03-15T00:30:58.257791,0,6,1,1,1,Cloudy,14500,None,P-00321,PS-008,Closed
FIR-003507,Theft,2,Old City,26.909301,75.800891,2025-08-24T05:58:58.257791,5,6,0,1,0,Cloudy,16200,None,P-00041,PS-006,Under Investigation
FIR-003508,Burglary,2,West Sector,26.895333,75.773368,2026-05-22T14:59:58.257791,14,4,0,0,0,Clear,9100,None,P-00190,PS-001,Under Investigation
FIR-003509,Narcotics,4,South Division,26.867135,75.792564,2025-09-09T15:19:58.257791,15,1,0,0,0,Clear,6400,None,P-00229,PS-006,Under Investigation
FIR-003510,Theft,2,Central Zone,26.897148,75.790295,2026-07-14T05:44:58.257791,5,1,0,0,0,Clear,14500,None,P-00481,PS-002,Under Investigation
FIR-003511,Theft,2,Industrial Belt,26.869494,75.770425,2025-09-04T05:47:58.257791,5,3,0,0,0,Cloudy,3100,None,P-00457,PS-002,Under Investigation
FIR-003512,Theft,1,North District,26.921772,75.819566,2026-04-04T09:55:58.257791,9,5,0,1,0,Clear,8200,None,P-00226,PS-006,Under Investigation
FIR-003513,Vehicle Theft,2,East Ward,26.905773,75.822546,2025-09-15T02:28:58.257791,2,0,1,0,1,Fog,10800,None,P-00158,PS-007,Closed
FIR-003514,Fraud,3,Industrial Belt,26.849191,75.764174,2026-03-22T23:29:58.257791,23,6,1,1,0,Clear,3100,None,,PS-002,Under Investigation
FIR-003515,Burglary,2,East Ward,26.908651,75.818557,2026-04-23T22:45:58.257791,22,3,1,0,0,Cloudy,10800,None,,PS-001,Closed
FIR-003516,Burglary,2,North District,26.913666,75.823912,2026-01-02T17:50:58.257791,17,4,0,0,0,Clear,8200,None,P-00001,PS-005,Under Investigation
FIR-003517,Theft,3,Old City,26.914506,75.798064,2026-07-07T13:30:58.257791,13,1,0,0,0,Clear,16200,None,P-00375,PS-007,Under Investigation
FIR-003518,Assault,5,Industrial Belt,26.862715,75.765775,2026-03-16T23:01:58.257791,23,0,1,0,0,Clear,3100,Knife,P-00155,PS-007,Chargesheet Filed
FIR-003519,Burglary,2,West Sector,26.886943,75.781183,2025-08-20T02:20:58.257791,2,2,1,0,0,Clear,9100,None,,PS-006,Under Investigation
FIR-003520,Burglary,3,Central Zone,26.908243,75.790317,2026-01-19T00:27:58.257791,0,0,1,0,0,Cloudy,14500,None,,PS-006,Chargesheet Filed
FIR-003521,Burglary,2,East Ward,26.91016,75.832642,2025-12-24T22:17:58.257791,22,2,1,0,0,Clear,10800,None,,PS-008,Under Investigation
FIR-003522,Fraud,1,Central Zone,26.890747,75.808459,2025-08-01T16:11:58.257791,16,4,0,0,0,Clear,14500,None,P-00569,PS-002,Closed
FIR-003523,Burglary,2,Riverside,26.891363,75.821473,2026-07-21T00:18:58.257791,0,1,1,0,0,Clear,5200,None,P-00265,PS-005,Chargesheet Filed
FIR-003524,Fraud,3,Central Zone,26.903813,75.792014,2025-08-15T19:17:58.257791,19,4,0,0,1,Clear,14500,None,P-00152,PS-006,Chargesheet Filed
FIR-003525,Burglary,4,East Ward,26.900215,75.839024,2026-06-07T00:25:58.257791,0,6,1,1,0,Cloudy,10800,None,,PS-003,Under Investigation
FIR-003526,Burglary,3,North District,26.922944,75.819002,2026-03-31T02:46:58.257791,2,1,1,0,0,Cloudy,8200,None,P-00234,PS-002,Under Investigation
FIR-003527,Burglary,3,Riverside,26.872844,75.802515,2026-04-15T15:47:58.257791,15,2,0,0,1,Cloudy,5200,None,P-00306,PS-006,Chargesheet Filed
FIR-003528,Theft,1,North District,26.913889,75.823456,2025-09-06T16:51:58.257791,16,5,0,1,0,Clear,8200,None,,PS-008,Under Investigation
FIR-003529,Burglary,4,Central Zone,26.893148,75.807026,2026-07-10T02:02:58.257791,2,4,1,0,0,Clear,14500,None,P-00564,PS-006,Chargesheet Filed
FIR-003530,Burglary,3,South Division,26.879254,75.801294,2026-05-11T10:24:58.257791,10,0,0,0,0,Rain,6400,None,,PS-003,Under Investigation
FIR-003531,Theft,2,West Sector,26.899542,75.785367,2025-12-19T23:53:58.257791,23,4,1,0,0,Cloudy,9100,None,P-00062,PS-006,Under Investigation
FIR-003532,Theft,2,Central Zone,26.910869,75.80537,2025-12-20T06:17:58.257791,6,5,0,1,0,Fog,14500,None,,PS-003,Cold
FIR-003533,Vehicle Theft,1,Central Zone,26.888412,75.789114,2025-09-17T05:21:58.257791,5,2,0,0,0,Rain,14500,None,,PS-001,Chargesheet Filed
FIR-003534,Theft,3,Riverside,26.876118,75.806721,2025-10-17T23:47:58.257791,23,4,1,0,0,Clear,5200,None,P-00588,PS-007,Closed
FIR-003535,Burglary,3,Central Zone,26.911428,75.810451,2025-10-31T22:26:58.257791,22,4,1,0,0,Clear,14500,None,P-00170,PS-003,Under Investigation
FIR-003536,Burglary,3,Industrial Belt,26.850554,75.773504,2025-09-29T21:09:58.257791,21,0,1,0,0,Clear,3100,None,P-00103,PS-007,Closed
FIR-003537,Narcotics,2,Riverside,26.884296,75.813333,2026-04-05T11:23:58.257791,11,6,0,1,0,Rain,5200,None,,PS-002,Under Investigation
FIR-003538,Fraud,2,South Division,26.862564,75.786528,2025-12-25T23:03:58.257791,23,3,1,0,0,Fog,6400,None,P-00453,PS-001,Under Investigation
FIR-003539,Narcotics,3,Old City,26.913666,75.806622,2026-05-11T16:03:58.257791,16,0,0,0,0,Clear,16200,None,P-00151,PS-002,Under Investigation
FIR-003540,Robbery,3,West Sector,26.89812,75.763158,2025-10-05T08:26:58.257791,8,6,0,1,0,Rain,9100,Firearm,P-00159,PS-007,Under Investigation
FIR-003541,Fraud,3,Industrial Belt,26.858406,75.772569,2026-05-21T00:51:58.257791,0,3,1,0,0,Cloudy,3100,None,P-00528,PS-006,Under Investigation
FIR-003542,Vehicle Theft,3,Old City,26.916589,75.809029,2026-03-07T09:27:58.257791,9,5,0,1,0,Heatwave,16200,None,,PS-002,Chargesheet Filed
FIR-003543,Robbery,4,East Ward,26.895825,75.823628,2025-12-22T11:43:58.257791,11,0,0,0,0,Fog,10800,Improvised,,PS-001,Under Investigation
FIR-003544,Cybercrime,3,Central Zone,26.906253,75.809745,2026-01-28T03:58:58.257791,3,2,1,0,0,Cloudy,14500,None,,PS-008,Under Investigation
FIR-003545,Narcotics,4,Central Zone,26.902509,75.797802,2025-10-19T08:53:58.257791,8,6,0,1,0,Clear,14500,None,P-00312,PS-006,Chargesheet Filed
FIR-003546,Burglary,2,Riverside,26.869425,75.81411,2025-12-10T23:55:58.257791,23,2,1,0,0,Clear,5200,None,P-00555,PS-002,Under Investigation
FIR-003547,Burglary,3,East Ward,26.909426,75.824964,2026-03-20T00:41:58.257791,0,4,1,0,0,Cloudy,10800,None,P-00014,PS-006,Under Investigation
FIR-003548,Theft,3,South Division,26.876541,75.789063,2026-06-30T19:50:58.257791,19,1,0,0,0,Clear,6400,None,,PS-001,Closed
FIR-003549,Assault,3,East Ward,26.916728,75.838824,2026-05-19T04:26:58.257791,4,1,1,0,0,Clear,10800,Knife,P-00192,PS-004,Under Investigation
FIR-003550,Burglary,4,East Ward,26.903398,75.828182,2026-01-12T23:38:58.257791,23,0,1,0,0,Clear,10800,None,,PS-001,Chargesheet Filed
FIR-003551,Theft,3,Riverside,26.888947,75.815293,2025-09-20T10:53:58.257791,10,5,0,1,0,Cloudy,5200,None,,PS-002,Under Investigation
FIR-003552,Burglary,2,Old City,26.916401,75.793342,2025-12-28T16:57:58.257791,16,6,0,1,0,Clear,16200,None,P-00176,PS-005,Closed
FIR-003553,Burglary,3,Central Zone,26.894112,75.809336,2025-10-17T13:35:58.257791,13,4,0,0,0,Clear,14500,None,P-00301,PS-005,Closed
FIR-003554,Fraud,1,West Sector,26.889849,75.768085,2025-12-10T16:05:58.257791,16,2,0,0,0,Cloudy,9100,None,,PS-007,Under Investigation
FIR-003555,Fraud,3,Central Zone,26.903098,75.791318,2025-12-02T18:25:58.257791,18,1,0,0,0,Heatwave,14500,None,,PS-007,Closed
FIR-003556,Cybercrime,2,West Sector,26.895075,75.767246,2026-06-11T23:19:58.257791,23,3,1,0,0,Rain,9100,None,,PS-002,Under Investigation
FIR-003557,Extortion,5,West Sector,26.883939,75.782301,2026-02-08T05:58:58.257791,5,6,0,1,0,Fog,9100,Improvised,P-00009,PS-008,Closed
FIR-003558,Cybercrime,3,North District,26.915636,75.809858,2026-03-06T15:06:58.257791,15,4,0,0,0,Clear,8200,None,P-00471,PS-004,Under Investigation
FIR-003559,Theft,2,South Division,26.872365,75.778041,2025-10-04T15:45:58.257791,15,5,0,1,0,Clear,6400,None,P-00229,PS-004,Closed
FIR-003560,Assault,5,South Division,26.860074,75.781321,2026-01-19T11:20:58.257791,11,0,0,0,0,Clear,6400,Firearm,,PS-004,Under Investigation
FIR-003561,Vehicle Theft,2,North District,26.914519,75.826324,2025-11-05T23:12:58.257791,23,2,1,0,0,Heatwave,8200,None,,PS-002,Under Investigation
FIR-003562,Assault,3,Industrial Belt,26.862645,75.781686,2025-08-30T21:13:58.257791,21,5,1,1,0,Clear,3100,Firearm,,PS-003,Under Investigation
FIR-003563,Burglary,4,East Ward,26.914132,75.832757,2025-11-04T20:14:58.257791,20,1,1,0,0,Clear,10800,None,,PS-005,Closed
FIR-003564,Burglary,4,North District,26.9171,75.819907,2025-09-03T05:43:58.257791,5,2,0,0,0,Clear,8200,None,P-00229,PS-007,Chargesheet Filed
FIR-003565,Burglary,2,Old City,26.915361,75.808334,2026-01-10T20:38:58.257791,20,5,1,1,0,Fog,16200,None,P-00240,PS-004,Chargesheet Filed
FIR-003566,Fraud,3,South Division,26.871635,75.795089,2026-01-07T17:02:58.257791,17,2,0,0,0,Rain,6400,None,,PS-007,Under Investigation
FIR-003567,Burglary,2,South Division,26.860863,75.792578,2026-01-04T11:06:58.257791,11,6,0,1,0,Heatwave,6400,None,P-00483,PS-007,Under Investigation
FIR-003568,Vehicle Theft,3,Industrial Belt,26.863376,75.765763,2025-12-20T20:00:58.257791,20,5,1,1,0,Clear,3100,None,P-00229,PS-005,Cold
FIR-003569,Theft,1,South Division,26.861402,75.793225,2025-07-31T08:47:58.257791,8,3,0,0,0,Clear,6400,None,,PS-005,Closed
FIR-003570,Cybercrime,3,Central Zone,26.897525,75.807707,2025-08-04T15:13:58.257791,15,0,0,0,0,Clear,14500,None,P-00226,PS-003,Closed
FIR-003571,Cybercrime,2,Central Zone,26.904421,75.810587,2025-09-01T23:49:58.257791,23,0,1,0,0,Fog,14500,None,P-00369,PS-007,Closed
FIR-003572,Burglary,3,Industrial Belt,26.86311,75.780248,2026-03-30T13:18:58.257791,13,0,0,0,0,Cloudy,3100,None,P-00389,PS-007,Chargesheet Filed
FIR-003573,Theft,3,North District,26.926597,75.82568,2025-09-10T16:05:58.257791,16,2,0,0,0,Clear,8200,None,,PS-003,Chargesheet Filed
FIR-003574,Fraud,2,Riverside,26.870895,75.8116,2025-07-26T23:32:58.257791,23,5,1,1,0,Fog,5200,None,P-00447,PS-005,Closed
FIR-003575,Burglary,2,Riverside,26.891392,75.815736,2026-01-22T21:10:58.257791,21,3,1,0,0,Rain,5200,None,,PS-005,Closed
FIR-003576,Assault,3,West Sector,26.903176,75.786297,2026-07-14T22:16:58.257791,22,1,1,0,0,Clear,9100,Blunt Object,P-00234,PS-002,Under Investigation
FIR-003577,Theft,2,North District,26.92276,75.822896,2025-08-01T12:49:58.257791,12,4,0,0,0,Clear,8200,None,P-00538,PS-006,Cold
FIR-003578,Burglary,2,South Division,26.868165,75.778358,2026-05-28T19:49:58.257791,19,3,0,0,0,Cloudy,6400,None,P-00504,PS-004,Under Investigation
FIR-003579,Cybercrime,3,Old City,26.904709,75.797416,2026-03-31T17:44:58.257791,17,1,0,0,0,Rain,16200,None,P-00158,PS-001,Chargesheet Filed
FIR-003580,Assault,4,East Ward,26.909854,75.8377,2025-11-23T10:31:58.257791,10,6,0,1,0,Rain,10800,Knife,,PS-003,Cold
FIR-003581,Burglary,3,North District,26.925663,75.811602,2025-10-12T22:03:58.257791,22,6,1,1,0,Clear,8200,None,P-00403,PS-006,Under Investigation
FIR-003582,Vehicle Theft,3,Old City,26.91427,75.812088,2025-11-27T14:39:58.257791,14,3,0,0,0,Heatwave,16200,None,P-00477,PS-008,Closed
FIR-003583,Narcotics,2,South Division,26.867396,75.793236,2026-03-23T06:19:58.257791,6,0,0,0,0,Fog,6400,None,,PS-003,Under Investigation
FIR-003584,Robbery,5,Old City,26.912043,75.804028,2026-02-20T03:57:58.257791,3,4,1,0,0,Clear,16200,Knife,P-00295,PS-001,Under Investigation
FIR-003585,Burglary,4,North District,26.922746,75.810961,2026-07-08T15:45:58.257791,15,2,0,0,0,Cloudy,8200,None,P-00321,PS-003,Under Investigation
FIR-003586,Fraud,3,Riverside,26.87452,75.82013,2026-04-15T19:55:58.257791,19,2,0,0,1,Clear,5200,None,P-00101,PS-005,Chargesheet Filed
FIR-003587,Vehicle Theft,3,East Ward,26.903512,75.827845,2026-05-03T21:39:58.257791,21,6,1,1,0,Heatwave,10800,None,,PS-001,Closed
FIR-003588,Theft,2,Industrial Belt,26.854789,75.778326,2026-03-16T02:27:58.257791,2,0,1,0,0,Heatwave,3100,None,P-00087,PS-003,Closed
FIR-003589,Kidnapping,5,Riverside,26.886292,75.800675,2025-07-29T22:36:58.257791,22,1,1,0,0,Cloudy,5200,None,,PS-007,Closed
FIR-003590,Robbery,5,Industrial Belt,26.866401,75.781562,2026-02-20T23:08:58.257791,23,4,1,0,0,Rain,3100,Blunt Object,P-00474,PS-004,Under Investigation
FIR-003591,Fraud,2,South Division,26.875086,75.785062,2025-11-04T08:51:58.257791,8,1,0,0,0,Heatwave,6400,None,P-00353,PS-007,Cold
FIR-003592,Assault,4,Central Zone,26.910347,75.807106,2026-01-14T13:08:58.257791,13,2,0,0,0,Clear,14500,None,P-00256,PS-007,Under Investigation
FIR-003593,Fraud,3,South Division,26.868409,75.79774,2025-09-01T21:17:58.257791,21,0,1,0,0,Clear,6400,None,P-00364,PS-002,Chargesheet Filed
FIR-003594,Narcotics,2,Central Zone,26.907969,75.803573,2026-06-08T19:41:58.257791,19,0,0,0,0,Fog,14500,None,,PS-006,Closed
FIR-003595,Theft,1,Riverside,26.87025,75.807216,2026-05-05T05:24:58.257791,5,1,0,0,0,Clear,5200,None,P-00558,PS-006,Under Investigation
FIR-003596,Vehicle Theft,1,West Sector,26.90183,75.786084,2026-05-26T06:23:58.257791,6,1,0,0,0,Clear,9100,None,P-00108,PS-004,Under Investigation
FIR-003597,Vehicle Theft,1,Central Zone,26.898872,75.797529,2025-09-06T06:22:58.257791,6,5,0,1,0,Rain,14500,None,,PS-008,Closed
FIR-003598,Vehicle Theft,2,East Ward,26.916,75.831087,2026-05-07T02:46:58.257791,2,3,1,0,0,Cloudy,10800,None,,PS-004,Chargesheet Filed
FIR-003599,Fraud,2,East Ward,26.916396,75.818303,2025-12-31T09:33:58.257791,9,2,0,0,0,Fog,10800,None,,PS-005,Closed
FIR-003600,Robbery,3,Industrial Belt,26.853174,75.774903,2026-06-13T10:52:58.257791,10,5,0,1,0,Clear,3100,Improvised,,PS-003,Under Investigation
FIR-003601,Theft,2,Riverside,26.875419,75.81161,2025-09-12T17:10:58.257791,17,4,0,0,0,Rain,5200,None,P-00438,PS-005,Under Investigation
FIR-003602,Narcotics,2,West Sector,26.901258,75.785315,2026-02-23T01:10:58.257791,1,0,1,0,0,Cloudy,9100,None,,PS-007,Closed
FIR-003603,Theft,1,Old City,26.917843,75.795143,2025-11-19T01:08:58.257791,1,2,1,0,0,Clear,16200,None,P-00462,PS-001,Under Investigation
FIR-003604,Assault,2,South Division,26.867306,75.79536,2026-02-11T05:55:58.257791,5,2,0,0,0,Cloudy,6400,Firearm,,PS-007,Under Investigation
FIR-003605,Theft,3,Old City,26.915533,75.796035,2026-07-06T22:41:58.257791,22,0,1,0,0,Cloudy,16200,None,P-00396,PS-002,Closed
FIR-003606,Fraud,2,East Ward,26.914523,75.819338,2026-05-16T06:29:58.257791,6,5,0,1,0,Clear,10800,None,P-00109,PS-005,Closed
FIR-003607,Narcotics,4,South Division,26.881161,75.781665,2025-09-07T01:40:58.257791,1,6,1,1,0,Cloudy,6400,None,,PS-002,Under Investigation
FIR-003608,Cybercrime,2,Industrial Belt,26.865655,75.761782,2025-12-13T12:34:58.257791,12,5,0,1,0,Fog,3100,None,P-00459,PS-001,Under Investigation
FIR-003609,Assault,5,North District,26.91122,75.824741,2026-02-11T07:43:58.257791,7,2,0,0,0,Cloudy,8200,Improvised,,PS-004,Chargesheet Filed
FIR-003610,Fraud,2,South Division,26.869554,75.796696,2025-12-02T17:37:58.257791,17,1,0,0,0,Fog,6400,None,,PS-008,Under Investigation
FIR-003611,Assault,4,Riverside,26.87042,75.808281,2025-10-16T07:11:58.257791,7,3,0,0,0,Clear,5200,Blunt Object,P-00303,PS-002,Under Investigation
FIR-003612,Theft,2,Old City,26.903431,75.805535,2025-09-21T20:43:58.257791,20,6,1,1,0,Clear,16200,None,,PS-006,Closed
FIR-003613,Vehicle Theft,1,Old City,26.922296,75.814221,2025-11-02T05:27:58.257791,5,6,0,1,0,Clear,16200,None,P-00527,PS-006,Under Investigation
FIR-003614,Extortion,3,South Division,26.862501,75.798922,2025-09-05T04:52:58.257791,4,4,1,0,0,Rain,6400,Improvised,,PS-005,Closed
FIR-003615,Fraud,3,Riverside,26.883257,75.81577,2026-02-24T20:23:58.257791,20,1,1,0,0,Clear,5200,None,P-00009,PS-005,Under Investigation
FIR-003616,Narcotics,4,Industrial Belt,26.856968,75.761139,2025-10-17T12:29:58.257791,12,4,0,0,0,Fog,3100,None,,PS-001,Under Investigation
FIR-003617,Theft,1,Central Zone,26.894734,75.789139,2026-05-21T11:27:58.257791,11,3,0,0,0,Rain,14500,None,P-00588,PS-007,Under Investigation
FIR-003618,Theft,2,West Sector,26.884017,75.771139,2026-06-28T12:33:58.257791,12,6,0,1,0,Rain,9100,None,P-00001,PS-003,Chargesheet Filed
FIR-003619,Narcotics,2,South Division,26.872657,75.792654,2026-04-02T19:34:58.257791,19,3,0,0,0,Rain,6400,None,P-00350,PS-001,Under Investigation
FIR-003620,Vehicle Theft,1,Central Zone,26.900392,75.79263,2026-05-31T20:40:58.257791,20,6,1,1,0,Cloudy,14500,None,P-00195,PS-004,Under Investigation
FIR-003621,Burglary,3,West Sector,26.899122,75.7744,2026-02-23T20:17:58.257791,20,0,1,0,0,Rain,9100,None,P-00509,PS-008,Under Investigation
FIR-003622,Vehicle Theft,1,East Ward,26.909534,75.832947,2026-07-10T12:36:58.257791,12,4,0,0,0,Clear,10800,None,P-00202,PS-008,Cold
FIR-003623,Fraud,2,East Ward,26.900869,75.821933,2025-09-10T15:31:58.257791,15,2,0,0,0,Clear,10800,None,P-00596,PS-008,Under Investigation
FIR-003624,Theft,2,North District,26.911913,75.815087,2026-04-26T09:12:58.257791,9,6,0,1,0,Fog,8200,None,,PS-002,Closed
FIR-003625,Assault,4,Industrial Belt,26.868735,75.760434,2026-04-27T11:33:58.257791,11,0,0,0,0,Rain,3100,None,,PS-004,Closed
FIR-003626,Theft,1,North District,26.913778,75.828071,2025-12-16T15:56:58.257791,15,1,0,0,0,Clear,8200,None,,PS-005,Under Investigation
FIR-003627,Theft,2,Industrial Belt,26.8484,75.76737,2025-10-24T11:33:58.257791,11,4,0,0,0,Rain,3100,None,P-00400,PS-007,Closed
FIR-003628,Burglary,4,Central Zone,26.891901,75.809976,2026-01-26T08:50:58.257791,8,0,0,0,0,Rain,14500,None,P-00382,PS-001,Under Investigation
FIR-003629,Burglary,2,West Sector,26.906141,75.767287,2025-12-25T03:16:58.257791,3,3,1,0,0,Cloudy,9100,None,P-00551,PS-001,Chargesheet Filed
FIR-003630,Theft,2,East Ward,26.912252,75.833967,2025-12-25T13:15:58.257791,13,3,0,0,0,Cloudy,10800,None,P-00352,PS-001,Closed
FIR-003631,Fraud,3,North District,26.928284,75.827773,2026-05-15T13:32:58.257791,13,4,0,0,1,Fog,8200,None,,PS-007,Under Investigation
FIR-003632,Theft,1,North District,26.913169,75.828159,2025-08-05T13:27:58.257791,13,1,0,0,0,Clear,8200,None,P-00120,PS-006,Closed
FIR-003633,Theft,3,West Sector,26.88362,75.773887,2025-08-30T19:37:58.257791,19,5,0,1,0,Cloudy,9100,None,,PS-006,Under Investigation
FIR-003634,Burglary,3,North District,26.924318,75.80899,2025-08-24T02:10:58.257791,2,6,1,1,0,Clear,8200,None,,PS-008,Chargesheet Filed
FIR-003635,Narcotics,2,South Division,26.86193,75.788824,2026-03-05T22:42:58.257791,22,3,1,0,0,Fog,6400,None,P-00130,PS-004,Closed
FIR-003636,Theft,2,North District,26.925013,75.824858,2025-11-03T07:52:58.257791,7,0,0,0,0,Clear,8200,None,P-00478,PS-008,Under Investigation
FIR-003637,Assault,3,Old City,26.922941,75.796379,2025-11-13T22:48:58.257791,22,3,1,0,0,Rain,16200,Blunt Object,,PS-006,Under Investigation
FIR-003638,Assault,3,South Division,26.864655,75.801223,2025-12-12T06:15:58.257791,6,4,0,0,0,Fog,6400,Knife,P-00214,PS-007,Closed
FIR-003639,Assault,4,East Ward,26.90443,75.833206,2026-04-13T11:37:58.257791,11,0,0,0,0,Clear,10800,Firearm,P-00570,PS-006,Closed
FIR-003640,Theft,3,South Division,26.871963,75.784649,2026-02-02T06:43:58.257791,6,0,0,0,0,Clear,6400,None,P-00176,PS-005,Under Investigation
FIR-003641,Burglary,3,Old City,26.911301,75.797406,2026-06-26T13:33:58.257791,13,4,0,0,0,Cloudy,16200,None,P-00155,PS-006,Under Investigation
FIR-003642,Kidnapping,4,East Ward,26.89957,75.831435,2026-03-30T10:16:58.257791,10,0,0,0,0,Clear,10800,Blunt Object,P-00369,PS-005,Under Investigation
FIR-003643,Theft,1,West Sector,26.887638,75.775573,2025-11-04T12:19:58.257791,12,1,0,0,0,Cloudy,9100,None,P-00564,PS-003,Closed
FIR-003644,Vehicle Theft,3,Riverside,26.884077,75.808514,2026-02-25T19:46:58.257791,19,2,0,0,0,Clear,5200,None,,PS-005,Chargesheet Filed
FIR-003645,Fraud,2,Central Zone,26.899296,75.81123,2025-07-31T04:34:58.257791,4,3,1,0,0,Rain,14500,None,P-00109,PS-002,Under Investigation
FIR-003646,Assault,4,Central Zone,26.906526,75.796307,2026-02-20T03:56:58.257791,3,4,1,0,0,Cloudy,14500,Firearm,P-00062,PS-002,Closed
FIR-003647,Vehicle Theft,2,Central Zone,26.902965,75.80076,2026-04-18T22:31:58.257791,22,5,1,1,0,Cloudy,14500,None,,PS-007,Closed
FIR-003648,Assault,2,South Division,26.8768,75.78046,2025-09-20T14:07:58.257791,14,5,0,1,0,Clear,6400,Firearm,P-00558,PS-004,Closed
FIR-003649,Narcotics,2,South Division,26.867304,75.779868,2025-09-19T16:12:58.257791,16,4,0,0,0,Clear,6400,None,P-00281,PS-006,Under Investigation
FIR-003650,Assault,3,Old City,26.92507,75.795754,2026-05-30T05:36:58.257791,5,5,0,1,0,Cloudy,16200,None,P-00108,PS-003,Under Investigation
FIR-003651,Assault,2,Riverside,26.871435,75.815921,2025-09-27T20:04:58.257791,20,5,1,1,0,Cloudy,5200,None,,PS-001,Chargesheet Filed
FIR-003652,Narcotics,3,Industrial Belt,26.85872,75.769661,2025-12-04T08:34:58.257791,8,3,0,0,0,Clear,3100,None,P-00469,PS-004,Under Investigation
FIR-003653,Fraud,1,Central Zone,26.901195,75.807759,2026-06-01T20:03:58.257791,20,0,1,0,0,Clear,14500,None,P-00282,PS-005,Closed
FIR-003654,Assault,5,Central Zone,26.892952,75.801863,2026-05-23T10:32:58.257791,10,5,0,1,0,Clear,14500,Firearm,,PS-005,Chargesheet Filed
FIR-003655,Assault,3,South Division,26.864226,75.785173,2026-03-25T21:48:58.257791,21,2,1,0,0,Cloudy,6400,Improvised,,PS-005,Under Investigation
FIR-003656,Assault,2,East Ward,26.906768,75.829217,2026-06-06T16:52:58.257791,16,5,0,1,0,Cloudy,10800,Blunt Object,P-00055,PS-003,Cold
FIR-003657,Robbery,5,South Division,26.872166,75.789993,2026-02-19T17:12:58.257791,17,3,0,0,0,Cloudy,6400,Firearm,,PS-005,Under Investigation
FIR-003658,Fraud,1,Industrial Belt,26.864496,75.759029,2025-11-27T20:00:58.257791,20,3,1,0,0,Rain,3100,None,,PS-008,Under Investigation
FIR-003659,Fraud,1,Central Zone,26.891321,75.79236,2026-05-12T19:28:58.257791,19,1,0,0,0,Cloudy,14500,None,,PS-006,Closed
FIR-003660,Burglary,4,Industrial Belt,26.854693,75.765793,2026-06-22T15:23:58.257791,15,0,0,0,0,Clear,3100,None,,PS-007,Closed
FIR-003661,Fraud,2,Central Zone,26.899956,75.796923,2025-11-21T08:51:58.257791,8,4,0,0,0,Clear,14500,None,,PS-001,Under Investigation
FIR-003662,Fraud,2,Central Zone,26.900227,75.794886,2026-03-03T18:21:58.257791,18,1,0,0,0,Clear,14500,None,P-00351,PS-005,Chargesheet Filed
FIR-003663,Theft,1,West Sector,26.886368,75.786625,2025-12-13T14:05:58.257791,14,5,0,1,0,Clear,9100,None,P-00477,PS-006,Chargesheet Filed
FIR-003664,Assault,4,Central Zone,26.900913,75.789852,2026-03-06T09:06:58.257791,9,4,0,0,0,Clear,14500,Firearm,P-00549,PS-006,Closed
FIR-003665,Theft,1,East Ward,26.909328,75.839102,2026-05-01T21:59:58.257791,21,4,1,0,0,Clear,10800,None,P-00272,PS-004,Chargesheet Filed
FIR-003666,Burglary,2,Central Zone,26.910155,75.806441,2025-11-08T18:21:58.257791,18,5,0,1,0,Cloudy,14500,None,P-00477,PS-007,Closed
FIR-003667,Cybercrime,3,North District,26.927612,75.812475,2026-04-08T13:36:58.257791,13,2,0,0,0,Cloudy,8200,None,,PS-005,Chargesheet Filed
FIR-003668,Assault,5,Riverside,26.869666,75.803533,2025-12-27T17:43:58.257791,17,5,0,1,0,Fog,5200,Blunt Object,P-00581,PS-008,Under Investigation
FIR-003669,Burglary,4,Old City,26.920405,75.803302,2025-10-01T03:01:58.257791,3,2,1,0,0,Clear,16200,None,P-00208,PS-007,Closed
FIR-003670,Narcotics,2,West Sector,26.887617,75.771309,2025-11-13T15:57:58.257791,15,3,0,0,0,Rain,9100,None,,PS-008,Under Investigation
FIR-003671,Theft,1,Central Zone,26.899781,75.789703,2025-10-30T16:42:58.257791,16,3,0,0,0,Cloudy,14500,None,P-00229,PS-003,Under Investigation
FIR-003672,Theft,3,North District,26.930905,75.821136,2025-11-24T11:40:58.257791,11,0,0,0,0,Clear,8200,None,P-00317,PS-007,Cold
FIR-003673,Theft,3,Riverside,26.883,75.80551,2026-06-18T03:27:58.257791,3,3,1,0,0,Heatwave,5200,None,,PS-001,Chargesheet Filed
FIR-003674,Vehicle Theft,2,Old City,26.908295,75.80889,2025-09-24T12:43:58.257791,12,2,0,0,0,Clear,16200,None,,PS-006,Under Investigation
FIR-003675,Theft,1,Central Zone,26.909184,75.811708,2026-01-12T18:02:58.257791,18,0,0,0,0,Clear,14500,None,P-00489,PS-001,Cold
FIR-003676,Burglary,2,North District,26.925995,75.80902,2025-10-05T22:59:58.257791,22,6,1,1,0,Heatwave,8200,None,,PS-006,Under Investigation
FIR-003677,Burglary,2,Old City,26.923383,75.795797,2026-04-23T12:24:58.257791,12,3,0,0,0,Clear,16200,None,,PS-002,Under Investigation
FIR-003678,Burglary,4,Riverside,26.882732,75.800391,2025-10-27T02:42:58.257791,2,0,1,0,0,Cloudy,5200,None,P-00369,PS-004,Closed
FIR-003679,Assault,4,Old City,26.914089,75.803311,2026-02-26T03:54:58.257791,3,3,1,0,0,Rain,16200,Knife,P-00351,PS-002,Under Investigation
FIR-003680,Cybercrime,2,Central Zone,26.888375,75.807736,2026-01-20T19:00:58.257791,19,1,0,0,0,Cloudy,14500,None,,PS-003,Chargesheet Filed
FIR-003681,Theft,2,Old City,26.924957,75.808865,2025-08-27T16:35:58.257791,16,2,0,0,0,Cloudy,16200,None,,PS-005,Chargesheet Filed
FIR-003682,Robbery,4,East Ward,26.904203,75.836558,2026-01-03T07:48:58.257791,7,5,0,1,0,Clear,10800,Firearm,,PS-007,Closed
FIR-003683,Theft,1,Industrial Belt,26.870429,75.77805,2025-12-15T23:36:58.257791,23,0,1,0,1,Cloudy,3100,None,,PS-002,Under Investigation
FIR-003684,Burglary,4,Industrial Belt,26.850343,75.77619,2026-03-11T02:03:58.257791,2,2,1,0,0,Clear,3100,None,P-00582,PS-003,Under Investigation
FIR-003685,Fraud,1,Central Zone,26.899541,75.806729,2026-01-09T17:33:58.257791,17,4,0,0,0,Cloudy,14500,None,,PS-003,Chargesheet Filed
FIR-003686,Assault,2,Central Zone,26.899297,75.797717,2025-11-24T02:12:58.257791,2,0,1,0,0,Clear,14500,Blunt Object,P-00303,PS-002,Under Investigation
FIR-003687,Theft,1,East Ward,26.905712,75.827149,2025-08-13T18:47:58.257791,18,2,0,0,0,Clear,10800,None,,PS-005,Closed
FIR-003688,Cybercrime,3,Old City,26.918953,75.795046,2026-06-11T00:31:58.257791,0,3,1,0,0,Heatwave,16200,None,P-00292,PS-007,Cold
FIR-003689,Burglary,4,Riverside,26.869148,75.798453,2025-09-09T04:35:58.257791,4,1,1,0,0,Clear,5200,None,P-00379,PS-006,Closed
FIR-003690,Fraud,3,North District,26.92539,75.81126,2026-07-14T23:58:58.257791,23,1,1,0,0,Cloudy,8200,None,P-00055,PS-005,Under Investigation
FIR-003691,Theft,3,West Sector,26.885103,75.775157,2026-06-18T03:52:58.257791,3,3,1,0,0,Clear,9100,None,,PS-005,Chargesheet Filed
FIR-003692,Cybercrime,3,East Ward,26.899716,75.825756,2025-12-31T23:30:58.257791,23,2,1,0,0,Clear,10800,None,P-00352,PS-008,Under Investigation
FIR-003693,Assault,3,Riverside,26.877639,75.806304,2026-04-02T14:53:58.257791,14,3,0,0,0,Clear,5200,Improvised,,PS-008,Under Investigation
FIR-003694,Theft,2,South Division,26.861961,75.793553,2025-11-22T20:31:58.257791,20,5,1,1,0,Clear,6400,None,P-00303,PS-001,Under Investigation
FIR-003695,Assault,4,North District,26.917221,75.828733,2025-09-24T10:18:58.257791,10,2,0,0,0,Cloudy,8200,Improvised,P-00593,PS-003,Closed
FIR-003696,Assault,5,North District,26.915301,75.816665,2025-09-09T15:52:58.257791,15,1,0,0,0,Heatwave,8200,None,,PS-008,Under Investigation
FIR-003697,Theft,1,Industrial Belt,26.860038,75.772202,2026-07-15T06:03:58.257791,6,2,0,0,1,Clear,3100,None,,PS-002,Closed
FIR-003698,Robbery,3,West Sector,26.889008,75.770612,2026-06-29T09:11:58.257791,9,0,0,0,0,Cloudy,9100,Blunt Object,P-00439,PS-005,Closed
FIR-003699,Fraud,3,Central Zone,26.903945,75.79612,2025-08-10T07:42:58.257791,7,6,0,1,0,Rain,14500,None,P-00564,PS-004,Under Investigation
FIR-003700,Fraud,2,Central Zone,26.896838,75.803033,2026-01-22T10:54:58.257791,10,3,0,0,0,Cloudy,14500,None,,PS-005,Chargesheet Filed
FIR-003701,Burglary,4,East Ward,26.914956,75.82376,2025-08-16T10:24:58.257791,10,5,0,1,0,Clear,10800,None,P-00448,PS-003,Under Investigation
FIR-003702,Burglary,3,Industrial Belt,26.861991,75.774454,2026-03-15T08:23:58.257791,8,6,0,1,1,Rain,3100,None,,PS-003,Cold
FIR-003703,Theft,2,South Division,26.868846,75.780251,2026-05-07T20:15:58.257791,20,3,1,0,0,Cloudy,6400,None,P-00214,PS-001,Under Investigation
FIR-003704,Burglary,3,Industrial Belt,26.866165,75.764281,2026-04-04T01:18:58.257791,1,5,1,1,0,Clear,3100,None,P-00454,PS-002,Closed
FIR-003705,Fraud,1,East Ward,26.898464,75.819416,2025-07-28T18:41:58.257791,18,0,0,0,0,Clear,10800,None,,PS-003,Chargesheet Filed
FIR-003706,Theft,1,Central Zone,26.905439,75.809534,2026-05-03T11:52:58.257791,11,6,0,1,0,Clear,14500,None,,PS-003,Under Investigation
FIR-003707,Theft,2,Old City,26.925537,75.799398,2026-05-08T17:47:58.257791,17,4,0,0,0,Clear,16200,None,P-00334,PS-007,Cold
FIR-003708,Extortion,4,West Sector,26.893231,75.776762,2025-09-03T10:37:58.257791,10,2,0,0,0,Fog,9100,Improvised,P-00491,PS-004,Under Investigation
FIR-003709,Assault,2,West Sector,26.905331,75.778109,2026-01-11T13:39:58.257791,13,6,0,1,0,Clear,9100,Firearm,,PS-008,Chargesheet Filed
FIR-003710,Vehicle Theft,3,Old City,26.92192,75.798347,2026-05-30T23:35:58.257791,23,5,1,1,0,Cloudy,16200,None,P-00106,PS-007,Under Investigation
FIR-003711,Vehicle Theft,3,North District,26.929286,75.811255,2026-03-24T11:31:58.257791,11,1,0,0,0,Rain,8200,None,P-00483,PS-002,Under Investigation
FIR-003712,Assault,5,Riverside,26.884177,75.814202,2026-05-12T23:37:58.257791,23,1,1,0,0,Rain,5200,Blunt Object,P-00463,PS-007,Under Investigation
FIR-003713,Narcotics,3,Industrial Belt,26.858616,75.780884,2025-12-25T11:37:58.257791,11,3,0,0,0,Clear,3100,None,,PS-008,Closed
FIR-003714,Vehicle Theft,1,South Division,26.879659,75.785634,2026-07-16T15:41:58.257791,15,3,0,0,0,Rain,6400,None,,PS-007,Closed
FIR-003715,Burglary,2,Central Zone,26.894697,75.806536,2025-12-01T09:06:58.257791,9,0,0,0,0,Rain,14500,None,,PS-003,Under Investigation
FIR-003716,Burglary,4,East Ward,26.914713,75.826834,2026-02-19T04:19:58.257791,4,3,1,0,0,Clear,10800,None,,PS-001,Chargesheet Filed
FIR-003717,Cybercrime,1,Old City,26.904601,75.798229,2025-10-13T20:20:58.257791,20,0,1,0,0,Heatwave,16200,None,,PS-008,Closed
FIR-003718,Kidnapping,4,East Ward,26.907122,75.837604,2026-06-13T10:24:58.257791,10,5,0,1,0,Fog,10800,Blunt Object,P-00554,PS-007,Closed
FIR-003719,Fraud,1,Central Zone,26.898527,75.805566,2026-04-15T10:25:58.257791,10,2,0,0,1,Clear,14500,None,,PS-001,Under Investigation
FIR-003720,Assault,4,Central Zone,26.895046,75.78989,2026-07-01T13:56:58.257791,13,2,0,0,0,Clear,14500,Firearm,,PS-008,Under Investigation
FIR-003721,Theft,3,East Ward,26.903556,75.836511,2025-12-20T11:38:58.257791,11,5,0,1,0,Clear,10800,None,P-00399,PS-006,Chargesheet Filed
FIR-003722,Fraud,3,West Sector,26.9036,75.786278,2025-12-05T00:18:58.257791,0,4,1,0,0,Clear,9100,None,P-00302,PS-003,Closed
FIR-003723,Assault,5,Old City,26.906935,75.808953,2026-02-12T08:02:58.257791,8,3,0,0,0,Clear,16200,Knife,P-00517,PS-003,Chargesheet Filed
FIR-003724,Fraud,3,West Sector,26.884839,75.774162,2026-02-15T07:19:58.257791,7,6,0,1,1,Clear,9100,None,P-00005,PS-005,Chargesheet Filed
FIR-003725,Theft,1,Old City,26.924841,75.813794,2026-05-16T13:01:58.257791,13,5,0,1,0,Rain,16200,None,,PS-001,Under Investigation
FIR-003726,Theft,1,North District,26.912579,75.815499,2025-09-18T11:28:58.257791,11,3,0,0,0,Cloudy,8200,None,P-00463,PS-002,Closed
FIR-003727,Assault,4,Central Zone,26.896741,75.795864,2026-03-31T16:07:58.257791,16,1,0,0,0,Fog,14500,Knife,,PS-004,Chargesheet Filed
FIR-003728,Narcotics,3,Industrial Belt,26.865904,75.760091,2026-01-17T05:28:58.257791,5,5,0,1,0,Clear,3100,None,,PS-007,Under Investigation
FIR-003729,Vehicle Theft,3,Old City,26.912591,75.793458,2026-02-07T00:05:58.257791,0,5,1,1,0,Cloudy,16200,None,P-00220,PS-005,Under Investigation
FIR-003730,Fraud,2,Central Zone,26.896781,75.797543,2026-01-05T13:51:58.257791,13,0,0,0,0,Clear,14500,None,P-00581,PS-007,Closed
FIR-003731,Vehicle Theft,1,East Ward,26.899354,75.825415,2026-06-12T15:21:58.257791,15,4,0,0,0,Cloudy,10800,None,P-00207,PS-005,Closed
FIR-003732,Burglary,2,South Division,26.871698,75.794048,2026-05-20T20:34:58.257791,20,2,1,0,0,Rain,6400,None,P-00256,PS-002,Chargesheet Filed
FIR-003733,Fraud,3,Central Zone,26.905563,75.796736,2026-02-05T00:29:58.257791,0,3,1,0,0,Clear,14500,None,,PS-004,Under Investigation
FIR-003734,Vehicle Theft,1,South Division,26.868302,75.800886,2025-08-20T19:10:58.257791,19,2,0,0,0,Cloudy,6400,None,,PS-005,Cold
FIR-003735,Theft,3,Central Zone,26.901462,75.801821,2026-04-17T02:39:58.257791,2,4,1,0,0,Cloudy,14500,None,P-00014,PS-006,Under Investigation
FIR-003736,Vehicle Theft,1,East Ward,26.908812,75.837638,2026-02-08T00:06:58.257791,0,6,1,1,0,Cloudy,10800,None,,PS-003,Under Investigation
FIR-003737,Fraud,1,Industrial Belt,26.850667,75.774665,2025-10-03T11:18:58.257791,11,4,0,0,0,Clear,3100,None,,PS-003,Chargesheet Filed
FIR-003738,Narcotics,2,Industrial Belt,26.848062,75.758638,2025-09-19T22:23:58.257791,22,4,1,0,0,Rain,3100,None,P-00176,PS-002,Closed
FIR-003739,Theft,2,Industrial Belt,26.861692,75.769845,2026-06-27T13:01:58.257791,13,5,0,1,0,Clear,3100,None,P-00483,PS-007,Under Investigation
FIR-003740,Extortion,3,East Ward,26.898691,75.840702,2025-09-07T21:21:58.257791,21,6,1,1,0,Clear,10800,Improvised,,PS-002,Under Investigation
FIR-003741,Assault,3,Central Zone,26.905084,75.801042,2025-11-08T20:48:58.257791,20,5,1,1,0,Clear,14500,Firearm,P-00108,PS-006,Closed
FIR-003742,Fraud,3,East Ward,26.899088,75.824395,2025-12-13T16:50:58.257791,16,5,0,1,0,Heatwave,10800,None,P-00379,PS-002,Chargesheet Filed
FIR-003743,Theft,3,South Division,26.873613,75.784965,2025-10-19T11:33:58.257791,11,6,0,1,0,Cloudy,6400,None,P-00120,PS-002,Under Investigation
FIR-003744,Assault,4,West Sector,26.898453,75.779714,2026-05-29T08:51:58.257791,8,4,0,0,0,Clear,9100,Blunt Object,,PS-004,Under Investigation
FIR-003745,Narcotics,2,Old City,26.913872,75.813897,2025-11-14T21:59:58.257791,21,4,1,0,0,Clear,16200,None,,PS-007,Closed
FIR-003746,Kidnapping,5,North District,26.930594,75.820996,2026-01-17T01:57:58.257791,1,5,1,1,0,Clear,8200,None,P-00453,PS-005,Under Investigation
FIR-003747,Assault,2,Central Zone,26.888084,75.798998,2025-09-11T08:18:58.257791,8,3,0,0,0,Clear,14500,None,P-00538,PS-007,Closed
FIR-003748,Vehicle Theft,2,Central Zone,26.895174,75.794447,2026-01-22T00:02:58.257791,0,3,1,0,0,Cloudy,14500,None,P-00170,PS-005,Chargesheet Filed
FIR-003749,Fraud,3,North District,26.924737,75.81879,2026-05-23T05:11:58.257791,5,5,0,1,0,Fog,8200,None,P-00582,PS-005,Closed
FIR-003750,Theft,2,Old City,26.913164,75.801311,2025-09-26T17:11:58.257791,17,4,0,0,0,Cloudy,16200,None,,PS-002,Chargesheet Filed
FIR-003751,Narcotics,3,Industrial Belt,26.871733,75.764217,2025-10-29T18:10:58.257791,18,2,0,0,0,Clear,3100,None,,PS-008,Under Investigation
FIR-003752,Burglary,4,South Division,26.878916,75.794436,2026-05-21T22:18:58.257791,22,3,1,0,0,Clear,6400,None,,PS-001,Under Investigation
FIR-003753,Vehicle Theft,1,South Division,26.870209,75.778512,2025-10-03T16:54:58.257791,16,4,0,0,0,Fog,6400,None,P-00382,PS-001,Closed
FIR-003754,Theft,1,South Division,26.873027,75.778094,2025-10-27T22:53:58.257791,22,0,1,0,0,Cloudy,6400,None,,PS-005,Chargesheet Filed
FIR-003755,Theft,1,Central Zone,26.905514,75.799758,2026-01-19T15:07:58.257791,15,0,0,0,0,Cloudy,14500,None,,PS-003,Closed
FIR-003756,Theft,3,Industrial Belt,26.869928,75.762065,2025-07-31T23:11:58.257791,23,3,1,0,0,Clear,3100,None,,PS-003,Chargesheet Filed
FIR-003757,Robbery,4,Riverside,26.886932,75.814591,2026-05-15T12:44:58.257791,12,4,0,0,1,Cloudy,5200,Firearm,,PS-004,Under Investigation
FIR-003758,Theft,1,Old City,26.923536,75.804227,2025-11-21T23:44:58.257791,23,4,1,0,0,Clear,16200,None,,PS-001,Under Investigation
FIR-003759,Theft,2,Old City,26.91601,75.796562,2025-09-18T08:57:58.257791,8,3,0,0,0,Rain,16200,None,P-00384,PS-006,Chargesheet Filed
FIR-003760,Cybercrime,1,Central Zone,26.906737,75.791367,2026-07-06T19:25:58.257791,19,0,0,0,0,Clear,14500,None,,PS-007,Cold
FIR-003761,Assault,4,Industrial Belt,26.861868,75.78004,2025-08-07T12:28:58.257791,12,3,0,0,0,Cloudy,3100,None,P-00326,PS-006,Cold
FIR-003762,Vehicle Theft,2,Riverside,26.873954,75.80102,2025-11-24T06:09:58.257791,6,0,0,0,0,Rain,5200,None,P-00481,PS-001,Chargesheet Filed
FIR-003763,Fraud,1,Central Zone,26.894458,75.793502,2026-05-31T12:18:58.257791,12,6,0,1,0,Cloudy,14500,None,P-00422,PS-008,Closed
FIR-003764,Cybercrime,3,Old City,26.923649,75.812427,2026-06-13T08:55:58.257791,8,5,0,1,0,Clear,16200,None,,PS-006,Closed
FIR-003765,Narcotics,3,Industrial Belt,26.858544,75.778869,2026-05-27T04:42:58.257791,4,2,1,0,0,Cloudy,3100,None,P-00048,PS-008,Cold
FIR-003766,Cybercrime,1,East Ward,26.901796,75.823255,2025-09-07T17:32:58.257791,17,6,0,1,0,Rain,10800,None,,PS-006,Closed
FIR-003767,Cybercrime,3,North District,26.91008,75.815693,2026-03-23T23:03:58.257791,23,0,1,0,0,Clear,8200,None,,PS-007,Under Investigation
FIR-003768,Burglary,3,Riverside,26.869355,75.800638,2025-09-21T15:32:58.257791,15,6,0,1,0,Clear,5200,None,P-00110,PS-002,Under Investigation
FIR-003769,Fraud,3,Riverside,26.885027,75.800752,2026-04-20T10:30:58.257791,10,0,0,0,0,Rain,5200,None,P-00509,PS-007,Under Investigation
FIR-003770,Vehicle Theft,2,East Ward,26.900331,75.82088,2025-09-25T09:04:58.257791,9,3,0,0,0,Clear,10800,None,P-00159,PS-008,Cold
FIR-003771,Theft,1,North District,26.927819,75.808115,2025-07-27T15:56:58.257791,15,6,0,1,0,Cloudy,8200,None,P-00414,PS-003,Under Investigation
FIR-003772,Burglary,4,Riverside,26.887753,75.805542,2025-11-23T23:15:58.257791,23,6,1,1,0,Clear,5200,None,,PS-002,Closed
FIR-003773,Theft,2,South Division,26.872355,75.786313,2026-06-26T15:12:58.257791,15,4,0,0,0,Fog,6400,None,,PS-007,Closed
FIR-003774,Assault,4,Industrial Belt,26.860812,75.772268,2025-08-16T14:48:58.257791,14,5,0,1,0,Clear,3100,Improvised,P-00214,PS-005,Under Investigation
FIR-003775,Burglary,4,North District,26.920982,75.822469,2025-08-30T18:51:58.257791,18,5,0,1,0,Clear,8200,None,,PS-004,Cold
FIR-003776,Cybercrime,1,Industrial Belt,26.857345,75.767235,2025-10-31T20:16:58.257791,20,4,1,0,0,Cloudy,3100,None,P-00501,PS-004,Chargesheet Filed
FIR-003777,Robbery,5,South Division,26.880713,75.784674,2025-07-28T04:27:58.257791,4,0,1,0,0,Rain,6400,Blunt Object,P-00060,PS-008,Under Investigation
FIR-003778,Theft,2,East Ward,26.907527,75.837912,2026-03-10T13:15:58.257791,13,1,0,0,0,Clear,10800,None,P-00280,PS-006,Under Investigation
FIR-003779,Vehicle Theft,1,South Division,26.872255,75.780042,2026-05-19T02:13:58.257791,2,1,1,0,0,Cloudy,6400,None,P-00538,PS-007,Under Investigation
FIR-003780,Assault,2,Old City,26.922033,75.811455,2025-12-05T12:06:58.257791,12,4,0,0,0,Clear,16200,Improvised,P-00412,PS-002,Under Investigation
FIR-003781,Kidnapping,4,East Ward,26.89722,75.819942,2026-06-14T17:26:58.257791,17,6,0,1,0,Fog,10800,Knife,P-00461,PS-001,Closed
FIR-003782,Theft,3,Old City,26.907147,75.80105,2025-09-26T08:38:58.257791,8,4,0,0,0,Clear,16200,None,P-00100,PS-002,Closed
FIR-003783,Burglary,3,Old City,26.905364,75.801702,2026-06-10T13:58:58.257791,13,2,0,0,0,Clear,16200,None,P-00024,PS-008,Cold
FIR-003784,Assault,2,Riverside,26.869466,75.818876,2026-01-01T22:07:58.257791,22,3,1,0,0,Clear,5200,Firearm,,PS-008,Chargesheet Filed
FIR-003785,Narcotics,4,West Sector,26.890232,75.786633,2025-09-11T23:12:58.257791,23,3,1,0,0,Clear,9100,None,,PS-006,Under Investigation
FIR-003786,Theft,1,West Sector,26.906673,75.778822,2025-12-04T12:45:58.257791,12,3,0,0,0,Fog,9100,None,P-00494,PS-001,Under Investigation
FIR-003787,Burglary,4,Industrial Belt,26.870167,75.761472,2025-12-27T03:45:58.257791,3,5,1,1,0,Cloudy,3100,None,P-00256,PS-004,Closed
FIR-003788,Kidnapping,4,Riverside,26.87898,75.807689,2026-03-17T17:04:58.257791,17,1,0,0,0,Rain,5200,Blunt Object,,PS-006,Chargesheet Filed
FIR-003789,Narcotics,2,Riverside,26.888106,75.816392,2026-06-21T03:02:58.257791,3,6,1,1,0,Clear,5200,None,P-00439,PS-008,Under Investigation
FIR-003790,Theft,2,Industrial Belt,26.866171,75.777097,2026-01-20T10:55:58.257791,10,1,0,0,0,Clear,3100,None,P-00170,PS-007,Under Investigation
FIR-003791,Narcotics,4,North District,26.911337,75.81151,2026-06-11T07:38:58.257791,7,3,0,0,0,Cloudy,8200,None,P-00564,PS-007,Under Investigation
FIR-003792,Cybercrime,1,Central Zone,26.890037,75.811937,2026-06-02T14:05:58.257791,14,1,0,0,0,Clear,14500,None,,PS-003,Chargesheet Filed
FIR-003793,Theft,2,West Sector,26.885366,75.771051,2026-04-10T20:44:58.257791,20,4,1,0,0,Fog,9100,None,,PS-003,Chargesheet Filed
FIR-003794,Cybercrime,3,Industrial Belt,26.851072,75.762854,2025-07-28T20:33:58.257791,20,0,1,0,0,Heatwave,3100,None,,PS-003,Closed
FIR-003795,Fraud,1,Industrial Belt,26.85461,75.78194,2025-08-21T23:11:58.257791,23,3,1,0,0,Fog,3100,None,,PS-008,Chargesheet Filed
FIR-003796,Kidnapping,5,North District,26.913282,75.810717,2026-03-15T21:25:58.257791,21,6,1,1,1,Fog,8200,Firearm,P-00295,PS-004,Under Investigation
FIR-003797,Theft,3,West Sector,26.889207,75.785407,2026-05-07T08:12:58.257791,8,3,0,0,0,Clear,9100,None,,PS-004,Under Investigation
FIR-003798,Extortion,5,East Ward,26.902959,75.826732,2025-09-21T05:00:58.257791,5,6,0,1,0,Rain,10800,None,P-00554,PS-007,Under Investigation
FIR-003799,Theft,1,East Ward,26.903417,75.841572,2025-11-11T15:54:58.257791,15,1,0,0,0,Clear,10800,None,,PS-001,Closed
FIR-003800,Extortion,4,North District,26.916069,75.814309,2025-10-13T20:44:58.257791,20,0,1,0,0,Rain,8200,None,,PS-003,Cold
FIR-003801,Theft,3,Old City,26.907681,75.793365,2025-09-15T22:57:58.257791,22,0,1,0,1,Cloudy,16200,None,,PS-008,Closed
FIR-003802,Vehicle Theft,2,North District,26.929492,75.825685,2025-12-29T02:35:58.257791,2,0,1,0,0,Rain,8200,None,,PS-007,Under Investigation
FIR-003803,Fraud,1,Central Zone,26.893476,75.811404,2026-03-14T20:57:58.257791,20,5,1,1,0,Cloudy,14500,None,,PS-008,Closed
FIR-003804,Narcotics,4,North District,26.925307,75.812145,2026-03-11T04:15:58.257791,4,2,1,0,0,Clear,8200,None,,PS-001,Cold
FIR-003805,Robbery,4,Central Zone,26.911792,75.795467,2025-10-25T22:05:58.257791,22,5,1,1,0,Heatwave,14500,Knife,,PS-006,Cold
FIR-003806,Theft,1,Old City,26.904585,75.800602,2026-06-10T13:19:58.257791,13,2,0,0,0,Cloudy,16200,None,,PS-003,Under Investigation
FIR-003807,Theft,2,Riverside,26.878295,75.80416,2026-06-07T15:28:58.257791,15,6,0,1,0,Clear,5200,None,P-00517,PS-002,Chargesheet Filed
FIR-003808,Theft,1,North District,26.908741,75.824345,2026-07-17T00:55:58.257791,0,4,1,0,0,Clear,8200,None,P-00041,PS-001,Chargesheet Filed
FIR-003809,Assault,5,Central Zone,26.900836,75.797612,2025-08-19T03:28:58.257791,3,1,1,0,0,Clear,14500,Knife,P-00015,PS-006,Under Investigation
FIR-003810,Fraud,1,Old City,26.922824,75.81474,2025-10-26T22:20:58.257791,22,6,1,1,0,Rain,16200,None,,PS-001,Under Investigation
FIR-003811,Assault,2,Old City,26.914801,75.816936,2025-10-27T03:08:58.257791,3,0,1,0,0,Cloudy,16200,Blunt Object,,PS-006,Closed
FIR-003812,Cybercrime,1,Old City,26.916299,75.7954,2026-01-04T03:04:58.257791,3,6,1,1,0,Cloudy,16200,None,P-00557,PS-002,Under Investigation
FIR-003813,Assault,2,East Ward,26.915779,75.827749,2025-12-25T04:34:58.257791,4,3,1,0,0,Clear,10800,Firearm,,PS-008,Closed
FIR-003814,Vehicle Theft,2,Industrial Belt,26.864297,75.773224,2026-05-07T23:00:58.257791,23,3,1,0,0,Clear,3100,None,,PS-005,Closed
FIR-003815,Fraud,2,Old City,26.921679,75.811985,2025-12-28T11:10:58.257791,11,6,0,1,0,Cloudy,16200,None,,PS-005,Cold
FIR-003816,Assault,2,North District,26.914161,75.817106,2025-12-07T22:58:58.257791,22,6,1,1,0,Cloudy,8200,Knife,P-00062,PS-004,Chargesheet Filed
FIR-003817,Fraud,3,North District,26.917517,75.830604,2025-11-23T10:59:58.257791,10,6,0,1,0,Clear,8200,None,P-00538,PS-006,Under Investigation
FIR-003818,Robbery,3,West Sector,26.903063,75.773596,2026-06-17T22:48:58.257791,22,2,1,0,0,Clear,9100,None,,PS-007,Chargesheet Filed
FIR-003819,Cybercrime,2,South Division,26.871479,75.783789,2026-07-02T23:54:58.257791,23,3,1,0,0,Fog,6400,None,,PS-004,Under Investigation
FIR-003820,Cybercrime,1,East Ward,26.906516,75.837602,2025-10-16T19:36:58.257791,19,3,0,0,0,Cloudy,10800,None,P-00475,PS-004,Closed
FIR-003821,Extortion,3,Central Zone,26.9092,75.805361,2026-07-12T12:43:58.257791,12,6,0,1,0,Clear,14500,Improvised,P-00172,PS-005,Closed
FIR-003822,Robbery,4,Industrial Belt,26.850254,75.760079,2026-01-15T18:14:58.257791,18,3,0,0,1,Clear,3100,Improvised,P-00338,PS-006,Under Investigation
FIR-003823,Extortion,4,Industrial Belt,26.870223,75.774198,2026-02-19T22:55:58.257791,22,3,1,0,0,Cloudy,3100,Knife,,PS-005,Under Investigation
FIR-003824,Assault,4,South Division,26.859999,75.798301,2025-09-28T03:08:58.257791,3,6,1,1,0,Fog,6400,Blunt Object,P-00447,PS-006,Under Investigation
FIR-003825,Burglary,3,North District,26.915715,75.814814,2025-12-25T02:15:58.257791,2,3,1,0,0,Rain,8200,None,,PS-002,Under Investigation
FIR-003826,Fraud,3,Central Zone,26.895126,75.790403,2025-09-02T13:34:58.257791,13,1,0,0,0,Rain,14500,None,P-00055,PS-006,Chargesheet Filed
FIR-003827,Burglary,4,Central Zone,26.904834,75.803689,2026-05-06T12:24:58.257791,12,2,0,0,0,Cloudy,14500,None,P-00517,PS-001,Under Investigation
FIR-003828,Assault,5,Industrial Belt,26.849095,75.777169,2025-12-31T20:42:58.257791,20,2,1,0,0,Cloudy,3100,Blunt Object,,PS-004,Closed
FIR-003829,Assault,2,Central Zone,26.90399,75.80236,2025-10-19T06:36:58.257791,6,6,0,1,0,Clear,14500,Blunt Object,,PS-008,Under Investigation
FIR-003830,Burglary,4,Old City,26.911401,75.793437,2025-12-24T12:33:58.257791,12,2,0,0,0,Clear,16200,None,P-00082,PS-004,Under Investigation
FIR-003831,Burglary,2,Industrial Belt,26.85836,75.764203,2025-08-21T21:01:58.257791,21,3,1,0,0,Clear,3100,None,P-00160,PS-008,Under Investigation
FIR-003832,Theft,1,South Division,26.864429,75.782212,2026-01-11T07:10:58.257791,7,6,0,1,0,Clear,6400,None,P-00457,PS-005,Cold
FIR-003833,Narcotics,3,West Sector,26.890686,75.76845,2026-07-19T09:02:58.257791,9,6,0,1,0,Clear,9100,None,P-00582,PS-006,Chargesheet Filed
FIR-003834,Vehicle Theft,2,West Sector,26.88333,75.786208,2025-07-26T22:15:58.257791,22,5,1,1,0,Rain,9100,None,,PS-007,Under Investigation
FIR-003835,Fraud,3,Central Zone,26.891595,75.805492,2026-05-09T10:09:58.257791,10,5,0,1,0,Rain,14500,None,P-00419,PS-007,Chargesheet Filed
FIR-003836,Vehicle Theft,2,South Division,26.880574,75.799342,2026-04-22T17:57:58.257791,17,2,0,0,0,Clear,6400,None,,PS-006,Under Investigation
FIR-003837,Theft,2,West Sector,26.885477,75.76911,2025-11-03T19:11:58.257791,19,0,0,0,0,Clear,9100,None,,PS-002,Under Investigation
FIR-003838,Vehicle Theft,2,Old City,26.924893,75.809931,2025-11-23T14:19:58.257791,14,6,0,1,0,Clear,16200,None,,PS-001,Chargesheet Filed
FIR-003839,Robbery,3,East Ward,26.914277,75.828621,2026-06-18T04:54:58.257791,4,3,1,0,0,Clear,10800,Knife,,PS-008,Closed
FIR-003840,Burglary,2,East Ward,26.91552,75.836535,2025-09-06T19:50:58.257791,19,5,0,1,0,Clear,10800,None,P-00263,PS-005,Under Investigation
FIR-003841,Theft,1,Riverside,26.886425,75.809986,2026-05-07T08:24:58.257791,8,3,0,0,0,Clear,5200,None,P-00005,PS-008,Closed
FIR-003842,Burglary,4,East Ward,26.912922,75.821211,2026-01-20T20:11:58.257791,20,1,1,0,0,Cloudy,10800,None,P-00469,PS-004,Closed
FIR-003843,Assault,2,Old City,26.910396,75.804465,2025-08-13T13:55:58.257791,13,2,0,0,0,Clear,16200,Knife,P-00172,PS-001,Chargesheet Filed
FIR-003844,Robbery,4,Old City,26.905459,75.800547,2026-05-20T03:21:58.257791,3,2,1,0,0,Rain,16200,Improvised,,PS-003,Chargesheet Filed
FIR-003845,Kidnapping,5,Riverside,26.887714,75.808961,2025-12-27T22:20:58.257791,22,5,1,1,0,Fog,5200,Knife,P-00245,PS-008,Under Investigation
FIR-003846,Assault,5,West Sector,26.885432,75.770117,2026-02-04T08:26:58.257791,8,2,0,0,0,Clear,9100,None,P-00474,PS-002,Cold
FIR-003847,Narcotics,3,Old City,26.904701,75.804861,2026-01-31T12:42:58.257791,12,5,0,1,0,Clear,16200,None,P-00375,PS-005,Closed
FIR-003848,Fraud,1,Central Zone,26.895792,75.788242,2026-02-20T14:06:58.257791,14,4,0,0,0,Clear,14500,None,,PS-001,Under Investigation
FIR-003849,Narcotics,4,Industrial Belt,26.864007,75.759623,2026-05-08T10:03:58.257791,10,4,0,0,0,Cloudy,3100,None,P-00077,PS-002,Chargesheet Filed
FIR-003850,Vehicle Theft,3,North District,26.921442,75.831886,2025-09-06T14:20:58.257791,14,5,0,1,0,Rain,8200,None,,PS-007,Under Investigation
FIR-003851,Theft,3,East Ward,26.894626,75.824181,2025-12-13T22:03:58.257791,22,5,1,1,0,Rain,10800,None,,PS-003,Under Investigation
FIR-003852,Theft,1,Old City,26.914072,75.80845,2025-07-31T09:52:58.257791,9,3,0,0,0,Rain,16200,None,P-00195,PS-004,Under Investigation
FIR-003853,Fraud,1,Central Zone,26.910736,75.797268,2026-01-11T02:02:58.257791,2,6,1,1,0,Cloudy,14500,None,,PS-006,Chargesheet Filed
FIR-003854,Theft,1,Old City,26.914611,75.809776,2026-02-16T06:18:58.257791,6,0,0,0,0,Cloudy,16200,None,,PS-003,Under Investigation
FIR-003855,Vehicle Theft,2,Old City,26.926432,75.805211,2025-11-24T15:58:58.257791,15,0,0,0,0,Rain,16200,None,P-00494,PS-004,Under Investigation
FIR-003856,Cybercrime,1,Industrial Belt,26.861175,75.77167,2025-12-15T05:05:58.257791,5,0,0,0,1,Cloudy,3100,None,,PS-004,Cold
FIR-003857,Robbery,3,Old City,26.916371,75.799684,2026-01-07T06:35:58.257791,6,2,0,0,0,Fog,16200,Knife,,PS-008,Closed
FIR-003858,Extortion,4,South Division,26.872831,75.785106,2025-10-02T15:15:58.257791,15,3,0,0,0,Cloudy,6400,Firearm,,PS-008,Closed
FIR-003859,Extortion,5,Central Zone,26.902534,75.797619,2026-03-17T03:56:58.257791,3,1,1,0,0,Clear,14500,Blunt Object,,PS-001,Chargesheet Filed
FIR-003860,Theft,3,Old City,26.903391,75.809366,2025-10-01T01:34:58.257791,1,2,1,0,0,Cloudy,16200,None,P-00352,PS-001,Under Investigation
FIR-003861,Burglary,3,South Division,26.862861,75.792631,2026-05-04T22:31:58.257791,22,0,1,0,0,Clear,6400,None,P-00122,PS-002,Under Investigation
FIR-003862,Cybercrime,3,East Ward,26.912663,75.836566,2026-02-16T12:52:58.257791,12,0,0,0,0,Clear,10800,None,,PS-003,Under Investigation
FIR-003863,Theft,2,South Division,26.878392,75.790378,2025-11-19T03:07:58.257791,3,2,1,0,0,Clear,6400,None,,PS-002,Under Investigation
FIR-003864,Vehicle Theft,3,East Ward,26.896938,75.834458,2026-06-23T13:08:58.257791,13,1,0,0,0,Cloudy,10800,None,P-00130,PS-005,Under Investigation
FIR-003865,Assault,2,Riverside,26.8802,75.800251,2026-02-13T21:29:58.257791,21,4,1,0,0,Cloudy,5200,Knife,P-00148,PS-002,Under Investigation
FIR-003866,Extortion,3,Central Zone,26.906699,75.796274,2026-07-16T04:36:58.257791,4,3,1,0,0,Fog,14500,Firearm,P-00227,PS-008,Under Investigation
FIR-003867,Extortion,5,South Division,26.872836,75.789818,2025-08-22T02:24:58.257791,2,4,1,0,0,Fog,6400,Knife,P-00192,PS-003,Closed
FIR-003868,Burglary,3,East Ward,26.908546,75.830592,2026-03-14T23:53:58.257791,23,5,1,1,0,Clear,10800,None,,PS-008,Chargesheet Filed
FIR-003869,Cybercrime,1,Riverside,26.877604,75.798106,2025-10-09T16:54:58.257791,16,3,0,0,0,Rain,5200,None,,PS-004,Under Investigation
FIR-003870,Burglary,3,Industrial Belt,26.870903,75.766537,2026-04-02T01:18:58.257791,1,3,1,0,0,Rain,3100,None,P-00369,PS-002,Chargesheet Filed
FIR-003871,Burglary,2,Industrial Belt,26.860037,75.769972,2026-01-05T08:44:58.257791,8,0,0,0,0,Clear,3100,None,,PS-001,Under Investigation
FIR-003872,Burglary,4,East Ward,26.910554,75.834297,2026-05-26T03:41:58.257791,3,1,1,0,0,Cloudy,10800,None,P-00557,PS-002,Cold
FIR-003873,Cybercrime,2,Central Zone,26.902534,75.79762,2026-04-20T21:00:58.257791,21,0,1,0,0,Rain,14500,None,P-00041,PS-006,Under Investigation
FIR-003874,Cybercrime,3,Central Zone,26.893891,75.811365,2025-10-03T08:11:58.257791,8,4,0,0,0,Clear,14500,None,P-00073,PS-008,Chargesheet Filed
FIR-003875,Vehicle Theft,2,Old City,26.919645,75.803912,2025-08-06T19:58:58.257791,19,2,0,0,0,Clear,16200,None,,PS-008,Under Investigation
FIR-003876,Burglary,4,North District,26.922516,75.822532,2026-02-26T08:36:58.257791,8,3,0,0,0,Clear,8200,None,P-00043,PS-008,Cold
FIR-003877,Narcotics,4,Old City,26.915366,75.798641,2026-04-02T14:22:58.257791,14,3,0,0,0,Cloudy,16200,None,,PS-005,Cold
FIR-003878,Theft,1,East Ward,26.906441,75.823385,2025-10-04T01:34:58.257791,1,5,1,1,0,Cloudy,10800,None,P-00400,PS-008,Chargesheet Filed
FIR-003879,Theft,1,North District,26.922809,75.812659,2026-01-06T16:11:58.257791,16,1,0,0,0,Rain,8200,None,,PS-004,Closed
FIR-003880,Burglary,2,Riverside,26.878585,75.803281,2025-08-01T00:39:58.257791,0,4,1,0,0,Clear,5200,None,P-00517,PS-006,Chargesheet Filed
FIR-003881,Narcotics,4,North District,26.921091,75.826508,2025-12-12T11:48:58.257791,11,4,0,0,0,Cloudy,8200,None,P-00501,PS-006,Closed
FIR-003882,Robbery,3,Industrial Belt,26.868994,75.769543,2026-03-20T00:59:58.257791,0,4,1,0,0,Cloudy,3100,Knife,P-00439,PS-004,Chargesheet Filed
FIR-003883,Robbery,5,Old City,26.903936,75.797284,2026-05-17T11:16:58.257791,11,6,0,1,0,Clear,16200,Blunt Object,P-00310,PS-007,Cold
FIR-003884,Fraud,3,Industrial Belt,26.866109,75.771088,2025-11-17T10:55:58.257791,10,0,0,0,0,Fog,3100,None,P-00351,PS-007,Closed
FIR-003885,Vehicle Theft,1,Industrial Belt,26.861097,75.759965,2026-02-20T02:08:58.257791,2,4,1,0,0,Rain,3100,None,P-00194,PS-003,Under Investigation
FIR-003886,Theft,1,Industrial Belt,26.871805,75.775925,2026-01-08T04:47:58.257791,4,3,1,0,0,Cloudy,3100,None,P-00107,PS-006,Closed
FIR-003887,Fraud,1,Central Zone,26.899635,75.809752,2025-11-17T17:59:58.257791,17,0,0,0,0,Clear,14500,None,P-00100,PS-006,Chargesheet Filed
FIR-003888,Theft,2,Central Zone,26.893319,75.789627,2026-07-02T22:06:58.257791,22,3,1,0,0,Clear,14500,None,P-00170,PS-003,Under Investigation
FIR-003889,Assault,2,South Division,26.873684,75.790214,2026-01-30T12:19:58.257791,12,4,0,0,0,Clear,6400,Firearm,P-00020,PS-004,Chargesheet Filed
FIR-003890,Assault,2,West Sector,26.89773,75.782017,2026-02-13T17:12:58.257791,17,4,0,0,0,Cloudy,9100,Improvised,P-00491,PS-007,Chargesheet Filed
FIR-003891,Vehicle Theft,2,East Ward,26.911927,75.832742,2026-04-02T21:18:58.257791,21,3,1,0,0,Cloudy,10800,None,,PS-008,Closed
FIR-003892,Fraud,3,Central Zone,26.909839,75.790049,2025-08-05T04:06:58.257791,4,1,1,0,0,Rain,14500,None,P-00034,PS-008,Chargesheet Filed
FIR-003893,Kidnapping,5,South Division,26.862881,75.793345,2025-11-24T21:44:58.257791,21,0,1,0,0,Cloudy,6400,Blunt Object,P-00403,PS-001,Under Investigation
FIR-003894,Fraud,1,Central Zone,26.903,75.791602,2026-01-04T19:37:58.257791,19,6,0,1,0,Cloudy,14500,None,P-00193,PS-005,Chargesheet Filed
FIR-003895,Narcotics,3,Central Zone,26.910733,75.798649,2026-07-17T05:37:58.257791,5,4,0,0,0,Heatwave,14500,None,,PS-003,Under Investigation
FIR-003896,Fraud,2,Old City,26.910483,75.802793,2026-07-08T17:34:58.257791,17,2,0,0,0,Cloudy,16200,None,P-00282,PS-008,Closed
FIR-003897,Vehicle Theft,1,East Ward,26.898249,75.828298,2025-12-06T22:46:58.257791,22,5,1,1,0,Clear,10800,None,,PS-003,Under Investigation
FIR-003898,Vehicle Theft,1,West Sector,26.904887,75.776071,2026-05-09T22:11:58.257791,22,5,1,1,0,Heatwave,9100,None,P-00561,PS-008,Closed
FIR-003899,Theft,1,East Ward,26.914559,75.823214,2025-10-25T09:55:58.257791,9,5,0,1,0,Clear,10800,None,,PS-002,Under Investigation
FIR-003900,Burglary,3,South Division,26.876143,75.795667,2025-08-12T23:48:58.257791,23,1,1,0,0,Clear,6400,None,,PS-004,Under Investigation
FIR-003901,Vehicle Theft,3,North District,26.912406,75.829908,2026-04-12T03:09:58.257791,3,6,1,1,0,Clear,8200,None,P-00528,PS-002,Chargesheet Filed
FIR-003902,Burglary,2,West Sector,26.8965,75.76467,2026-07-17T21:54:58.257791,21,4,1,0,0,Clear,9100,None,P-00557,PS-002,Under Investigation
FIR-003903,Cybercrime,3,South Division,26.869196,75.782949,2026-06-08T06:33:58.257791,6,0,0,0,0,Clear,6400,None,P-00087,PS-008,Under Investigation
FIR-003904,Kidnapping,5,Old City,26.904929,75.804685,2025-08-21T13:30:58.257791,13,3,0,0,0,Clear,16200,Improvised,,PS-005,Closed
FIR-003905,Burglary,4,West Sector,26.897753,75.78698,2026-06-25T21:36:58.257791,21,3,1,0,0,Cloudy,9100,None,P-00219,PS-006,Under Investigation
FIR-003906,Narcotics,3,Central Zone,26.893994,75.800308,2026-04-13T17:08:58.257791,17,0,0,0,0,Heatwave,14500,None,P-00425,PS-005,Under Investigation
FIR-003907,Robbery,5,Industrial Belt,26.868339,75.774656,2026-04-29T03:39:58.257791,3,2,1,0,0,Cloudy,3100,None,P-00090,PS-008,Under Investigation
FIR-003908,Fraud,1,Central Zone,26.891341,75.811171,2026-03-15T16:43:58.257791,16,6,0,1,1,Heatwave,14500,None,P-00568,PS-006,Under Investigation
FIR-003909,Narcotics,4,Industrial Belt,26.851756,75.776367,2026-01-15T13:06:58.257791,13,3,0,0,1,Fog,3100,None,,PS-003,Under Investigation
FIR-003910,Burglary,2,Riverside,26.873935,75.798321,2026-07-08T12:42:58.257791,12,2,0,0,0,Clear,5200,None,,PS-003,Under Investigation
FIR-003911,Burglary,4,Old City,26.914639,75.79759,2026-03-24T08:00:58.257791,8,1,0,0,0,Clear,16200,None,P-00326,PS-006,Chargesheet Filed
FIR-003912,Assault,5,West Sector,26.897916,75.770174,2026-04-30T18:16:58.257791,18,3,0,0,0,Clear,9100,Improvised,,PS-001,Closed
FIR-003913,Theft,2,South Division,26.864581,75.77836,2025-10-03T23:30:58.257791,23,4,1,0,0,Heatwave,6400,None,P-00217,PS-006,Under Investigation
FIR-003914,Fraud,2,North District,26.915989,75.823967,2025-10-28T12:56:58.257791,12,1,0,0,0,Fog,8200,None,P-00396,PS-005,Closed
FIR-003915,Theft,1,North District,26.92809,75.825115,2026-06-19T02:27:58.257791,2,4,1,0,0,Clear,8200,None,P-00107,PS-003,Chargesheet Filed
FIR-003916,Narcotics,4,Central Zone,26.903234,75.792545,2026-01-24T19:56:58.257791,19,5,0,1,0,Cloudy,14500,None,,PS-001,Under Investigation
FIR-003917,Narcotics,3,Central Zone,26.893493,75.804094,2025-08-13T08:51:58.257791,8,2,0,0,0,Cloudy,14500,None,P-00275,PS-004,Under Investigation
FIR-003918,Burglary,3,Central Zone,26.892824,75.80348,2025-08-28T19:25:58.257791,19,3,0,0,0,Cloudy,14500,None,,PS-005,Under Investigation
FIR-003919,Burglary,4,East Ward,26.90585,75.832608,2026-02-14T21:40:58.257791,21,5,1,1,0,Clear,10800,None,P-00244,PS-006,Under Investigation
FIR-003920,Cybercrime,1,South Division,26.868221,75.788062,2026-05-30T15:21:58.257791,15,5,0,1,0,Heatwave,6400,None,,PS-007,Under Investigation
FIR-003921,Vehicle Theft,3,North District,26.919395,75.826989,2026-05-04T10:26:58.257791,10,0,0,0,0,Clear,8200,None,P-00464,PS-008,Cold
FIR-003922,Assault,5,Old City,26.90356,75.793952,2025-12-24T04:20:58.257791,4,2,1,0,0,Clear,16200,Firearm,,PS-006,Closed
FIR-003923,Narcotics,3,South Division,26.876067,75.795258,2025-11-01T03:25:58.257791,3,5,1,1,0,Rain,6400,None,,PS-008,Chargesheet Filed
FIR-003924,Burglary,3,West Sector,26.893895,75.784925,2025-09-01T17:43:58.257791,17,0,0,0,0,Clear,9100,None,,PS-006,Chargesheet Filed
FIR-003925,Fraud,3,Industrial Belt,26.849951,75.759364,2025-10-17T06:16:58.257791,6,4,0,0,0,Fog,3100,None,P-00336,PS-003,Under Investigation
FIR-003926,Assault,4,East Ward,26.915375,75.840229,2025-12-04T06:06:58.257791,6,3,0,0,0,Rain,10800,Blunt Object,P-00489,PS-005,Closed
FIR-003927,Fraud,3,Central Zone,26.893054,75.800497,2025-10-17T01:22:58.257791,1,4,1,0,0,Clear,14500,None,,PS-004,Under Investigation
FIR-003928,Narcotics,4,North District,26.915793,75.821871,2026-05-20T01:32:58.257791,1,2,1,0,0,Clear,8200,None,P-00580,PS-003,Chargesheet Filed
FIR-003929,Burglary,4,Industrial Belt,26.858763,75.774749,2026-02-13T07:18:58.257791,7,4,0,0,0,Clear,3100,None,P-00425,PS-001,Under Investigation
FIR-003930,Extortion,5,Riverside,26.878035,75.807824,2025-09-06T17:53:58.257791,17,5,0,1,0,Clear,5200,None,P-00419,PS-007,Chargesheet Filed
FIR-003931,Assault,3,West Sector,26.905881,75.779675,2026-06-11T16:28:58.257791,16,3,0,0,0,Fog,9100,Firearm,,PS-001,Under Investigation
FIR-003932,Theft,1,Old City,26.922512,75.806774,2025-12-24T23:13:58.257791,23,2,1,0,0,Clear,16200,None,P-00151,PS-006,Under Investigation
FIR-003933,Robbery,4,West Sector,26.900887,75.784793,2026-05-21T23:21:58.257791,23,3,1,0,0,Clear,9100,Knife,P-00217,PS-004,Under Investigation
FIR-003934,Extortion,3,North District,26.910774,75.819063,2026-07-03T19:39:58.257791,19,4,0,0,0,Rain,8200,Firearm,,PS-005,Under Investigation
FIR-003935,Robbery,4,East Ward,26.910841,75.818229,2025-12-25T11:49:58.257791,11,3,0,0,0,Clear,10800,None,P-00151,PS-003,Cold
FIR-003936,Vehicle Theft,1,Central Zone,26.890473,75.799761,2026-01-06T15:05:58.257791,15,1,0,0,0,Clear,14500,None,P-00024,PS-004,Closed
FIR-003937,Fraud,3,North District,26.917228,75.824447,2025-09-19T06:08:58.257791,6,4,0,0,0,Cloudy,8200,None,,PS-004,Closed
FIR-003938,Assault,3,South Division,26.877493,75.784957,2025-11-02T13:59:58.257791,13,6,0,1,0,Clear,6400,Blunt Object,,PS-004,Chargesheet Filed
FIR-003939,Theft,1,West Sector,26.898785,75.779099,2026-01-25T14:33:58.257791,14,6,0,1,0,Heatwave,9100,None,,PS-002,Under Investigation
FIR-003940,Narcotics,3,Old City,26.916841,75.798679,2026-05-24T04:59:58.257791,4,6,1,1,0,Clear,16200,None,P-00564,PS-007,Under Investigation
FIR-003941,Fraud,2,East Ward,26.916296,75.82666,2026-04-01T19:12:58.257791,19,2,0,0,0,Rain,10800,None,,PS-002,Under Investigation
FIR-003942,Fraud,3,Central Zone,26.901087,75.799432,2025-08-31T17:59:58.257791,17,6,0,1,0,Clear,14500,None,,PS-002,Under Investigation
FIR-003943,Theft,1,Old City,26.925949,75.795384,2026-03-02T18:45:58.257791,18,0,0,0,0,Clear,16200,None,,PS-001,Under Investigation
FIR-003944,Theft,1,East Ward,26.90563,75.83123,2026-06-03T09:13:58.257791,9,2,0,0,0,Clear,10800,None,P-00126,PS-006,Closed
FIR-003945,Theft,1,West Sector,26.897816,75.785866,2026-03-05T16:24:58.257791,16,3,0,0,0,Clear,9100,None,,PS-005,Under Investigation
FIR-003946,Assault,3,North District,26.922413,75.811446,2025-09-09T18:13:58.257791,18,1,0,0,0,Heatwave,8200,Blunt Object,P-00581,PS-001,Closed
FIR-003947,Assault,3,North District,26.916026,75.820587,2026-02-06T02:34:58.257791,2,4,1,0,0,Cloudy,8200,Knife,,PS-006,Under Investigation
FIR-003948,Assault,2,Riverside,26.875348,75.802689,2026-06-16T21:54:58.257791,21,1,1,0,0,Clear,5200,Blunt Object,P-00334,PS-003,Closed
FIR-003949,Theft,3,Central Zone,26.895367,75.801404,2025-10-22T05:12:58.257791,5,2,0,0,0,Clear,14500,None,P-00593,PS-007,Chargesheet Filed
FIR-003950,Fraud,2,Central Zone,26.900708,75.798931,2025-09-30T03:54:58.257791,3,1,1,0,0,Clear,14500,None,,PS-003,Chargesheet Filed
FIR-003951,Assault,5,Central Zone,26.899586,75.810259,2025-07-27T20:07:58.257791,20,6,1,1,0,Fog,14500,Knife,,PS-001,Chargesheet Filed
FIR-003952,Burglary,2,Industrial Belt,26.862036,75.760523,2025-12-24T20:25:58.257791,20,2,1,0,0,Clear,3100,None,P-00101,PS-001,Under Investigation
FIR-003953,Fraud,1,Central Zone,26.907623,75.802099,2025-11-14T19:14:58.257791,19,4,0,0,0,Rain,14500,None,,PS-005,Under Investigation
FIR-003954,Robbery,4,East Ward,26.914052,75.8277,2026-02-21T15:52:58.257791,15,5,0,1,0,Clear,10800,Blunt Object,P-00397,PS-006,Under Investigation
FIR-003955,Assault,5,Old City,26.915542,75.804221,2025-10-13T23:13:58.257791,23,0,1,0,0,Clear,16200,Firearm,P-00317,PS-005,Cold
FIR-003956,Vehicle Theft,1,East Ward,26.912289,75.821132,2026-04-06T09:12:58.257791,9,0,0,0,0,Clear,10800,None,P-00321,PS-005,Closed
FIR-003957,Theft,2,Central Zone,26.892193,75.800221,2025-10-29T22:56:58.257791,22,2,1,0,0,Clear,14500,None,P-00207,PS-008,Under Investigation
FIR-003958,Fraud,2,Central Zone,26.909148,75.798786,2025-08-07T17:49:58.257791,17,3,0,0,0,Rain,14500,None,P-00130,PS-005,Under Investigation
FIR-003959,Assault,3,East Ward,26.916872,75.840077,2026-04-17T06:36:58.257791,6,4,0,0,0,Heatwave,10800,Knife,P-00256,PS-004,Chargesheet Filed
FIR-003960,Burglary,4,Central Zone,26.910903,75.795687,2025-12-26T09:20:58.257791,9,4,0,0,0,Cloudy,14500,None,P-00388,PS-003,Closed
FIR-003961,Narcotics,4,Old City,26.917083,75.794628,2026-01-25T03:50:58.257791,3,6,1,1,0,Rain,16200,None,,PS-008,Under Investigation
FIR-003962,Cybercrime,3,North District,26.930342,75.830073,2025-11-29T16:22:58.257791,16,5,0,1,0,Rain,8200,None,,PS-005,Closed
FIR-003963,Robbery,4,North District,26.917835,75.822977,2026-05-13T10:45:58.257791,10,2,0,0,0,Rain,8200,Firearm,P-00020,PS-007,Under Investigation
FIR-003964,Theft,2,Industrial Belt,26.867358,75.773014,2026-01-20T05:14:58.257791,5,1,0,0,0,Rain,3100,None,P-00396,PS-007,Chargesheet Filed
FIR-003965,Assault,2,East Ward,26.894539,75.819726,2026-02-06T20:56:58.257791,20,4,1,0,0,Clear,10800,Improvised,P-00104,PS-008,Cold
FIR-003966,Theft,2,Riverside,26.872048,75.818957,2025-10-30T07:23:58.257791,7,3,0,0,0,Clear,5200,None,P-00282,PS-001,Under Investigation
FIR-003967,Kidnapping,5,Riverside,26.882642,75.806239,2025-08-30T21:16:58.257791,21,5,1,1,0,Cloudy,5200,Knife,P-00557,PS-007,Chargesheet Filed
FIR-003968,Fraud,1,Old City,26.916967,75.793029,2025-08-30T13:43:58.257791,13,5,0,1,0,Fog,16200,None,P-00188,PS-003,Closed
FIR-003969,Burglary,3,North District,26.916771,75.827963,2026-07-18T09:41:58.257791,9,5,0,1,0,Clear,8200,None,P-00131,PS-004,Chargesheet Filed
FIR-003970,Vehicle Theft,3,Old City,26.904474,75.802833,2025-11-07T03:23:58.257791,3,4,1,0,0,Cloudy,16200,None,P-00573,PS-004,Cold
FIR-003971,Narcotics,4,Riverside,26.883697,75.81817,2026-03-09T22:40:58.257791,22,0,1,0,0,Fog,5200,None,P-00561,PS-002,Chargesheet Filed
FIR-003972,Fraud,3,East Ward,26.905897,75.830829,2026-02-09T17:20:58.257791,17,0,0,0,0,Fog,10800,None,,PS-006,Under Investigation
FIR-003973,Robbery,3,West Sector,26.906339,75.766567,2025-12-25T05:30:58.257791,5,3,0,0,0,Clear,9100,None,P-00326,PS-008,Under Investigation
FIR-003974,Theft,2,Riverside,26.874679,75.798151,2025-11-24T05:32:58.257791,5,0,0,0,0,Rain,5200,None,,PS-007,Under Investigation
FIR-003975,Robbery,3,Riverside,26.883118,75.80448,2025-09-21T14:26:58.257791,14,6,0,1,0,Rain,5200,None,P-00491,PS-004,Under Investigation
FIR-003976,Theft,2,Riverside,26.887936,75.816745,2025-11-23T13:09:58.257791,13,6,0,1,0,Cloudy,5200,None,,PS-008,Chargesheet Filed
FIR-003977,Robbery,3,Riverside,26.872243,75.801879,2026-01-20T15:24:58.257791,15,1,0,0,0,Clear,5200,Blunt Object,,PS-001,Under Investigation
FIR-003978,Assault,4,East Ward,26.897244,75.832175,2025-08-23T07:39:58.257791,7,5,0,1,0,Clear,10800,Firearm,,PS-005,Cold
FIR-003979,Assault,5,West Sector,26.890131,75.76645,2025-09-27T16:42:58.257791,16,5,0,1,0,Cloudy,9100,None,,PS-004,Under Investigation
FIR-003980,Vehicle Theft,1,Central Zone,26.904389,75.800452,2025-12-15T03:03:58.257791,3,0,1,0,1,Rain,14500,None,P-00326,PS-006,Cold
FIR-003981,Fraud,3,Central Zone,26.908478,75.791013,2025-11-21T08:06:58.257791,8,4,0,0,0,Clear,14500,None,P-00396,PS-007,Closed
FIR-003982,Burglary,2,Industrial Belt,26.869548,75.778369,2026-06-25T14:38:58.257791,14,3,0,0,0,Fog,3100,None,,PS-004,Under Investigation
FIR-003983,Fraud,3,Central Zone,26.901899,75.792619,2025-10-28T08:50:58.257791,8,1,0,0,0,Clear,14500,None,P-00372,PS-002,Under Investigation
FIR-003984,Narcotics,4,South Division,26.869786,75.786039,2025-07-31T04:24:58.257791,4,3,1,0,0,Fog,6400,None,P-00568,PS-002,Chargesheet Filed
FIR-003985,Theft,2,Riverside,26.868293,75.801607,2026-07-02T23:37:58.257791,23,3,1,0,0,Fog,5200,None,,PS-005,Under Investigation
FIR-003986,Robbery,5,Industrial Belt,26.85306,75.765241,2025-08-20T00:05:58.257791,0,2,1,0,0,Cloudy,3100,Knife,,PS-006,Chargesheet Filed
FIR-003987,Burglary,4,Old City,26.907758,75.802062,2025-09-28T21:11:58.257791,21,6,1,1,0,Cloudy,16200,None,,PS-004,Under Investigation
FIR-003988,Fraud,3,West Sector,26.896848,75.776008,2026-02-04T17:30:58.257791,17,2,0,0,0,Fog,9100,None,,PS-002,Chargesheet Filed
FIR-003989,Burglary,4,Old City,26.906879,75.802357,2026-01-01T03:42:58.257791,3,3,1,0,0,Clear,16200,None,P-00372,PS-006,Closed
FIR-003990,Fraud,3,Riverside,26.883776,75.800611,2025-10-14T11:04:58.257791,11,1,0,0,0,Clear,5200,None,,PS-007,Under Investigation
FIR-003991,Theft,2,Old City,26.90923,75.795698,2025-10-29T10:42:58.257791,10,2,0,0,0,Clear,16200,None,P-00220,PS-008,Closed
FIR-003992,Theft,3,Old City,26.925369,75.799256,2026-07-08T02:33:58.257791,2,2,1,0,0,Cloudy,16200,None,P-00310,PS-006,Closed
FIR-003993,Narcotics,3,Industrial Belt,26.859579,75.773372,2026-02-15T04:57:58.257791,4,6,1,1,1,Heatwave,3100,None,,PS-005,Cold
FIR-003994,Theft,3,Riverside,26.873958,75.820465,2026-03-18T05:42:58.257791,5,2,0,0,0,Clear,5200,None,P-00596,PS-004,Under Investigation
FIR-003995,Burglary,4,Old City,26.906685,75.809919,2026-01-09T07:45:58.257791,7,4,0,0,0,Clear,16200,None,,PS-001,Closed
FIR-003996,Assault,5,Industrial Belt,26.871531,75.777658,2026-04-02T05:53:58.257791,5,3,0,0,0,Clear,3100,Blunt Object,,PS-002,Under Investigation
FIR-003997,Cybercrime,2,East Ward,26.895343,75.827165,2026-05-03T15:04:58.257791,15,6,0,1,0,Clear,10800,None,,PS-007,Closed
FIR-003998,Vehicle Theft,3,Old City,26.905422,75.79987,2025-11-08T10:28:58.257791,10,5,0,1,0,Clear,16200,None,,PS-008,Cold
FIR-003999,Theft,1,Old City,26.905017,75.810605,2026-06-19T14:33:58.257791,14,4,0,0,0,Clear,16200,None,,PS-007,Under Investigation
FIR-004000,Cybercrime,2,Central Zone,26.892786,75.788078,2025-12-08T08:24:58.257791,8,0,0,0,0,Heatwave,14500,None,P-00081,PS-002,Under Investigation
FIR-004001,Vehicle Theft,3,Central Zone,26.899955,75.810834,2025-09-23T15:26:58.257791,15,1,0,0,0,Heatwave,14500,None,P-00518,PS-008,Closed
FIR-004002,Robbery,4,Old City,26.925857,75.793503,2026-01-18T01:37:58.257791,1,6,1,1,0,Cloudy,16200,None,,PS-002,Closed
FIR-004003,Fraud,3,Riverside,26.883189,75.813759,2026-05-22T12:10:58.257791,12,4,0,0,0,Rain,5200,None,P-00103,PS-008,Under Investigation
FIR-004004,Burglary,3,West Sector,26.891589,75.78665,2026-01-01T22:00:58.257791,22,3,1,0,0,Fog,9100,None,,PS-006,Chargesheet Filed
FIR-004005,Burglary,3,Riverside,26.868719,75.800767,2026-04-09T12:32:58.257791,12,3,0,0,0,Rain,5200,None,,PS-006,Closed
FIR-004006,Theft,2,Central Zone,26.903504,75.801977,2025-09-09T11:27:58.257791,11,1,0,0,0,Heatwave,14500,None,P-00294,PS-001,Chargesheet Filed
FIR-004007,Fraud,3,North District,26.921798,75.827126,2025-10-12T11:31:58.257791,11,6,0,1,0,Clear,8200,None,,PS-003,Under Investigation
FIR-004008,Theft,3,Riverside,26.878436,75.808617,2025-09-16T14:12:58.257791,14,1,0,0,0,Clear,5200,None,P-00482,PS-003,Chargesheet Filed
FIR-004009,Theft,2,West Sector,26.899098,75.782925,2026-07-13T08:29:58.257791,8,0,0,0,0,Clear,9100,None,P-00111,PS-003,Under Investigation
FIR-004010,Narcotics,3,West Sector,26.905752,75.778908,2026-04-09T02:42:58.257791,2,3,1,0,0,Cloudy,9100,None,P-00573,PS-007,Under Investigation
FIR-004011,Kidnapping,4,Old City,26.906567,75.799761,2026-04-18T16:50:58.257791,16,5,0,1,0,Clear,16200,Improvised,P-00256,PS-004,Chargesheet Filed
FIR-004012,Burglary,3,North District,26.914489,75.831129,2026-02-11T22:20:58.257791,22,2,1,0,0,Clear,8200,None,P-00081,PS-002,Under Investigation
FIR-004013,Burglary,2,Industrial Belt,26.869489,75.768379,2026-04-18T11:21:58.257791,11,5,0,1,0,Clear,3100,None,,PS-005,Closed
FIR-004014,Fraud,1,West Sector,26.896649,75.769119,2025-12-28T10:22:58.257791,10,6,0,1,0,Heatwave,9100,None,P-00278,PS-005,Closed
FIR-004015,Theft,2,Industrial Belt,26.867347,75.770073,2026-04-15T14:13:58.257791,14,2,0,0,1,Clear,3100,None,,PS-007,Closed
FIR-004016,Theft,3,Old City,26.913812,75.801066,2026-04-22T13:12:58.257791,13,2,0,0,0,Clear,16200,None,P-00155,PS-001,Under Investigation
FIR-004017,Theft,3,West Sector,26.883518,75.781831,2025-09-03T13:27:58.257791,13,2,0,0,0,Cloudy,9100,None,,PS-007,Cold
FIR-004018,Kidnapping,4,East Ward,26.91376,75.830841,2026-03-08T14:41:58.257791,14,6,0,1,0,Heatwave,10800,None,P-00397,PS-004,Closed
FIR-004019,Robbery,4,South Division,26.864838,75.787678,2026-05-04T07:11:58.257791,7,0,0,0,0,Cloudy,6400,None,P-00110,PS-005,Chargesheet Filed
FIR-004020,Theft,2,West Sector,26.900981,75.768034,2026-01-10T06:11:58.257791,6,5,0,1,0,Clear,9100,None,P-00504,PS-002,Under Investigation
FIR-004021,Narcotics,3,East Ward,26.916234,75.822394,2026-06-28T22:47:58.257791,22,6,1,1,0,Clear,10800,None,P-00372,PS-003,Cold
FIR-004022,Fraud,2,West Sector,26.900353,75.784971,2026-04-28T08:27:58.257791,8,1,0,0,0,Fog,9100,None,P-00170,PS-004,Under Investigation
FIR-004023,Burglary,3,South Division,26.873115,75.795,2026-07-21T12:42:58.257791,12,1,0,0,0,Fog,6400,None,P-00005,PS-002,Under Investigation
FIR-004024,Extortion,3,North District,26.913625,75.818655,2026-07-10T12:59:58.257791,12,4,0,0,0,Cloudy,8200,Firearm,,PS-008,Chargesheet Filed
FIR-004025,Cybercrime,2,Old City,26.919942,75.807446,2026-06-30T11:47:58.257791,11,1,0,0,0,Clear,16200,None,P-00073,PS-004,Closed
FIR-004026,Burglary,2,East Ward,26.906105,75.821547,2025-11-04T07:28:58.257791,7,1,0,0,0,Clear,10800,None,P-00161,PS-002,Under Investigation
FIR-004027,Burglary,2,North District,26.927934,75.830028,2025-08-05T16:34:58.257791,16,1,0,0,0,Clear,8200,None,,PS-004,Cold
FIR-004028,Vehicle Theft,1,West Sector,26.89754,75.784245,2025-12-27T16:54:58.257791,16,5,0,1,0,Clear,9100,None,,PS-007,Under Investigation
FIR-004029,Vehicle Theft,1,Old City,26.912552,75.815936,2026-01-06T10:57:58.257791,10,1,0,0,0,Cloudy,16200,None,,PS-003,Chargesheet Filed
FIR-004030,Theft,3,Riverside,26.87977,75.81011,2026-05-18T23:01:58.257791,23,0,1,0,0,Fog,5200,None,,PS-006,Chargesheet Filed
FIR-004031,Theft,1,East Ward,26.916897,75.831429,2026-05-20T00:32:58.257791,0,2,1,0,0,Cloudy,10800,None,,PS-002,Cold
FIR-004032,Vehicle Theft,3,South Division,26.879998,75.789945,2025-11-20T22:37:58.257791,22,3,1,0,0,Rain,6400,None,,PS-008,Closed
FIR-004033,Burglary,2,Old City,26.915215,75.805864,2025-09-11T13:47:58.257791,13,3,0,0,0,Rain,16200,None,P-00195,PS-005,Under Investigation
FIR-004034,Burglary,3,Central Zone,26.900028,75.801174,2025-12-22T22:08:58.257791,22,0,1,0,0,Cloudy,14500,None,P-00379,PS-001,Under Investigation
FIR-004035,Theft,1,East Ward,26.90198,75.839907,2026-04-12T15:31:58.257791,15,6,0,1,0,Clear,10800,None,,PS-002,Under Investigation
FIR-004036,Fraud,1,East Ward,26.916265,75.839607,2026-05-26T08:40:58.257791,8,1,0,0,0,Cloudy,10800,None,P-00551,PS-003,Cold
FIR-004037,Assault,2,West Sector,26.884344,75.772037,2026-01-20T19:11:58.257791,19,1,0,0,0,Cloudy,9100,Firearm,P-00419,PS-005,Chargesheet Filed
FIR-004038,Fraud,3,Industrial Belt,26.862664,75.760098,2026-03-23T08:41:58.257791,8,0,0,0,0,Clear,3100,None,P-00310,PS-008,Chargesheet Filed
FIR-004039,Burglary,4,East Ward,26.904818,75.837034,2026-02-24T22:37:58.257791,22,1,1,0,0,Fog,10800,None,P-00081,PS-001,Cold
FIR-004040,Vehicle Theft,1,Old City,26.911258,75.807215,2025-12-31T19:54:58.257791,19,2,0,0,0,Rain,16200,None,P-00053,PS-007,Under Investigation
FIR-004041,Assault,2,North District,26.91568,75.811648,2026-02-23T11:01:58.257791,11,0,0,0,0,Rain,8200,Improvised,,PS-001,Cold
FIR-004042,Assault,2,West Sector,26.891961,75.764034,2026-02-24T18:43:58.257791,18,1,0,0,0,Clear,9100,Improvised,P-00467,PS-006,Closed
FIR-004043,Fraud,2,North District,26.913056,75.808525,2025-08-03T01:59:58.257791,1,6,1,1,0,Rain,8200,None,P-00321,PS-008,Under Investigation
FIR-004044,Robbery,4,North District,26.915093,75.81359,2025-11-17T23:01:58.257791,23,0,1,0,0,Fog,8200,Firearm,,PS-001,Chargesheet Filed
FIR-004045,Assault,2,Old City,26.906407,75.812809,2025-09-01T19:04:58.257791,19,0,0,0,0,Cloudy,16200,Knife,P-00108,PS-006,Chargesheet Filed
FIR-004046,Theft,2,Riverside,26.879361,75.799279,2026-03-06T23:20:58.257791,23,4,1,0,0,Clear,5200,None,P-00588,PS-004,Under Investigation
FIR-004047,Burglary,3,Industrial Belt,26.868141,75.763276,2025-08-14T01:57:58.257791,1,3,1,0,0,Clear,3100,None,,PS-002,Chargesheet Filed
FIR-004048,Narcotics,4,East Ward,26.900569,75.8355,2026-04-10T12:00:58.257791,12,4,0,0,0,Rain,10800,None,,PS-005,Chargesheet Filed
FIR-004049,Burglary,2,Central Zone,26.903993,75.808219,2025-11-21T19:08:58.257791,19,4,0,0,0,Rain,14500,None,,PS-002,Closed
FIR-004050,Fraud,2,West Sector,26.88601,75.766648,2026-04-15T05:06:58.257791,5,2,0,0,1,Clear,9100,None,,PS-001,Chargesheet Filed
FIR-004051,Robbery,4,East Ward,26.911567,75.828637,2026-05-28T02:30:58.257791,2,3,1,0,0,Clear,10800,None,P-00158,PS-003,Chargesheet Filed
FIR-004052,Narcotics,3,Riverside,26.87607,75.816618,2025-11-08T16:24:58.257791,16,5,0,1,0,Clear,5200,None,P-00475,PS-001,Chargesheet Filed
FIR-004053,Theft,3,Riverside,26.875131,75.809902,2025-07-31T14:25:58.257791,14,3,0,0,0,Clear,5200,None,,PS-003,Under Investigation
FIR-004054,Assault,2,West Sector,26.896108,75.779399,2025-11-11T23:40:58.257791,23,1,1,0,0,Rain,9100,Improvised,,PS-002,Under Investigation
FIR-004055,Theft,2,North District,26.922151,75.820155,2025-10-19T18:58:58.257791,18,6,0,1,0,Rain,8200,None,P-00014,PS-001,Under Investigation
FIR-004056,Theft,3,South Division,26.858748,75.795404,2025-09-03T15:32:58.257791,15,2,0,0,0,Clear,6400,None,,PS-002,Chargesheet Filed
FIR-004057,Robbery,3,South Division,26.862202,75.786834,2025-11-27T03:44:58.257791,3,3,1,0,0,Cloudy,6400,Knife,P-00556,PS-008,Chargesheet Filed
FIR-004058,Kidnapping,5,West Sector,26.885401,75.767438,2025-09-17T09:11:58.257791,9,2,0,0,0,Clear,9100,Firearm,,PS-001,Chargesheet Filed
FIR-004059,Theft,3,East Ward,26.901019,75.830953,2025-08-19T18:59:58.257791,18,1,0,0,0,Clear,10800,None,P-00246,PS-001,Closed
FIR-004060,Cybercrime,3,Central Zone,26.902191,75.796927,2026-05-10T09:38:58.257791,9,6,0,1,0,Clear,14500,None,,PS-005,Chargesheet Filed
FIR-004061,Vehicle Theft,3,Industrial Belt,26.868017,75.77731,2026-01-19T20:31:58.257791,20,0,1,0,0,Cloudy,3100,None,P-00099,PS-005,Closed
FIR-004062,Fraud,3,Riverside,26.874682,75.804851,2026-07-25T10:10:58.257791,10,5,0,1,0,Clear,5200,None,P-00439,PS-003,Closed
FIR-004063,Vehicle Theft,1,East Ward,26.893137,75.826849,2026-06-05T17:45:58.257791,17,4,0,0,0,Clear,10800,None,P-00573,PS-006,Chargesheet Filed
FIR-004064,Fraud,1,South Division,26.858267,75.783259,2025-12-02T05:46:58.257791,5,1,0,0,0,Rain,6400,None,,PS-002,Under Investigation
FIR-004065,Assault,4,East Ward,26.898292,75.834153,2026-04-13T22:35:58.257791,22,0,1,0,0,Clear,10800,Knife,,PS-002,Cold
FIR-004066,Cybercrime,1,East Ward,26.906079,75.836983,2025-07-31T22:29:58.257791,22,3,1,0,0,Clear,10800,None,,PS-004,Closed
FIR-004067,Burglary,4,North District,26.919237,75.827023,2026-06-21T02:51:58.257791,2,6,1,1,0,Cloudy,8200,None,P-00302,PS-004,Under Investigation
FIR-004068,Burglary,3,West Sector,26.90535,75.778221,2025-12-21T00:54:58.257791,0,6,1,1,0,Clear,9100,None,P-00245,PS-006,Under Investigation
FIR-004069,Robbery,3,South Division,26.880182,75.779924,2025-11-21T11:00:58.257791,11,4,0,0,0,Cloudy,6400,None,,PS-006,Closed
FIR-004070,Narcotics,3,East Ward,26.895929,75.82714,2025-08-10T09:05:58.257791,9,6,0,1,0,Rain,10800,None,P-00220,PS-003,Closed
FIR-004071,Fraud,3,South Division,26.868654,75.779262,2026-04-19T07:04:58.257791,7,6,0,1,0,Rain,6400,None,,PS-003,Under Investigation
FIR-004072,Vehicle Theft,1,Central Zone,26.909039,75.791375,2025-10-13T22:21:58.257791,22,0,1,0,0,Clear,14500,None,,PS-005,Under Investigation
FIR-004073,Theft,3,West Sector,26.905247,75.766972,2026-01-18T11:11:58.257791,11,6,0,1,0,Cloudy,9100,None,,PS-004,Under Investigation
FIR-004074,Robbery,3,South Division,26.877626,75.795911,2026-04-11T05:32:58.257791,5,5,0,1,0,Clear,6400,Firearm,,PS-004,Closed
FIR-004075,Fraud,2,East Ward,26.914685,75.819107,2025-10-25T09:05:58.257791,9,5,0,1,0,Cloudy,10800,None,,PS-005,Closed
FIR-004076,Narcotics,3,North District,26.926231,75.817755,2026-06-19T20:37:58.257791,20,4,1,0,0,Clear,8200,None,,PS-005,Cold
FIR-004077,Fraud,1,North District,26.91933,75.812051,2025-11-14T05:07:58.257791,5,4,0,0,0,Clear,8200,None,,PS-006,Under Investigation
FIR-004078,Robbery,4,Riverside,26.87075,75.819085,2026-07-15T06:03:58.257791,6,2,0,0,1,Clear,5200,None,P-00337,PS-001,Chargesheet Filed
FIR-004079,Vehicle Theft,1,Industrial Belt,26.862857,75.768291,2026-05-11T22:00:58.257791,22,0,1,0,0,Rain,3100,None,P-00400,PS-006,Chargesheet Filed
FIR-004080,Narcotics,2,East Ward,26.91142,75.828747,2025-09-19T11:51:58.257791,11,4,0,0,0,Cloudy,10800,None,P-00336,PS-005,Under Investigation
FIR-004081,Kidnapping,4,West Sector,26.894708,75.783896,2026-05-20T14:39:58.257791,14,2,0,0,0,Cloudy,9100,Blunt Object,,PS-004,Under Investigation
FIR-004082,Vehicle Theft,1,Riverside,26.870354,75.807459,2025-11-07T05:39:58.257791,5,4,0,0,0,Fog,5200,None,P-00060,PS-001,Closed
FIR-004083,Fraud,3,West Sector,26.905159,75.772421,2025-11-08T18:07:58.257791,18,5,0,1,0,Clear,9100,None,P-00062,PS-001,Under Investigation
FIR-004084,Fraud,3,West Sector,26.887802,75.772443,2026-01-06T09:09:58.257791,9,1,0,0,0,Cloudy,9100,None,P-00109,PS-002,Under Investigation
FIR-004085,Vehicle Theft,2,East Ward,26.912313,75.836732,2025-12-25T19:01:58.257791,19,3,0,0,0,Fog,10800,None,,PS-004,Under Investigation
FIR-004086,Fraud,3,Industrial Belt,26.870488,75.766732,2026-07-15T16:16:58.257791,16,2,0,0,1,Clear,3100,None,,PS-006,Chargesheet Filed
FIR-004087,Fraud,2,Central Zone,26.891205,75.797928,2025-09-18T17:11:58.257791,17,3,0,0,0,Clear,14500,None,,PS-003,Cold
FIR-004088,Assault,5,Old City,26.912298,75.798251,2025-08-26T20:04:58.257791,20,1,1,0,0,Clear,16200,None,,PS-008,Closed
FIR-004089,Burglary,3,Industrial Belt,26.859499,75.762279,2026-01-21T12:08:58.257791,12,2,0,0,0,Rain,3100,None,,PS-006,Under Investigation
FIR-004090,Narcotics,3,Central Zone,26.902357,75.804704,2026-03-10T17:41:58.257791,17,1,0,0,0,Clear,14500,None,P-00294,PS-003,Chargesheet Filed
FIR-004091,Narcotics,2,Central Zone,26.888926,75.811699,2026-05-17T07:33:58.257791,7,6,0,1,0,Fog,14500,None,,PS-003,Under Investigation
FIR-004092,Fraud,1,Central Zone,26.903944,75.79676,2026-05-07T12:47:58.257791,12,3,0,0,0,Clear,14500,None,P-00459,PS-003,Under Investigation
FIR-004093,Fraud,1,South Division,26.867194,75.801221,2026-03-16T11:48:58.257791,11,0,0,0,0,Rain,6400,None,,PS-008,Under Investigation
FIR-004094,Narcotics,4,West Sector,26.897991,75.768093,2026-07-05T21:50:58.257791,21,6,1,1,0,Clear,9100,None,P-00301,PS-006,Chargesheet Filed
FIR-004095,Burglary,4,North District,26.926312,75.822217,2026-06-09T03:19:58.257791,3,1,1,0,0,Cloudy,8200,None,,PS-007,Chargesheet Filed
FIR-004096,Narcotics,4,Industrial Belt,26.864855,75.772629,2026-06-24T21:15:58.257791,21,2,1,0,0,Fog,3100,None,P-00326,PS-003,Closed
FIR-004097,Burglary,4,East Ward,26.904758,75.837866,2026-02-08T01:32:58.257791,1,6,1,1,0,Rain,10800,None,P-00278,PS-007,Under Investigation
FIR-004098,Fraud,2,West Sector,26.89167,75.763268,2026-03-27T01:16:58.257791,1,4,1,0,0,Clear,9100,None,P-00419,PS-005,Under Investigation
FIR-004099,Theft,1,Central Zone,26.899027,75.809986,2026-04-14T01:40:58.257791,1,1,1,0,0,Cloudy,14500,None,,PS-003,Under Investigation
FIR-004100,Robbery,5,Industrial Belt,26.870079,75.77376,2026-06-20T09:29:58.257791,9,5,0,1,0,Clear,3100,Improvised,,PS-007,Under Investigation
FIR-004101,Assault,2,South Division,26.879301,75.791254,2026-02-03T07:36:58.257791,7,1,0,0,0,Clear,6400,None,P-00419,PS-003,Under Investigation
FIR-004102,Assault,5,Industrial Belt,26.855818,75.769351,2026-07-09T03:09:58.257791,3,3,1,0,0,Rain,3100,Improvised,,PS-007,Under Investigation
FIR-004103,Burglary,2,Industrial Belt,26.861068,75.770718,2026-02-18T05:22:58.257791,5,2,0,0,0,Rain,3100,None,P-00429,PS-003,Under Investigation
FIR-004104,Fraud,1,Industrial Belt,26.866586,75.779362,2026-04-20T01:52:58.257791,1,0,1,0,0,Cloudy,3100,None,P-00295,PS-005,Closed
FIR-004105,Narcotics,4,West Sector,26.896269,75.769285,2026-03-11T03:01:58.257791,3,2,1,0,0,Clear,9100,None,P-00483,PS-008,Under Investigation
FIR-004106,Vehicle Theft,1,Old City,26.9134,75.813354,2026-01-07T03:20:58.257791,3,2,1,0,0,Clear,16200,None,P-00240,PS-003,Closed
FIR-004107,Assault,2,West Sector,26.89984,75.772835,2026-05-27T02:48:58.257791,2,2,1,0,0,Cloudy,9100,None,P-00170,PS-001,Under Investigation
FIR-004108,Assault,2,North District,26.909257,75.811844,2026-03-13T12:21:58.257791,12,4,0,0,0,Cloudy,8200,Blunt Object,P-00188,PS-005,Chargesheet Filed
FIR-004109,Burglary,2,Central Zone,26.902458,75.790434,2025-10-19T22:06:58.257791,22,6,1,1,0,Clear,14500,None,,PS-006,Closed
FIR-004110,Narcotics,2,West Sector,26.887065,75.769188,2026-06-16T13:57:58.257791,13,1,0,0,0,Clear,9100,None,,PS-001,Closed
FIR-004111,Burglary,2,North District,26.915904,75.815516,2025-10-31T12:41:58.257791,12,4,0,0,0,Clear,8200,None,P-00282,PS-006,Under Investigation
FIR-004112,Cybercrime,1,East Ward,26.912885,75.833712,2025-11-16T07:10:58.257791,7,6,0,1,0,Rain,10800,None,P-00110,PS-008,Under Investigation
FIR-004113,Burglary,2,Industrial Belt,26.854882,75.762716,2025-10-12T19:37:58.257791,19,6,0,1,0,Cloudy,3100,None,P-00090,PS-005,Under Investigation
FIR-004114,Assault,2,Central Zone,26.902393,75.801992,2026-04-09T05:24:58.257791,5,3,0,0,0,Cloudy,14500,Blunt Object,,PS-002,Closed
FIR-004115,Vehicle Theft,2,North District,26.910308,75.810509,2026-03-24T19:54:58.257791,19,1,0,0,0,Clear,8200,None,,PS-005,Under Investigation
FIR-004116,Robbery,5,Industrial Belt,26.855539,75.780272,2025-08-23T06:36:58.257791,6,5,0,1,0,Cloudy,3100,Knife,P-00090,PS-008,Chargesheet Filed
FIR-004117,Robbery,4,South Division,26.865989,75.795254,2025-08-15T04:03:58.257791,4,4,1,0,1,Heatwave,6400,Firearm,P-00459,PS-004,Chargesheet Filed
FIR-004118,Theft,3,Central Zone,26.905855,75.799101,2025-10-27T12:19:58.257791,12,0,0,0,0,Cloudy,14500,None,,PS-008,Under Investigation
FIR-004119,Burglary,2,Industrial Belt,26.85196,75.779785,2025-07-27T18:07:58.257791,18,6,0,1,0,Fog,3100,None,,PS-007,Chargesheet Filed
FIR-004120,Fraud,2,East Ward,26.911375,75.840634,2026-06-04T03:31:58.257791,3,3,1,0,0,Clear,10800,None,,PS-001,Under Investigation
FIR-004121,Assault,3,Industrial Belt,26.870529,75.764229,2026-07-11T11:15:58.257791,11,5,0,1,0,Clear,3100,Improvised,P-00064,PS-004,Under Investigation
FIR-004122,Fraud,2,Central Zone,26.899249,75.808596,2025-09-11T20:48:58.257791,20,3,1,0,0,Clear,14500,None,P-00122,PS-006,Under Investigation
FIR-004123,Assault,3,East Ward,26.913749,75.822261,2025-09-20T04:47:58.257791,4,5,1,1,0,Clear,10800,Improvised,P-00100,PS-008,Closed
FIR-004124,Theft,2,Central Zone,26.889164,75.79586,2026-03-26T16:35:58.257791,16,3,0,0,0,Clear,14500,None,,PS-001,Under Investigation
FIR-004125,Assault,5,West Sector,26.888048,75.764339,2026-02-08T10:08:58.257791,10,6,0,1,0,Clear,9100,Blunt Object,,PS-006,Under Investigation
FIR-004126,Theft,3,Central Zone,26.910433,75.807295,2025-10-28T06:03:58.257791,6,1,0,0,0,Rain,14500,None,,PS-001,Cold
FIR-004127,Robbery,3,East Ward,26.907171,75.82147,2026-06-20T11:59:58.257791,11,5,0,1,0,Clear,10800,Knife,,PS-008,Under Investigation
FIR-004128,Assault,2,Old City,26.91491,75.807866,2026-07-19T19:04:58.257791,19,6,0,1,0,Cloudy,16200,Knife,P-00301,PS-008,Under Investigation
FIR-004129,Theft,2,Central Zone,26.904175,75.8119,2025-09-27T22:27:58.257791,22,5,1,1,0,Clear,14500,None,P-00244,PS-006,Closed
FIR-004130,Theft,1,South Division,26.869348,75.788203,2025-11-26T21:15:58.257791,21,2,1,0,0,Fog,6400,None,,PS-005,Closed
FIR-004131,Cybercrime,1,South Division,26.861199,75.798167,2026-02-26T05:37:58.257791,5,3,0,0,0,Clear,6400,None,,PS-007,Closed
FIR-004132,Theft,3,Riverside,26.886232,75.803089,2026-01-04T23:47:58.257791,23,6,1,1,0,Clear,5200,None,P-00099,PS-006,Under Investigation
FIR-004133,Fraud,1,West Sector,26.889436,75.765723,2026-05-06T15:12:58.257791,15,2,0,0,0,Cloudy,9100,None,,PS-003,Closed
FIR-004134,Theft,1,East Ward,26.906223,75.834088,2026-07-12T09:55:58.257791,9,6,0,1,0,Clear,10800,None,,PS-005,Closed
FIR-004135,Theft,3,West Sector,26.890765,75.769269,2026-07-14T05:09:58.257791,5,1,0,0,0,Heatwave,9100,None,P-00244,PS-001,Under Investigation
FIR-004136,Robbery,5,North District,26.931042,75.821884,2025-11-27T12:41:58.257791,12,3,0,0,0,Cloudy,8200,Improvised,P-00464,PS-005,Chargesheet Filed
FIR-004137,Fraud,1,Riverside,26.881706,75.806779,2026-02-13T19:00:58.257791,19,4,0,0,0,Rain,5200,None,P-00247,PS-003,Under Investigation
FIR-004138,Theft,2,East Ward,26.904159,75.822656,2026-05-16T12:52:58.257791,12,5,0,1,0,Clear,10800,None,P-00382,PS-002,Under Investigation
FIR-004139,Assault,5,North District,26.918772,75.816296,2026-05-19T01:04:58.257791,1,1,1,0,0,Clear,8200,Improvised,,PS-003,Under Investigation
FIR-004140,Narcotics,3,East Ward,26.907111,75.820495,2025-09-16T16:40:58.257791,16,1,0,0,0,Clear,10800,None,P-00275,PS-004,Cold
FIR-004141,Narcotics,4,Central Zone,26.90673,75.804559,2026-01-26T10:39:58.257791,10,0,0,0,0,Cloudy,14500,None,P-00073,PS-007,Under Investigation
FIR-004142,Theft,3,Central Zone,26.908163,75.808049,2025-10-04T20:59:58.257791,20,5,1,1,0,Cloudy,14500,None,P-00471,PS-005,Under Investigation
FIR-004143,Fraud,3,Industrial Belt,26.849756,75.774289,2026-01-21T18:00:58.257791,18,2,0,0,0,Cloudy,3100,None,P-00400,PS-002,Chargesheet Filed
FIR-004144,Narcotics,3,South Division,26.863555,75.800569,2025-11-30T09:22:58.257791,9,6,0,1,0,Cloudy,6400,None,,PS-006,Cold
FIR-004145,Narcotics,2,Old City,26.904368,75.793953,2026-06-16T05:51:58.257791,5,1,0,0,0,Clear,16200,None,,PS-005,Under Investigation
FIR-004146,Assault,5,West Sector,26.906108,75.786833,2025-08-05T21:01:58.257791,21,1,1,0,0,Clear,9100,Knife,,PS-005,Under Investigation
FIR-004147,Theft,1,North District,26.91403,75.80999,2026-01-15T05:43:58.257791,5,3,0,0,1,Clear,8200,None,P-00317,PS-007,Under Investigation
FIR-004148,Cybercrime,3,South Division,26.876517,75.78283,2026-02-08T03:16:58.257791,3,6,1,1,0,Fog,6400,None,P-00557,PS-003,Under Investigation
FIR-004149,Burglary,4,Central Zone,26.909567,75.803834,2025-09-13T07:23:58.257791,7,5,0,1,0,Rain,14500,None,P-00397,PS-008,Cold
FIR-004150,Assault,2,Old City,26.921817,75.809931,2025-08-30T03:15:58.257791,3,5,1,1,0,Clear,16200,Knife,P-00596,PS-003,Under Investigation
FIR-004151,Vehicle Theft,2,West Sector,26.889725,75.771012,2026-04-28T00:56:58.257791,0,1,1,0,0,Clear,9100,None,P-00582,PS-003,Under Investigation
FIR-004152,Assault,4,Old City,26.926388,75.809114,2026-06-15T00:30:58.257791,0,0,1,0,1,Clear,16200,Blunt Object,,PS-004,Cold
FIR-004153,Fraud,1,Central Zone,26.902507,75.803582,2025-10-15T02:46:58.257791,2,2,1,0,1,Fog,14500,None,P-00108,PS-005,Cold
FIR-004154,Fraud,2,Industrial Belt,26.848482,75.767508,2025-09-01T10:16:58.257791,10,0,0,0,0,Cloudy,3100,None,,PS-003,Cold
FIR-004155,Fraud,3,Central Zone,26.896605,75.800572,2026-01-31T18:50:58.257791,18,5,0,1,0,Clear,14500,None,P-00310,PS-002,Under Investigation
FIR-004156,Burglary,3,Industrial Belt,26.861449,75.759129,2026-06-13T10:34:58.257791,10,5,0,1,0,Rain,3100,None,P-00285,PS-003,Under Investigation
FIR-004157,Burglary,3,South Division,26.861531,75.780605,2026-03-27T06:54:58.257791,6,4,0,0,0,Clear,6400,None,P-00482,PS-007,Under Investigation
FIR-004158,Assault,2,Central Zone,26.909088,75.78865,2025-09-01T05:54:58.257791,5,0,0,0,0,Clear,14500,Blunt Object,P-00350,PS-007,Cold
FIR-004159,Theft,3,North District,26.919536,75.820694,2026-01-25T16:04:58.257791,16,6,0,1,0,Clear,8200,None,P-00364,PS-007,Under Investigation
FIR-004160,Cybercrime,1,Old City,26.910323,75.810887,2025-11-18T09:21:58.257791,9,1,0,0,0,Rain,16200,None,,PS-003,Closed
FIR-004161,Vehicle Theft,3,West Sector,26.892893,75.785064,2026-07-15T20:02:58.257791,20,2,1,0,1,Rain,9100,None,,PS-003,Chargesheet Filed
FIR-004162,Vehicle Theft,3,South Division,26.878799,75.791289,2026-03-01T21:01:58.257791,21,6,1,1,0,Clear,6400,None,P-00425,PS-005,Closed
FIR-004163,Narcotics,3,Riverside,26.884964,75.800923,2026-04-10T20:28:58.257791,20,4,1,0,0,Clear,5200,None,,PS-006,Under Investigation
FIR-004164,Assault,3,North District,26.911437,75.826988,2025-08-01T03:49:58.257791,3,4,1,0,0,Clear,8200,Improvised,,PS-005,Closed
FIR-004165,Extortion,4,North District,26.929984,75.822776,2025-10-16T02:20:58.257791,2,3,1,0,0,Clear,8200,Improvised,,PS-007,Chargesheet Filed
FIR-004166,Burglary,2,North District,26.920056,75.825502,2025-10-27T18:12:58.257791,18,0,0,0,0,Clear,8200,None,P-00554,PS-005,Closed
FIR-004167,Theft,1,South Division,26.879239,75.781623,2025-09-23T07:28:58.257791,7,1,0,0,0,Clear,6400,None,P-00280,PS-003,Closed
FIR-004168,Burglary,3,North District,26.920961,75.815945,2026-02-02T01:34:58.257791,1,0,1,0,0,Cloudy,8200,None,P-00108,PS-004,Under Investigation
FIR-004169,Vehicle Theft,1,Riverside,26.875474,75.811079,2026-01-30T14:50:58.257791,14,4,0,0,0,Clear,5200,None,,PS-007,Under Investigation
FIR-004170,Narcotics,3,East Ward,26.913394,75.819372,2026-05-31T04:59:58.257791,4,6,1,1,0,Clear,10800,None,,PS-002,Chargesheet Filed
FIR-004171,Theft,3,Industrial Belt,26.860324,75.771888,2026-02-16T14:15:58.257791,14,0,0,0,0,Rain,3100,None,,PS-005,Under Investigation
FIR-004172,Robbery,5,East Ward,26.898908,75.821726,2026-06-26T09:56:58.257791,9,4,0,0,0,Clear,10800,None,P-00372,PS-003,Under Investigation
FIR-004173,Theft,3,West Sector,26.897622,75.785569,2026-02-11T06:33:58.257791,6,2,0,0,0,Rain,9100,None,P-00082,PS-005,Closed
FIR-004174,Vehicle Theft,1,East Ward,26.912839,75.829573,2026-01-22T07:46:58.257791,7,3,0,0,0,Cloudy,10800,None,P-00557,PS-006,Cold
FIR-004175,Narcotics,4,Old City,26.921745,75.800582,2026-05-05T16:03:58.257791,16,1,0,0,0,Heatwave,16200,None,,PS-004,Cold
FIR-004176,Burglary,4,West Sector,26.889767,75.764259,2026-06-19T03:09:58.257791,3,4,1,0,0,Cloudy,9100,None,P-00109,PS-007,Cold
FIR-004177,Vehicle Theft,1,South Division,26.860614,75.785898,2025-12-11T04:42:58.257791,4,3,1,0,0,Clear,6400,None,P-00419,PS-002,Chargesheet Filed
FIR-004178,Assault,5,Industrial Belt,26.868384,75.76802,2026-05-28T06:10:58.257791,6,3,0,0,0,Cloudy,3100,None,,PS-008,Cold
FIR-004179,Cybercrime,3,Central Zone,26.90308,75.793461,2026-06-10T06:45:58.257791,6,2,0,0,0,Clear,14500,None,P-00403,PS-001,Under Investigation
FIR-004180,Cybercrime,1,East Ward,26.893301,75.837771,2026-07-26T15:59:58.257791,15,6,0,1,0,Fog,10800,None,,PS-007,Closed
FIR-004181,Narcotics,2,Riverside,26.870537,75.805012,2025-12-30T06:44:58.257791,6,1,0,0,0,Clear,5200,None,P-00285,PS-006,Closed
FIR-004182,Vehicle Theft,3,Industrial Belt,26.8551,75.76528,2026-05-02T11:08:58.257791,11,5,0,1,0,Clear,3100,None,P-00414,PS-001,Closed
FIR-004183,Assault,4,Riverside,26.891965,75.820736,2025-12-13T21:43:58.257791,21,5,1,1,0,Clear,5200,Blunt Object,,PS-004,Closed
FIR-004184,Cybercrime,2,North District,26.923436,75.820706,2026-06-16T07:36:58.257791,7,1,0,0,0,Cloudy,8200,None,P-00306,PS-002,Under Investigation
FIR-004185,Assault,5,North District,26.913175,75.829482,2026-06-13T01:45:58.257791,1,5,1,1,0,Clear,8200,Improvised,P-00462,PS-005,Chargesheet Filed
FIR-004186,Fraud,2,South Division,26.866795,75.799779,2026-05-18T08:16:58.257791,8,0,0,0,0,Cloudy,6400,None,P-00379,PS-002,Closed
FIR-004187,Burglary,4,Riverside,26.878374,75.821652,2026-07-07T09:13:58.257791,9,1,0,0,0,Heatwave,5200,None,,PS-008,Chargesheet Filed
FIR-004188,Assault,3,Riverside,26.887722,75.804796,2025-09-22T20:42:58.257791,20,0,1,0,0,Cloudy,5200,None,P-00301,PS-003,Under Investigation
FIR-004189,Robbery,4,East Ward,26.915163,75.821901,2026-02-07T23:18:58.257791,23,5,1,1,0,Cloudy,10800,Improvised,,PS-004,Under Investigation
FIR-004190,Assault,2,Old City,26.916548,75.81212,2025-10-26T06:50:58.257791,6,6,0,1,0,Clear,16200,Blunt Object,P-00145,PS-002,Chargesheet Filed
FIR-004191,Vehicle Theft,1,Riverside,26.87813,75.800894,2025-08-18T07:21:58.257791,7,0,0,0,0,Cloudy,5200,None,P-00306,PS-002,Closed
FIR-004192,Fraud,3,Old City,26.908073,75.809212,2026-03-22T17:55:58.257791,17,6,0,1,0,Clear,16200,None,,PS-005,Closed
FIR-004193,Fraud,2,Central Zone,26.889012,75.798357,2026-02-07T02:15:58.257791,2,5,1,1,0,Clear,14500,None,,PS-007,Under Investigation
FIR-004194,Assault,5,Central Zone,26.904678,75.800221,2026-01-11T23:54:58.257791,23,6,1,1,0,Clear,14500,Firearm,P-00573,PS-003,Under Investigation
FIR-004195,Narcotics,4,Riverside,26.884294,75.819656,2025-08-21T18:40:58.257791,18,3,0,0,0,Clear,5200,None,,PS-005,Closed
FIR-004196,Fraud,1,Central Zone,26.893061,75.794846,2025-10-04T13:54:58.257791,13,5,0,1,0,Clear,14500,None,P-00518,PS-007,Cold
FIR-004197,Theft,3,Industrial Belt,26.858297,75.770598,2026-03-22T22:55:58.257791,22,6,1,1,0,Fog,3100,None,P-00569,PS-001,Cold
FIR-004198,Vehicle Theft,1,Old City,26.905985,75.815935,2026-07-05T10:58:58.257791,10,6,0,1,0,Rain,16200,None,P-00110,PS-004,Under Investigation
FIR-004199,Assault,4,West Sector,26.897493,75.775945,2026-01-18T10:05:58.257791,10,6,0,1,0,Heatwave,9100,None,,PS-007,Closed
FIR-004200,Fraud,3,West Sector,26.886929,75.781276,2026-07-11T21:44:58.257791,21,5,1,1,0,Clear,9100,None,P-00041,PS-007,Chargesheet Filed
FIR-004201,Vehicle Theft,2,Old City,26.903588,75.806701,2025-10-05T21:06:58.257791,21,6,1,1,0,Fog,16200,None,P-00172,PS-005,Closed
FIR-004202,Burglary,2,Central Zone,26.906173,75.811623,2025-12-24T10:26:58.257791,10,2,0,0,0,Clear,14500,None,,PS-005,Closed
FIR-004203,Cybercrime,2,West Sector,26.89048,75.782157,2026-03-23T12:35:58.257791,12,0,0,0,0,Fog,9100,None,,PS-008,Chargesheet Filed
FIR-004204,Assault,2,West Sector,26.88834,75.786709,2026-02-08T20:44:58.257791,20,6,1,1,0,Heatwave,9100,Improvised,P-00131,PS-006,Under Investigation
FIR-004205,Theft,1,Industrial Belt,26.851231,75.760456,2026-05-23T09:42:58.257791,9,5,0,1,0,Clear,3100,None,P-00581,PS-001,Cold
FIR-004206,Narcotics,3,South Division,26.873811,75.795506,2026-02-05T15:21:58.257791,15,3,0,0,0,Cloudy,6400,None,,PS-004,Cold
FIR-004207,Theft,3,North District,26.929469,75.828103,2025-08-05T02:12:58.257791,2,1,1,0,0,Cloudy,8200,None,,PS-002,Closed
FIR-004208,Theft,3,Central Zone,26.896775,75.789474,2025-12-11T22:40:58.257791,22,3,1,0,0,Heatwave,14500,None,P-00364,PS-004,Under Investigation
FIR-004209,Robbery,3,Old City,26.907458,75.795579,2026-03-08T06:13:58.257791,6,6,0,1,0,Fog,16200,None,P-00244,PS-004,Cold
FIR-004210,Vehicle Theft,3,South Division,26.881767,75.793082,2025-09-27T18:57:58.257791,18,5,0,1,0,Fog,6400,None,P-00131,PS-005,Closed
FIR-004211,Theft,3,Old City,26.912599,75.815232,2025-12-12T02:41:58.257791,2,4,1,0,0,Fog,16200,None,,PS-006,Closed
FIR-004212,Vehicle Theft,2,Central Zone,26.904823,75.794659,2025-09-29T21:54:58.257791,21,0,1,0,0,Fog,14500,None,P-00062,PS-004,Chargesheet Filed
FIR-004213,Burglary,2,East Ward,26.912322,75.837088,2026-01-21T04:35:58.257791,4,2,1,0,0,Cloudy,10800,None,,PS-003,Under Investigation
FIR-004214,Theft,3,West Sector,26.883918,75.772934,2025-08-27T04:55:58.257791,4,2,1,0,0,Cloudy,9100,None,,PS-008,Cold
FIR-004215,Cybercrime,3,North District,26.915366,75.82869,2026-04-05T21:03:58.257791,21,6,1,1,0,Clear,8200,None,P-00194,PS-003,Cold
FIR-004216,Theft,2,Riverside,26.881649,75.806977,2026-07-15T05:20:58.257791,5,2,0,0,1,Clear,5200,None,P-00364,PS-001,Closed
FIR-004217,Fraud,3,Central Zone,26.894283,75.798331,2026-03-29T14:38:58.257791,14,6,0,1,0,Cloudy,14500,None,,PS-002,Chargesheet Filed
FIR-004218,Theft,1,Riverside,26.879523,75.802346,2025-08-31T17:19:58.257791,17,6,0,1,0,Clear,5200,None,P-00065,PS-007,Closed
FIR-004219,Theft,1,West Sector,26.900535,75.764902,2026-07-15T09:02:58.257791,9,2,0,0,1,Rain,9100,None,,PS-007,Under Investigation
FIR-004220,Theft,3,North District,26.91008,75.825026,2025-11-08T18:26:58.257791,18,5,0,1,0,Clear,8200,None,,PS-004,Closed
FIR-004221,Narcotics,2,Riverside,26.884256,75.814963,2025-12-03T20:41:58.257791,20,2,1,0,0,Clear,5200,None,P-00121,PS-004,Under Investigation
FIR-004222,Robbery,5,Riverside,26.879325,75.80231,2025-09-05T01:28:58.257791,1,4,1,0,0,Cloudy,5200,None,P-00350,PS-004,Cold
FIR-004223,Robbery,5,Industrial Belt,26.857579,75.779517,2025-08-16T03:00:58.257791,3,5,1,1,0,Fog,3100,None,,PS-001,Chargesheet Filed
FIR-004224,Burglary,4,South Division,26.869054,75.788962,2026-07-07T17:20:58.257791,17,1,0,0,0,Cloudy,6400,None,P-00350,PS-006,Under Investigation
FIR-004225,Fraud,2,Central Zone,26.910765,75.793419,2026-05-23T12:55:58.257791,12,5,0,1,0,Clear,14500,None,,PS-008,Closed
FIR-004226,Fraud,3,Central Zone,26.896607,75.794749,2026-04-28T15:32:58.257791,15,1,0,0,0,Clear,14500,None,P-00161,PS-004,Under Investigation
FIR-004227,Cybercrime,2,North District,26.929945,75.808223,2026-02-02T16:26:58.257791,16,0,0,0,0,Cloudy,8200,None,P-00111,PS-002,Under Investigation
FIR-004228,Burglary,2,Industrial Belt,26.856149,75.778043,2026-04-20T15:19:58.257791,15,0,0,0,0,Clear,3100,None,,PS-007,Under Investigation
FIR-004229,Fraud,2,Riverside,26.874021,75.818739,2026-07-18T18:26:58.257791,18,5,0,1,0,Rain,5200,None,,PS-006,Under Investigation
FIR-004230,Assault,3,South Division,26.866846,75.781105,2026-05-02T21:38:58.257791,21,5,1,1,0,Clear,6400,None,P-00073,PS-001,Chargesheet Filed
FIR-004231,Robbery,5,Old City,26.923887,75.804528,2025-09-25T07:00:58.257791,7,3,0,0,0,Clear,16200,Firearm,,PS-007,Closed
FIR-004232,Narcotics,4,Industrial Belt,26.856279,75.774197,2025-09-11T07:26:58.257791,7,3,0,0,0,Cloudy,3100,None,P-00454,PS-002,Chargesheet Filed
FIR-004233,Assault,5,North District,26.914926,75.821822,2025-08-20T14:08:58.257791,14,2,0,0,0,Fog,8200,None,P-00551,PS-007,Closed
FIR-004234,Burglary,4,South Division,26.880995,75.798806,2026-06-06T17:58:58.257791,17,5,0,1,0,Cloudy,6400,None,P-00237,PS-003,Under Investigation
FIR-004235,Burglary,4,West Sector,26.902228,75.7828,2026-03-20T21:29:58.257791,21,4,1,0,0,Clear,9100,None,P-00148,PS-001,Chargesheet Filed
FIR-004236,Robbery,3,South Division,26.875421,75.801129,2025-11-02T04:25:58.257791,4,6,1,1,0,Cloudy,6400,Firearm,P-00447,PS-002,Under Investigation
FIR-004237,Assault,3,Central Zone,26.893873,75.794621,2026-02-21T17:29:58.257791,17,5,0,1,0,Clear,14500,Firearm,,PS-006,Under Investigation
FIR-004238,Cybercrime,2,East Ward,26.904566,75.821789,2026-05-05T10:41:58.257791,10,1,0,0,0,Clear,10800,None,P-00167,PS-008,Chargesheet Filed
FIR-004239,Narcotics,4,South Division,26.867022,75.792989,2026-05-03T15:08:58.257791,15,6,0,1,0,Clear,6400,None,P-00214,PS-006,Under Investigation
FIR-004240,Extortion,4,Central Zone,26.899687,75.810452,2026-05-28T23:24:58.257791,23,3,1,0,0,Clear,14500,Firearm,P-00545,PS-005,Cold
FIR-004241,Vehicle Theft,2,West Sector,26.886588,75.768203,2026-02-25T06:24:58.257791,6,2,0,0,0,Heatwave,9100,None,P-00292,PS-004,Under Investigation
FIR-004242,Vehicle Theft,3,East Ward,26.904744,75.820721,2026-05-05T17:55:58.257791,17,1,0,0,0,Clear,10800,None,P-00405,PS-004,Chargesheet Filed
FIR-004243,Cybercrime,3,Industrial Belt,26.863522,75.768738,2025-08-14T15:52:58.257791,15,3,0,0,0,Rain,3100,None,,PS-004,Closed
FIR-004244,Fraud,1,Old City,26.916958,75.814222,2026-02-20T16:54:58.257791,16,4,0,0,0,Clear,16200,None,P-00558,PS-007,Closed
FIR-004245,Robbery,4,Industrial Belt,26.865882,75.759808,2026-07-15T07:28:58.257791,7,2,0,0,1,Clear,3100,None,,PS-005,Closed
FIR-004246,Theft,3,Industrial Belt,26.855248,75.76904,2025-11-27T04:53:58.257791,4,3,1,0,0,Clear,3100,None,P-00282,PS-004,Under Investigation
FIR-004247,Cybercrime,1,Industrial Belt,26.858137,75.777813,2026-01-03T05:17:58.257791,5,5,0,1,0,Fog,3100,None,,PS-001,Cold
FIR-004248,Fraud,1,Riverside,26.879948,75.81177,2025-11-18T04:00:58.257791,4,1,1,0,0,Fog,5200,None,P-00095,PS-002,Chargesheet Filed
FIR-004249,Narcotics,3,Central Zone,26.889781,75.791721,2026-04-26T11:55:58.257791,11,6,0,1,0,Clear,14500,None,P-00014,PS-006,Cold
FIR-004250,Assault,2,East Ward,26.909996,75.827048,2025-12-09T08:46:58.257791,8,1,0,0,0,Cloudy,10800,None,P-00159,PS-005,Closed
FIR-004251,Vehicle Theft,3,Old City,26.909382,75.799267,2026-07-24T08:16:58.257791,8,4,0,0,0,Fog,16200,None,,PS-005,Under Investigation
FIR-004252,Cybercrime,2,Central Zone,26.892986,75.793271,2026-01-08T02:16:58.257791,2,3,1,0,0,Rain,14500,None,P-00161,PS-001,Under Investigation
FIR-004253,Burglary,4,North District,26.912238,75.813939,2026-07-03T06:42:58.257791,6,4,0,0,0,Fog,8200,None,,PS-001,Cold
FIR-004254,Theft,2,Industrial Belt,26.848287,75.758094,2026-06-16T10:42:58.257791,10,1,0,0,0,Cloudy,3100,None,P-00438,PS-006,Under Investigation
FIR-004255,Robbery,3,South Division,26.865281,75.786351,2026-04-09T21:25:58.257791,21,3,1,0,0,Cloudy,6400,Knife,,PS-008,Under Investigation
FIR-004256,Assault,5,North District,26.924893,75.809946,2025-12-07T16:06:58.257791,16,6,0,1,0,Cloudy,8200,Firearm,P-00176,PS-006,Chargesheet Filed
FIR-004257,Narcotics,3,South Division,26.868997,75.80018,2025-10-18T22:00:58.257791,22,5,1,1,0,Cloudy,6400,None,P-00056,PS-008,Under Investigation
FIR-004258,Cybercrime,3,Industrial Belt,26.851699,75.760589,2026-05-17T18:27:58.257791,18,6,0,1,0,Fog,3100,None,P-00414,PS-002,Under Investigation
FIR-004259,Robbery,3,Central Zone,26.89546,75.80023,2026-05-01T05:30:58.257791,5,4,0,0,0,Rain,14500,Blunt Object,,PS-006,Under Investigation
FIR-004260,Burglary,3,East Ward,26.914745,75.835864,2026-02-09T12:14:58.257791,12,0,0,0,0,Clear,10800,None,,PS-008,Cold
FIR-004261,Theft,1,West Sector,26.901115,75.770869,2026-03-02T20:01:58.257791,20,0,1,0,0,Clear,9100,None,P-00020,PS-005,Under Investigation
FIR-004262,Fraud,2,North District,26.912096,75.810358,2025-08-09T09:18:58.257791,9,5,0,1,0,Clear,8200,None,,PS-008,Under Investigation
FIR-004263,Burglary,4,Central Zone,26.91018,75.795131,2026-05-26T03:05:58.257791,3,1,1,0,0,Clear,14500,None,,PS-002,Closed
FIR-004264,Robbery,4,East Ward,26.895649,75.835166,2026-01-27T08:20:58.257791,8,1,0,0,0,Rain,10800,Knife,,PS-004,Under Investigation
FIR-004265,Theft,3,Old City,26.904649,75.803671,2025-11-19T04:22:58.257791,4,2,1,0,0,Clear,16200,None,P-00379,PS-006,Under Investigation
FIR-004266,Assault,4,Riverside,26.888838,75.817408,2026-07-11T05:49:58.257791,5,5,0,1,0,Fog,5200,Improvised,P-00543,PS-006,Under Investigation
FIR-004267,Burglary,4,Central Zone,26.899834,75.809358,2025-12-23T01:17:58.257791,1,1,1,0,0,Fog,14500,None,P-00403,PS-005,Closed
FIR-004268,Theft,2,West Sector,26.890206,75.766701,2025-08-12T07:45:58.257791,7,1,0,0,0,Clear,9100,None,,PS-001,Closed
FIR-004269,Burglary,3,Old City,26.916775,75.79417,2026-05-19T00:06:58.257791,0,1,1,0,0,Rain,16200,None,P-00263,PS-001,Closed
FIR-004270,Burglary,3,North District,26.916333,75.823059,2026-03-03T00:27:58.257791,0,1,1,0,0,Clear,8200,None,,PS-003,Cold
FIR-004271,Narcotics,3,East Ward,26.904379,75.835412,2026-01-19T01:21:58.257791,1,0,1,0,0,Clear,10800,None,,PS-006,Cold
FIR-004272,Fraud,1,West Sector,26.889635,75.786977,2025-11-24T03:54:58.257791,3,0,1,0,0,Clear,9100,None,P-00265,PS-006,Under Investigation
FIR-004273,Narcotics,4,South Division,26.866149,75.783767,2025-08-22T21:49:58.257791,21,4,1,0,0,Clear,6400,None,P-00431,PS-004,Under Investigation
FIR-004274,Theft,2,Central Zone,26.895154,75.801694,2025-08-13T22:47:58.257791,22,2,1,0,0,Clear,14500,None,P-00461,PS-005,Under Investigation
FIR-004275,Theft,2,West Sector,26.892859,75.773489,2025-10-31T03:31:58.257791,3,4,1,0,0,Cloudy,9100,None,,PS-005,Closed
FIR-004276,Assault,3,West Sector,26.903395,75.7768,2025-08-23T05:38:58.257791,5,5,0,1,0,Clear,9100,Firearm,P-00245,PS-004,Under Investigation
FIR-004277,Vehicle Theft,1,Central Zone,26.889772,75.791733,2025-11-16T23:56:58.257791,23,6,1,1,0,Cloudy,14500,None,P-00048,PS-002,Under Investigation
FIR-004278,Burglary,4,Industrial Belt,26.871204,75.779971,2025-08-16T00:25:58.257791,0,5,1,1,0,Cloudy,3100,None,P-00034,PS-008,Chargesheet Filed
FIR-004279,Theft,3,Old City,26.919591,75.806248,2026-05-09T13:41:58.257791,13,5,0,1,0,Rain,16200,None,,PS-001,Closed
FIR-004280,Burglary,2,South Division,26.877748,75.800515,2026-02-09T07:23:58.257791,7,0,0,0,0,Cloudy,6400,None,P-00034,PS-004,Under Investigation
FIR-004281,Burglary,4,East Ward,26.89407,75.838274,2026-06-30T23:22:58.257791,23,1,1,0,0,Clear,10800,None,P-00265,PS-005,Under Investigation
FIR-004282,Robbery,4,East Ward,26.908754,75.830366,2025-12-17T06:30:58.257791,6,2,0,0,0,Cloudy,10800,Firearm,P-00439,PS-004,Chargesheet Filed
FIR-004283,Extortion,4,Central Zone,26.906495,75.803988,2026-01-31T17:24:58.257791,17,5,0,1,0,Clear,14500,Improvised,P-00214,PS-007,Under Investigation
FIR-004284,Theft,1,North District,26.929908,75.8226,2025-11-07T23:44:58.257791,23,4,1,0,0,Clear,8200,None,P-00401,PS-007,Under Investigation
FIR-004285,Assault,4,North District,26.909184,75.810284,2025-11-21T10:13:58.257791,10,4,0,0,0,Clear,8200,Blunt Object,P-00504,PS-007,Cold
FIR-004286,Burglary,2,North District,26.917886,75.819459,2025-10-16T06:41:58.257791,6,3,0,0,0,Clear,8200,None,,PS-005,Closed
FIR-004287,Vehicle Theft,1,Old City,26.918462,75.802433,2025-09-08T18:23:58.257791,18,0,0,0,0,Clear,16200,None,P-00094,PS-004,Cold
FIR-004288,Assault,4,East Ward,26.915655,75.824382,2026-03-28T02:45:58.257791,2,5,1,1,0,Heatwave,10800,Firearm,P-00372,PS-004,Under Investigation
FIR-004289,Burglary,2,South Division,26.881795,75.787842,2026-05-21T19:51:58.257791,19,3,0,0,0,Clear,6400,None,P-00155,PS-008,Under Investigation
FIR-004290,Fraud,1,Central Zone,26.906239,75.807611,2025-12-31T11:26:58.257791,11,2,0,0,0,Cloudy,14500,None,P-00020,PS-003,Under Investigation
FIR-004291,Fraud,2,North District,26.931076,75.831777,2025-08-31T22:19:58.257791,22,6,1,1,0,Cloudy,8200,None,P-00480,PS-006,Cold
FIR-004292,Theft,3,South Division,26.865455,75.784889,2026-03-25T03:10:58.257791,3,2,1,0,0,Clear,6400,None,P-00543,PS-003,Cold
FIR-004293,Vehicle Theft,1,South Division,26.873825,75.799277,2026-06-14T21:55:58.257791,21,6,1,1,0,Heatwave,6400,None,,PS-008,Closed
FIR-004294,Theft,1,East Ward,26.908134,75.830599,2026-07-04T20:03:58.257791,20,5,1,1,0,Clear,10800,None,P-00438,PS-002,Closed
FIR-004295,Theft,3,West Sector,26.890405,75.770355,2025-11-24T16:24:58.257791,16,0,0,0,0,Cloudy,9100,None,,PS-006,Under Investigation
FIR-004296,Extortion,4,South Division,26.859115,75.798517,2025-11-12T00:48:58.257791,0,2,1,0,0,Clear,6400,Firearm,P-00504,PS-003,Cold
FIR-004297,Assault,3,East Ward,26.899665,75.83983,2025-10-14T08:54:58.257791,8,1,0,0,0,Clear,10800,Blunt Object,,PS-004,Chargesheet Filed
FIR-004298,Extortion,5,Central Zone,26.89091,75.790366,2025-12-07T09:07:58.257791,9,6,0,1,0,Cloudy,14500,Firearm,P-00565,PS-003,Chargesheet Filed
FIR-004299,Fraud,2,Old City,26.925504,75.805781,2026-06-12T09:56:58.257791,9,4,0,0,0,Clear,16200,None,P-00306,PS-007,Under Investigation
FIR-004300,Extortion,3,South Division,26.859716,75.793758,2026-05-04T23:05:58.257791,23,0,1,0,0,Clear,6400,Knife,P-00121,PS-006,Chargesheet Filed
FIR-004301,Theft,2,East Ward,26.9061,75.820465,2025-12-20T05:19:58.257791,5,5,0,1,0,Clear,10800,None,,PS-002,Cold
FIR-004302,Assault,2,East Ward,26.905267,75.825021,2025-10-16T02:21:58.257791,2,3,1,0,0,Clear,10800,Blunt Object,P-00161,PS-006,Under Investigation
FIR-004303,Narcotics,4,Central Zone,26.890939,75.810526,2026-01-18T15:08:58.257791,15,6,0,1,0,Heatwave,14500,None,,PS-004,Chargesheet Filed
FIR-004304,Burglary,4,Central Zone,26.898933,75.796853,2025-08-30T07:12:58.257791,7,5,0,1,0,Cloudy,14500,None,P-00275,PS-002,Under Investigation
FIR-004305,Theft,2,Industrial Belt,26.851481,75.771385,2026-01-23T04:31:58.257791,4,4,1,0,0,Cloudy,3100,None,P-00071,PS-004,Under Investigation
FIR-004306,Extortion,3,Riverside,26.889119,75.802165,2026-03-28T20:10:58.257791,20,5,1,1,0,Fog,5200,Improvised,,PS-005,Under Investigation
FIR-004307,Theft,2,Industrial Belt,26.867021,75.779091,2026-05-11T06:36:58.257791,6,0,0,0,0,Rain,3100,None,P-00477,PS-001,Chargesheet Filed
FIR-004308,Burglary,4,Central Zone,26.907394,75.788325,2025-07-31T18:24:58.257791,18,3,0,0,0,Clear,14500,None,,PS-005,Chargesheet Filed
FIR-004309,Fraud,3,North District,26.908895,75.823107,2026-03-22T13:16:58.257791,13,6,0,1,0,Cloudy,8200,None,P-00403,PS-007,Under Investigation
FIR-004310,Narcotics,2,East Ward,26.916435,75.833925,2025-09-05T00:57:58.257791,0,4,1,0,0,Clear,10800,None,P-00393,PS-002,Under Investigation
FIR-004311,Assault,5,Industrial Belt,26.849616,75.77915,2026-07-17T12:50:58.257791,12,4,0,0,0,Cloudy,3100,Improvised,P-00053,PS-007,Under Investigation
FIR-004312,Burglary,2,Old City,26.903555,75.816168,2026-05-02T11:12:58.257791,11,5,0,1,0,Clear,16200,None,,PS-006,Under Investigation
FIR-004313,Theft,2,South Division,26.88075,75.784923,2026-03-23T13:10:58.257791,13,0,0,0,0,Rain,6400,None,,PS-006,Cold
FIR-004314,Robbery,5,West Sector,26.885187,75.772132,2026-05-22T11:12:58.257791,11,4,0,0,0,Clear,9100,Blunt Object,,PS-008,Under Investigation
FIR-004315,Fraud,3,South Division,26.879489,75.798745,2025-08-24T11:40:58.257791,11,6,0,1,0,Clear,6400,None,P-00338,PS-002,Closed
FIR-004316,Theft,1,West Sector,26.901258,75.769893,2026-01-05T02:52:58.257791,2,0,1,0,0,Clear,9100,None,P-00281,PS-004,Closed
FIR-004317,Theft,1,Old City,26.922516,75.808242,2026-02-07T12:30:58.257791,12,5,0,1,0,Clear,16200,None,,PS-006,Closed
FIR-004318,Vehicle Theft,1,North District,26.925576,75.829229,2026-02-28T11:09:58.257791,11,5,0,1,0,Clear,8200,None,,PS-003,Under Investigation
FIR-004319,Theft,3,Old City,26.905767,75.800092,2026-04-27T13:34:58.257791,13,0,0,0,0,Heatwave,16200,None,P-00055,PS-005,Under Investigation
FIR-004320,Theft,3,West Sector,26.906071,75.766615,2026-07-18T23:38:58.257791,23,5,1,1,0,Fog,9100,None,,PS-006,Under Investigation
FIR-004321,Narcotics,2,South Division,26.86235,75.788677,2025-09-24T18:37:58.257791,18,2,0,0,0,Cloudy,6400,None,P-00107,PS-001,Under Investigation
FIR-004322,Cybercrime,2,South Division,26.863133,75.778397,2025-12-14T12:32:58.257791,12,6,0,1,0,Clear,6400,None,P-00478,PS-004,Closed
FIR-004323,Fraud,1,Central Zone,26.905233,75.801457,2026-07-13T19:23:58.257791,19,0,0,0,0,Rain,14500,None,P-00193,PS-002,Chargesheet Filed
FIR-004324,Assault,4,Industrial Belt,26.851255,75.775283,2025-08-22T02:28:58.257791,2,4,1,0,0,Cloudy,3100,Improvised,,PS-002,Under Investigation
FIR-004325,Narcotics,2,Industrial Belt,26.848857,75.776123,2025-11-12T08:35:58.257791,8,2,0,0,0,Cloudy,3100,None,P-00001,PS-003,Closed
FIR-004326,Burglary,3,East Ward,26.9065,75.838763,2026-04-28T11:36:58.257791,11,1,0,0,0,Clear,10800,None,P-00558,PS-008,Closed
FIR-004327,Assault,3,Riverside,26.891629,75.804807,2026-01-04T15:01:58.257791,15,6,0,1,0,Fog,5200,Improvised,P-00104,PS-004,Chargesheet Filed
FIR-004328,Burglary,2,North District,26.908853,75.812425,2025-11-13T06:21:58.257791,6,3,0,0,0,Cloudy,8200,None,,PS-005,Under Investigation
FIR-004329,Narcotics,2,North District,26.930657,75.809455,2026-05-24T10:04:58.257791,10,6,0,1,0,Clear,8200,None,,PS-004,Under Investigation
FIR-004330,Theft,1,South Division,26.880378,75.795921,2025-12-28T11:41:58.257791,11,6,0,1,0,Cloudy,6400,None,P-00020,PS-003,Cold
FIR-004331,Assault,4,East Ward,26.916982,75.820324,2026-07-13T13:25:58.257791,13,0,0,0,0,Rain,10800,Firearm,,PS-005,Under Investigation
FIR-004332,Fraud,2,South Division,26.881291,75.784095,2026-05-01T22:01:58.257791,22,4,1,0,0,Clear,6400,None,,PS-001,Under Investigation
FIR-004333,Narcotics,4,Central Zone,26.906765,75.795025,2026-03-19T20:50:58.257791,20,3,1,0,0,Cloudy,14500,None,P-00588,PS-005,Cold
FIR-004334,Theft,2,Industrial Belt,26.848612,75.759684,2026-02-20T07:41:58.257791,7,4,0,0,0,Clear,3100,None,,PS-002,Under Investigation
FIR-004335,Theft,2,East Ward,26.894267,75.827533,2026-07-21T21:44:58.257791,21,1,1,0,0,Cloudy,10800,None,,PS-001,Closed
FIR-004336,Robbery,3,Riverside,26.870217,75.811464,2026-06-04T14:49:58.257791,14,3,0,0,0,Rain,5200,None,P-00538,PS-003,Under Investigation
FIR-004337,Vehicle Theft,2,Central Zone,26.894165,75.792368,2026-01-01T20:42:58.257791,20,3,1,0,0,Clear,14500,None,P-00226,PS-001,Closed
FIR-004338,Cybercrime,2,Old City,26.920882,75.809992,2026-04-24T16:15:58.257791,16,4,0,0,0,Clear,16200,None,P-00558,PS-005,Chargesheet Filed
FIR-004339,Assault,5,Old City,26.90389,75.814947,2025-10-05T09:34:58.257791,9,6,0,1,0,Clear,16200,Knife,P-00282,PS-001,Under Investigation
FIR-004340,Fraud,1,Central Zone,26.904008,75.804314,2025-12-21T17:13:58.257791,17,6,0,1,0,Cloudy,14500,None,P-00495,PS-003,Chargesheet Filed
FIR-004341,Assault,2,North District,26.928723,75.831175,2025-10-08T19:57:58.257791,19,2,0,0,0,Clear,8200,Firearm,,PS-003,Chargesheet Filed
FIR-004342,Narcotics,3,North District,26.912151,75.810749,2025-08-25T00:24:58.257791,0,0,1,0,0,Rain,8200,None,,PS-005,Under Investigation
FIR-004343,Fraud,1,South Division,26.861077,75.781068,2026-02-25T15:48:58.257791,15,2,0,0,0,Clear,6400,None,,PS-002,Under Investigation
FIR-004344,Cybercrime,3,Riverside,26.881713,75.817738,2025-08-20T18:08:58.257791,18,2,0,0,0,Fog,5200,None,P-00195,PS-004,Closed
FIR-004345,Theft,2,Old City,26.908237,75.804546,2026-07-22T16:35:58.257791,16,2,0,0,0,Clear,16200,None,,PS-001,Chargesheet Filed
FIR-004346,Cybercrime,2,Central Zone,26.896561,75.801878,2025-08-18T06:04:58.257791,6,0,0,0,0,Clear,14500,None,,PS-005,Closed
FIR-004347,Burglary,3,West Sector,26.894905,75.772522,2026-02-19T08:13:58.257791,8,3,0,0,0,Clear,9100,None,P-00192,PS-002,Under Investigation
FIR-004348,Kidnapping,5,Old City,26.924829,75.7981,2025-09-17T06:49:58.257791,6,2,0,0,0,Cloudy,16200,Knife,P-00109,PS-002,Under Investigation
FIR-004349,Robbery,5,Old City,26.926952,75.809588,2026-01-23T00:35:58.257791,0,4,1,0,0,Clear,16200,Blunt Object,P-00229,PS-002,Under Investigation
FIR-004350,Theft,1,Central Zone,26.896024,75.800053,2026-04-16T00:11:58.257791,0,3,1,0,0,Fog,14500,None,,PS-004,Under Investigation
FIR-004351,Vehicle Theft,1,North District,26.920886,75.813446,2025-12-23T06:28:58.257791,6,1,0,0,0,Clear,8200,None,P-00152,PS-008,Closed
FIR-004352,Burglary,2,North District,26.92103,75.819951,2026-01-07T08:25:58.257791,8,2,0,0,0,Clear,8200,None,P-00439,PS-006,Under Investigation
FIR-004353,Burglary,2,Industrial Belt,26.869858,75.781451,2025-11-12T04:08:58.257791,4,2,1,0,0,Fog,3100,None,P-00528,PS-005,Under Investigation
FIR-004354,Burglary,3,Old City,26.903062,75.797589,2026-07-13T19:33:58.257791,19,0,0,0,0,Cloudy,16200,None,,PS-003,Chargesheet Filed
FIR-004355,Burglary,4,Old City,26.923283,75.810773,2025-09-14T05:12:58.257791,5,6,0,1,0,Fog,16200,None,,PS-003,Cold
FIR-004356,Burglary,2,North District,26.917098,75.809106,2026-07-17T07:58:58.257791,7,4,0,0,0,Clear,8200,None,P-00095,PS-008,Chargesheet Filed
FIR-004357,Fraud,1,Central Zone,26.900895,75.797526,2026-05-02T19:33:58.257791,19,5,0,1,0,Clear,14500,None,,PS-005,Cold
FIR-004358,Fraud,3,Old City,26.913042,75.794758,2026-06-09T21:21:58.257791,21,1,1,0,0,Cloudy,16200,None,,PS-002,Chargesheet Filed
FIR-004359,Theft,1,North District,26.910837,75.813629,2025-12-24T07:26:58.257791,7,2,0,0,0,Cloudy,8200,None,P-00103,PS-006,Under Investigation
FIR-004360,Assault,5,Riverside,26.890247,75.803368,2025-12-05T04:53:58.257791,4,4,1,0,0,Fog,5200,Knife,P-00095,PS-002,Under Investigation
FIR-004361,Assault,4,Riverside,26.885002,75.807149,2025-09-03T17:48:58.257791,17,2,0,0,0,Fog,5200,Knife,,PS-002,Cold
FIR-004362,Robbery,4,Industrial Belt,26.848347,75.767217,2026-02-04T22:56:58.257791,22,2,1,0,0,Clear,3100,Blunt Object,P-00219,PS-002,Closed
FIR-004363,Burglary,3,North District,26.916935,75.822858,2026-05-06T02:29:58.257791,2,2,1,0,0,Cloudy,8200,None,P-00060,PS-001,Closed
FIR-004364,Theft,3,South Division,26.863869,75.788287,2025-11-07T15:03:58.257791,15,4,0,0,0,Clear,6400,None,,PS-002,Chargesheet Filed
FIR-004365,Vehicle Theft,2,West Sector,26.89182,75.766407,2026-04-08T18:34:58.257791,18,2,0,0,0,Clear,9100,None,,PS-005,Closed
FIR-004366,Cybercrime,2,Central Zone,26.890117,75.792769,2026-03-02T11:38:58.257791,11,0,0,0,0,Heatwave,14500,None,,PS-006,Chargesheet Filed
FIR-004367,Burglary,4,South Division,26.875703,75.779484,2025-07-28T03:51:58.257791,3,0,1,0,0,Cloudy,6400,None,,PS-005,Cold
FIR-004368,Burglary,3,Old City,26.907651,75.814906,2026-01-03T06:41:58.257791,6,5,0,1,0,Clear,16200,None,P-00447,PS-007,Chargesheet Filed
FIR-004369,Burglary,3,Old City,26.914745,75.79583,2026-02-15T01:04:58.257791,1,6,1,1,1,Cloudy,16200,None,P-00077,PS-005,Under Investigation
FIR-004370,Burglary,3,Old City,26.906868,75.803678,2026-06-03T17:03:58.257791,17,2,0,0,0,Fog,16200,None,P-00549,PS-003,Cold
FIR-004371,Burglary,4,East Ward,26.907998,75.837389,2026-04-13T21:40:58.257791,21,0,1,0,0,Clear,10800,None,P-00055,PS-003,Closed
FIR-004372,Assault,2,South Division,26.862935,75.786093,2025-12-30T08:20:58.257791,8,1,0,0,0,Fog,6400,Improvised,P-00119,PS-003,Under Investigation
FIR-004373,Theft,3,Old City,26.915409,75.798167,2025-10-01T01:47:58.257791,1,2,1,0,0,Clear,16200,None,,PS-004,Closed
FIR-004374,Theft,2,Riverside,26.872712,75.814883,2026-06-10T05:52:58.257791,5,2,0,0,0,Clear,5200,None,P-00099,PS-003,Closed
FIR-004375,Assault,4,South Division,26.876968,75.797312,2026-07-19T17:23:58.257791,17,6,0,1,0,Cloudy,6400,None,P-00483,PS-004,Closed
FIR-004376,Assault,3,East Ward,26.904396,75.837831,2026-04-30T07:23:58.257791,7,3,0,0,0,Fog,10800,Improvised,,PS-002,Chargesheet Filed
FIR-004377,Cybercrime,3,Central Zone,26.908021,75.809434,2026-06-20T07:09:58.257791,7,5,0,1,0,Clear,14500,None,P-00103,PS-006,Closed
FIR-004378,Theft,3,Industrial Belt,26.853455,75.76514,2025-09-27T13:38:58.257791,13,5,0,1,0,Cloudy,3100,None,,PS-008,Under Investigation
FIR-004379,Theft,1,North District,26.927136,75.818732,2026-04-30T10:09:58.257791,10,3,0,0,0,Fog,8200,None,,PS-003,Cold
FIR-004380,Theft,3,North District,26.928542,75.811205,2026-05-25T05:58:58.257791,5,0,0,0,0,Cloudy,8200,None,,PS-005,Closed
FIR-004381,Robbery,3,Industrial Belt,26.854351,75.765823,2025-10-22T07:58:58.257791,7,2,0,0,0,Cloudy,3100,Knife,,PS-006,Under Investigation
FIR-004382,Extortion,4,North District,26.927459,75.830313,2026-07-07T09:48:58.257791,9,1,0,0,0,Clear,8200,Knife,,PS-007,Under Investigation
FIR-004383,Theft,1,Riverside,26.872628,75.808876,2025-11-15T08:52:58.257791,8,5,0,1,1,Clear,5200,None,P-00491,PS-003,Under Investigation
FIR-004384,Theft,1,West Sector,26.906483,75.786615,2026-04-12T22:58:58.257791,22,6,1,1,0,Rain,9100,None,P-00565,PS-004,Cold
FIR-004385,Fraud,2,Industrial Belt,26.849991,75.777046,2026-06-14T15:19:58.257791,15,6,0,1,0,Heatwave,3100,None,,PS-007,Closed
FIR-004386,Burglary,4,Old City,26.914182,75.798591,2026-02-02T22:07:58.257791,22,0,1,0,0,Clear,16200,None,,PS-002,Chargesheet Filed
FIR-004387,Cybercrime,2,East Ward,26.896757,75.822068,2026-07-03T13:23:58.257791,13,4,0,0,0,Rain,10800,None,P-00321,PS-008,Chargesheet Filed
FIR-004388,Assault,4,Central Zone,26.909918,75.808209,2026-06-14T12:41:58.257791,12,6,0,1,0,Cloudy,14500,Firearm,P-00041,PS-005,Chargesheet Filed
FIR-004389,Narcotics,2,South Division,26.86246,75.790095,2026-03-14T23:44:58.257791,23,5,1,1,0,Rain,6400,None,,PS-007,Under Investigation
FIR-004390,Vehicle Theft,3,Central Zone,26.898283,75.793172,2026-01-30T15:46:58.257791,15,4,0,0,0,Cloudy,14500,None,P-00001,PS-002,Under Investigation
FIR-004391,Narcotics,2,East Ward,26.896182,75.839213,2026-01-24T05:47:58.257791,5,5,0,1,0,Rain,10800,None,,PS-002,Under Investigation
FIR-004392,Narcotics,3,West Sector,26.889479,75.77638,2025-09-01T05:35:58.257791,5,0,0,0,0,Clear,9100,None,P-00379,PS-005,Chargesheet Filed
FIR-004393,Burglary,4,North District,26.918259,75.824937,2026-06-20T18:04:58.257791,18,5,0,1,0,Clear,8200,None,P-00461,PS-008,Chargesheet Filed
FIR-004394,Theft,1,Old City,26.926215,75.794602,2026-01-13T10:07:58.257791,10,1,0,0,0,Fog,16200,None,,PS-007,Under Investigation
FIR-004395,Assault,2,West Sector,26.893707,75.774091,2025-10-30T10:23:58.257791,10,3,0,0,0,Cloudy,9100,None,,PS-001,Under Investigation
FIR-004396,Narcotics,2,Central Zone,26.907302,75.798823,2025-07-27T05:46:58.257791,5,6,0,1,0,Cloudy,14500,None,,PS-006,Under Investigation
FIR-004397,Robbery,4,North District,26.916129,75.828279,2026-05-24T02:33:58.257791,2,6,1,1,0,Rain,8200,Improvised,,PS-008,Under Investigation
FIR-004398,Fraud,3,Central Zone,26.911869,75.803363,2026-06-30T01:54:58.257791,1,1,1,0,0,Rain,14500,None,,PS-004,Chargesheet Filed
FIR-004399,Burglary,3,Industrial Belt,26.852377,75.779116,2025-09-18T21:11:58.257791,21,3,1,0,0,Rain,3100,None,,PS-003,Cold
FIR-004400,Burglary,2,East Ward,26.895749,75.840191,2026-07-09T17:02:58.257791,17,3,0,0,0,Clear,10800,None,,PS-004,Closed
FIR-004401,Fraud,1,Central Zone,26.896457,75.791058,2025-09-03T07:31:58.257791,7,2,0,0,0,Cloudy,14500,None,,PS-004,Under Investigation
FIR-004402,Vehicle Theft,2,Old City,26.921833,75.8147,2025-08-24T11:27:58.257791,11,6,0,1,0,Clear,16200,None,,PS-008,Chargesheet Filed
FIR-004403,Robbery,3,Old City,26.912217,75.793239,2026-02-08T07:51:58.257791,7,6,0,1,0,Cloudy,16200,None,P-00246,PS-007,Under Investigation
FIR-004404,Fraud,1,West Sector,26.902865,75.780888,2025-09-10T11:05:58.257791,11,2,0,0,0,Clear,9100,None,,PS-005,Under Investigation
FIR-004405,Robbery,3,East Ward,26.900711,75.82043,2025-12-13T00:49:58.257791,0,5,1,1,0,Cloudy,10800,Firearm,P-00110,PS-007,Under Investigation
FIR-004406,Fraud,1,Industrial Belt,26.853956,75.764252,2026-01-25T23:00:58.257791,23,6,1,1,0,Clear,3100,None,P-00413,PS-002,Under Investigation
FIR-004407,Burglary,4,Old City,26.908259,75.815708,2026-05-11T22:46:58.257791,22,0,1,0,0,Rain,16200,None,P-00176,PS-004,Chargesheet Filed
FIR-004408,Burglary,2,Old City,26.920181,75.802822,2026-06-07T07:41:58.257791,7,6,0,1,0,Cloudy,16200,None,,PS-005,Under Investigation
FIR-004409,Robbery,3,West Sector,26.904076,75.777868,2026-06-14T02:19:58.257791,2,6,1,1,0,Clear,9100,Improvised,P-00478,PS-007,Under Investigation
FIR-004410,Narcotics,4,North District,26.92658,75.822589,2026-06-15T01:29:58.257791,1,0,1,0,1,Rain,8200,None,,PS-001,Closed
FIR-004411,Assault,4,Old City,26.917306,75.810268,2026-01-01T04:20:58.257791,4,3,1,0,0,Fog,16200,Knife,,PS-004,Under Investigation
FIR-004412,Burglary,3,Riverside,26.88778,75.820096,2026-03-25T21:47:58.257791,21,2,1,0,0,Heatwave,5200,None,P-00481,PS-003,Closed
FIR-004413,Assault,2,North District,26.908758,75.809745,2025-09-02T20:23:58.257791,20,1,1,0,0,Clear,8200,Improvised,,PS-002,Closed
FIR-004414,Theft,2,Old City,26.903078,75.808711,2026-03-26T09:54:58.257791,9,3,0,0,0,Clear,16200,None,P-00495,PS-005,Under Investigation
FIR-004415,Robbery,3,Riverside,26.891358,75.819849,2025-11-21T14:59:58.257791,14,4,0,0,0,Clear,5200,Firearm,P-00483,PS-002,Cold
FIR-004416,Vehicle Theft,1,North District,26.917648,75.829561,2026-05-13T02:14:58.257791,2,2,1,0,0,Rain,8200,None,P-00106,PS-002,Under Investigation
FIR-004417,Narcotics,2,West Sector,26.883165,75.786996,2025-12-27T07:02:58.257791,7,5,0,1,0,Cloudy,9100,None,P-00396,PS-008,Closed
FIR-004418,Assault,3,Central Zone,26.89229,75.796849,2025-09-19T03:06:58.257791,3,4,1,0,0,Cloudy,14500,Blunt Object,,PS-004,Under Investigation
FIR-004419,Assault,2,Old City,26.920306,75.804814,2026-05-11T01:13:58.257791,1,0,1,0,0,Clear,16200,None,P-00302,PS-001,Under Investigation
FIR-004420,Fraud,2,Industrial Belt,26.864568,75.762637,2026-03-15T00:56:58.257791,0,6,1,1,1,Clear,3100,None,P-00475,PS-006,Chargesheet Filed
FIR-004421,Robbery,4,East Ward,26.909013,75.833018,2025-11-10T04:25:58.257791,4,0,1,0,0,Clear,10800,None,,PS-001,Closed
FIR-004422,Assault,2,Industrial Belt,26.850498,75.781242,2026-03-04T08:59:58.257791,8,2,0,0,0,Clear,3100,None,P-00555,PS-008,Under Investigation
FIR-004423,Fraud,2,Old City,26.924409,75.80585,2026-07-10T19:11:58.257791,19,4,0,0,0,Cloudy,16200,None,,PS-008,Cold
FIR-004424,Extortion,4,North District,26.922237,75.83195,2025-10-08T05:05:58.257791,5,2,0,0,0,Cloudy,8200,Knife,P-00188,PS-006,Chargesheet Filed
FIR-004425,Robbery,3,East Ward,26.897224,75.833222,2026-02-06T18:48:58.257791,18,4,0,0,0,Rain,10800,Blunt Object,P-00554,PS-003,Under Investigation
FIR-004426,Narcotics,4,North District,26.931299,75.829599,2026-03-16T21:00:58.257791,21,0,1,0,0,Clear,8200,None,P-00447,PS-007,Closed
FIR-004427,Theft,3,West Sector,26.896531,75.76441,2026-06-14T16:02:58.257791,16,6,0,1,0,Cloudy,9100,None,,PS-003,Under Investigation
FIR-004428,Theft,3,West Sector,26.898119,75.785924,2026-07-13T03:09:58.257791,3,0,1,0,0,Clear,9100,None,P-00384,PS-006,Cold
FIR-004429,Theft,3,Industrial Belt,26.853507,75.77561,2026-06-03T01:00:58.257791,1,2,1,0,0,Clear,3100,None,,PS-005,Under Investigation
FIR-004430,Robbery,4,South Division,26.867991,75.79888,2026-01-09T00:10:58.257791,0,4,1,0,0,Heatwave,6400,Firearm,,PS-005,Under Investigation
FIR-004431,Fraud,1,Central Zone,26.897713,75.793177,2026-01-01T15:40:58.257791,15,3,0,0,0,Rain,14500,None,P-00475,PS-007,Chargesheet Filed
FIR-004432,Burglary,3,Central Zone,26.902069,75.794174,2025-09-13T08:54:58.257791,8,5,0,1,0,Clear,14500,None,,PS-008,Under Investigation
FIR-004433,Fraud,3,North District,26.917472,75.816998,2025-10-02T17:49:58.257791,17,3,0,0,0,Clear,8200,None,,PS-001,Closed
FIR-004434,Fraud,3,East Ward,26.90642,75.831956,2026-01-09T07:28:58.257791,7,4,0,0,0,Fog,10800,None,,PS-001,Closed
FIR-004435,Theft,1,South Division,26.869457,75.78364,2025-08-01T08:42:58.257791,8,4,0,0,0,Clear,6400,None,,PS-008,Chargesheet Filed
FIR-004436,Cybercrime,2,Central Zone,26.893417,75.802863,2026-02-06T13:18:58.257791,13,4,0,0,0,Rain,14500,None,,PS-007,Cold
FIR-004437,Assault,4,North District,26.926213,75.821808,2026-01-09T15:53:58.257791,15,4,0,0,0,Clear,8200,Blunt Object,,PS-006,Under Investigation
FIR-004438,Theft,3,Riverside,26.89092,75.805683,2026-05-21T22:58:58.257791,22,3,1,0,0,Clear,5200,None,P-00367,PS-002,Closed
FIR-004439,Narcotics,4,South Division,26.875919,75.78939,2026-07-02T12:18:58.257791,12,3,0,0,0,Cloudy,6400,None,,PS-002,Chargesheet Filed
FIR-004440,Burglary,2,Central Zone,26.903982,75.801294,2026-06-25T04:07:58.257791,4,3,1,0,0,Cloudy,14500,None,,PS-007,Under Investigation
FIR-004441,Burglary,2,East Ward,26.914214,75.839086,2025-09-11T00:52:58.257791,0,3,1,0,0,Rain,10800,None,,PS-007,Closed
FIR-004442,Extortion,3,Old City,26.903184,75.806359,2025-11-29T17:32:58.257791,17,5,0,1,0,Rain,16200,Improvised,,PS-008,Closed
FIR-004443,Vehicle Theft,1,Central Zone,26.908144,75.788838,2025-12-17T18:08:58.257791,18,2,0,0,0,Fog,14500,None,,PS-002,Closed
FIR-004444,Theft,1,Old City,26.916774,75.806007,2025-08-30T05:56:58.257791,5,5,0,1,0,Cloudy,16200,None,P-00310,PS-007,Chargesheet Filed
FIR-004445,Fraud,3,Central Zone,26.896714,75.789366,2025-08-04T14:55:58.257791,14,0,0,0,0,Cloudy,14500,None,P-00350,PS-005,Chargesheet Filed
FIR-004446,Burglary,4,Central Zone,26.90384,75.805201,2026-06-21T20:02:58.257791,20,6,1,1,0,Clear,14500,None,,PS-002,Under Investigation
FIR-004447,Robbery,5,North District,26.92299,75.82697,2025-10-15T20:00:58.257791,20,2,1,0,1,Clear,8200,Knife,P-00337,PS-001,Under Investigation
FIR-004448,Narcotics,4,West Sector,26.893653,75.781778,2025-11-24T14:01:58.257791,14,0,0,0,0,Rain,9100,None,,PS-008,Under Investigation
FIR-004449,Fraud,3,Old City,26.925001,75.808443,2026-03-20T05:18:58.257791,5,4,0,0,0,Fog,16200,None,P-00439,PS-005,Under Investigation
FIR-004450,Fraud,1,North District,26.919887,75.814293,2025-09-29T04:29:58.257791,4,0,1,0,0,Heatwave,8200,None,P-00073,PS-004,Cold
FIR-004451,Burglary,3,Industrial Belt,26.856664,75.775138,2026-05-26T10:46:58.257791,10,1,0,0,0,Fog,3100,None,P-00275,PS-006,Under Investigation
FIR-004452,Assault,2,Riverside,26.874222,75.819425,2026-07-23T02:42:58.257791,2,3,1,0,0,Clear,5200,Knife,,PS-003,Under Investigation
FIR-004453,Theft,3,West Sector,26.888125,75.771347,2026-03-03T21:06:58.257791,21,1,1,0,0,Clear,9100,None,P-00461,PS-004,Under Investigation
FIR-004454,Cybercrime,3,North District,26.931647,75.827941,2026-06-27T16:06:58.257791,16,5,0,1,0,Cloudy,8200,None,P-00491,PS-001,Closed
FIR-004455,Fraud,1,Old City,26.920761,75.796644,2025-09-28T00:38:58.257791,0,6,1,1,0,Fog,16200,None,,PS-002,Under Investigation
FIR-004456,Theft,2,East Ward,26.907034,75.823118,2026-05-16T11:04:58.257791,11,5,0,1,0,Cloudy,10800,None,P-00048,PS-002,Under Investigation
FIR-004457,Assault,5,Old City,26.922726,75.793504,2026-05-31T20:31:58.257791,20,6,1,1,0,Cloudy,16200,Improvised,P-00556,PS-003,Closed
FIR-004458,Robbery,4,West Sector,26.888669,75.781346,2026-07-01T17:23:58.257791,17,2,0,0,0,Cloudy,9100,Improvised,,PS-007,Under Investigation
FIR-004459,Burglary,4,East Ward,26.905592,75.836565,2026-02-01T10:36:58.257791,10,6,0,1,0,Cloudy,10800,None,P-00593,PS-007,Closed
FIR-004460,Burglary,3,South Division,26.86427,75.781804,2026-05-07T09:27:58.257791,9,3,0,0,0,Clear,6400,None,P-00247,PS-007,Under Investigation
FIR-004461,Fraud,2,Central Zone,26.888703,75.791486,2026-07-15T17:40:58.257791,17,2,0,0,1,Cloudy,14500,None,P-00369,PS-006,Under Investigation
FIR-004462,Fraud,1,Central Zone,26.895228,75.797285,2025-10-13T14:07:58.257791,14,0,0,0,0,Cloudy,14500,None,,PS-004,Chargesheet Filed
FIR-004463,Cybercrime,2,Central Zone,26.89657,75.800228,2026-07-06T13:39:58.257791,13,0,0,0,0,Clear,14500,None,P-00397,PS-002,Under Investigation
FIR-004464,Burglary,3,Old City,26.910785,75.803113,2025-12-12T11:45:58.257791,11,4,0,0,0,Clear,16200,None,,PS-004,Closed
FIR-004465,Fraud,1,Central Zone,26.900163,75.789689,2026-02-25T00:04:58.257791,0,2,1,0,0,Clear,14500,None,,PS-006,Cold
FIR-004466,Fraud,2,Riverside,26.883838,75.807336,2026-02-05T07:42:58.257791,7,3,0,0,0,Clear,5200,None,P-00195,PS-001,Closed
FIR-004467,Assault,5,East Ward,26.895793,75.824164,2026-07-26T05:21:58.257791,5,6,0,1,0,Clear,10800,Knife,P-00130,PS-004,Chargesheet Filed
FIR-004468,Burglary,3,West Sector,26.903497,75.767167,2026-05-24T06:51:58.257791,6,6,0,1,0,Clear,9100,None,,PS-006,Under Investigation
FIR-004469,Vehicle Theft,3,Old City,26.91534,75.816621,2025-12-21T00:18:58.257791,0,6,1,1,0,Clear,16200,None,P-00501,PS-007,Chargesheet Filed
FIR-004470,Fraud,2,North District,26.917664,75.830859,2025-09-20T09:09:58.257791,9,5,0,1,0,Clear,8200,None,P-00158,PS-007,Closed
FIR-004471,Vehicle Theft,1,Old City,26.91856,75.794135,2026-06-16T19:49:58.257791,19,1,0,0,0,Cloudy,16200,None,P-00454,PS-001,Closed
FIR-004472,Cybercrime,3,Central Zone,26.904965,75.798956,2026-03-08T02:04:58.257791,2,6,1,1,0,Clear,14500,None,P-00245,PS-001,Under Investigation
FIR-004473,Extortion,4,Industrial Belt,26.868742,75.781981,2025-11-06T00:03:58.257791,0,3,1,0,0,Rain,3100,Blunt Object,,PS-003,Cold
FIR-004474,Theft,3,South Division,26.866548,75.79588,2025-12-21T13:18:58.257791,13,6,0,1,0,Cloudy,6400,None,P-00110,PS-007,Chargesheet Filed
FIR-004475,Narcotics,2,Riverside,26.877147,75.819668,2025-08-19T21:12:58.257791,21,1,1,0,0,Rain,5200,None,P-00077,PS-001,Under Investigation
FIR-004476,Vehicle Theft,3,Industrial Belt,26.864502,75.764752,2026-04-19T16:31:58.257791,16,6,0,1,0,Fog,3100,None,P-00034,PS-006,Chargesheet Filed
FIR-004477,Robbery,5,Central Zone,26.892152,75.791953,2026-07-17T19:56:58.257791,19,4,0,0,0,Cloudy,14500,None,P-00227,PS-002,Chargesheet Filed
FIR-004478,Robbery,4,East Ward,26.895594,75.839863,2025-12-18T12:19:58.257791,12,3,0,0,0,Rain,10800,Knife,,PS-008,Under Investigation
FIR-004479,Burglary,2,West Sector,26.900762,75.776449,2025-09-17T00:39:58.257791,0,2,1,0,0,Clear,9100,None,P-00302,PS-004,Under Investigation
FIR-004480,Fraud,3,Old City,26.922149,75.812351,2025-12-08T07:05:58.257791,7,0,0,0,0,Clear,16200,None,P-00401,PS-004,Under Investigation
FIR-004481,Theft,3,Central Zone,26.911493,75.798732,2025-11-22T08:09:58.257791,8,5,0,1,0,Clear,14500,None,P-00481,PS-008,Closed
FIR-004482,Theft,1,Central Zone,26.891073,75.792564,2026-07-14T14:43:58.257791,14,1,0,0,0,Cloudy,14500,None,P-00094,PS-003,Chargesheet Filed
FIR-004483,Burglary,4,West Sector,26.897199,75.77385,2025-12-11T23:44:58.257791,23,3,1,0,0,Clear,9100,None,,PS-001,Under Investigation
FIR-004484,Robbery,4,North District,26.910011,75.817475,2026-07-20T04:49:58.257791,4,0,1,0,0,Heatwave,8200,Firearm,P-00181,PS-001,Under Investigation
FIR-004485,Burglary,3,North District,26.925272,75.820024,2026-04-11T08:19:58.257791,8,5,0,1,0,Clear,8200,None,P-00011,PS-005,Under Investigation
FIR-004486,Fraud,3,Old City,26.911011,75.802778,2026-07-12T13:27:58.257791,13,6,0,1,0,Cloudy,16200,None,P-00482,PS-007,Chargesheet Filed
FIR-004487,Narcotics,4,Industrial Belt,26.865776,75.769842,2026-02-11T15:19:58.257791,15,2,0,0,0,Cloudy,3100,None,P-00145,PS-007,Closed
FIR-004488,Theft,3,North District,26.919686,75.824322,2026-07-22T09:28:58.257791,9,2,0,0,0,Cloudy,8200,None,P-00445,PS-003,Chargesheet Filed
FIR-004489,Fraud,3,South Division,26.859688,75.778316,2026-05-18T10:06:58.257791,10,0,0,0,0,Fog,6400,None,,PS-004,Under Investigation
FIR-004490,Vehicle Theft,3,North District,26.911597,75.831204,2025-07-29T10:38:58.257791,10,1,0,0,0,Clear,8200,None,P-00564,PS-007,Closed
FIR-004491,Fraud,1,Riverside,26.871469,75.813466,2026-01-07T07:35:58.257791,7,2,0,0,0,Fog,5200,None,,PS-001,Under Investigation
FIR-004492,Narcotics,3,East Ward,26.90502,75.831339,2026-03-22T17:24:58.257791,17,6,0,1,0,Fog,10800,None,,PS-001,Chargesheet Filed
FIR-004493,Burglary,2,Riverside,26.871063,75.821873,2026-05-18T04:07:58.257791,4,0,1,0,0,Cloudy,5200,None,,PS-004,Under Investigation
FIR-004494,Cybercrime,1,Industrial Belt,26.868419,75.764823,2026-06-30T08:46:58.257791,8,1,0,0,0,Heatwave,3100,None,,PS-001,Chargesheet Filed
FIR-004495,Burglary,4,Central Zone,26.908797,75.807844,2026-03-19T23:33:58.257791,23,3,1,0,0,Clear,14500,None,,PS-007,Closed
FIR-004496,Burglary,4,South Division,26.86917,75.798197,2026-04-04T01:24:58.257791,1,5,1,1,0,Cloudy,6400,None,P-00111,PS-001,Closed
FIR-004497,Cybercrime,2,North District,26.917221,75.812256,2026-01-05T12:34:58.257791,12,0,0,0,0,Cloudy,8200,None,P-00195,PS-008,Closed
FIR-004498,Extortion,3,Central Zone,26.899135,75.809029,2026-06-20T15:56:58.257791,15,5,0,1,0,Clear,14500,Improvised,P-00282,PS-005,Under Investigation
FIR-004499,Assault,4,Old City,26.910839,75.793943,2025-12-15T22:27:58.257791,22,0,1,0,1,Rain,16200,Knife,,PS-003,Chargesheet Filed
FIR-004500,Vehicle Theft,3,Riverside,26.87107,75.819209,2025-07-29T19:35:58.257791,19,1,0,0,0,Rain,5200,None,P-00568,PS-002,Under Investigation
FIR-004501,Fraud,2,East Ward,26.894314,75.820909,2025-09-15T18:23:58.257791,18,0,0,0,1,Clear,10800,None,P-00192,PS-001,Chargesheet Filed
FIR-004502,Kidnapping,4,Riverside,26.880222,75.80236,2025-12-13T21:14:58.257791,21,5,1,1,0,Rain,5200,Knife,P-00161,PS-006,Under Investigation
FIR-004503,Burglary,2,North District,26.913215,75.821864,2025-11-28T23:03:58.257791,23,4,1,0,0,Fog,8200,None,,PS-006,Cold
FIR-004504,Burglary,2,Riverside,26.8713,75.815117,2025-09-26T03:02:58.257791,3,4,1,0,0,Cloudy,5200,None,,PS-002,Under Investigation
FIR-004505,Vehicle Theft,1,North District,26.924381,75.831134,2026-07-14T20:29:58.257791,20,1,1,0,0,Rain,8200,None,P-00453,PS-008,Closed
FIR-004506,Cybercrime,3,Central Zone,26.890131,75.795039,2026-06-30T23:43:58.257791,23,1,1,0,0,Fog,14500,None,,PS-004,Closed
FIR-004507,Fraud,1,Riverside,26.882996,75.811704,2026-07-26T14:30:58.257791,14,6,0,1,0,Cloudy,5200,None,,PS-002,Closed
FIR-004508,Narcotics,2,Central Zone,26.890593,75.794633,2026-07-01T21:29:58.257791,21,2,1,0,0,Rain,14500,None,,PS-002,Chargesheet Filed
FIR-004509,Extortion,3,Old City,26.925537,75.816089,2025-08-21T20:33:58.257791,20,3,1,0,0,Clear,16200,Improvised,,PS-003,Chargesheet Filed
FIR-004510,Fraud,1,West Sector,26.898114,75.777788,2026-07-02T05:15:58.257791,5,3,0,0,0,Heatwave,9100,None,P-00130,PS-008,Under Investigation
FIR-004511,Cybercrime,3,Old City,26.913935,75.801958,2025-10-09T14:35:58.257791,14,3,0,0,0,Cloudy,16200,None,,PS-003,Under Investigation
FIR-004512,Fraud,3,Industrial Belt,26.865203,75.779128,2026-01-04T06:13:58.257791,6,6,0,1,0,Clear,3100,None,P-00065,PS-003,Closed
FIR-004513,Theft,1,Old City,26.903522,75.816454,2026-06-07T03:42:58.257791,3,6,1,1,0,Clear,16200,None,P-00238,PS-004,Under Investigation
FIR-004514,Theft,3,Old City,26.907743,75.802505,2026-01-01T14:28:58.257791,14,3,0,0,0,Cloudy,16200,None,P-00412,PS-008,Cold
FIR-004515,Narcotics,4,Riverside,26.884133,75.819346,2025-09-24T12:02:58.257791,12,2,0,0,0,Fog,5200,None,,PS-003,Closed
FIR-004516,Vehicle Theft,2,West Sector,26.903736,75.781855,2025-08-19T01:51:58.257791,1,1,1,0,0,Clear,9100,None,P-00192,PS-006,Closed
FIR-004517,Burglary,4,North District,26.914286,75.810761,2026-03-05T17:32:58.257791,17,3,0,0,0,Clear,8200,None,,PS-007,Under Investigation
FIR-004518,Fraud,3,West Sector,26.88456,75.784608,2026-06-22T17:30:58.257791,17,0,0,0,0,Cloudy,9100,None,,PS-006,Closed
FIR-004519,Assault,2,South Division,26.862086,75.791521,2026-06-05T08:34:58.257791,8,4,0,0,0,Clear,6400,Knife,P-00596,PS-004,Under Investigation
FIR-004520,Burglary,4,Industrial Belt,26.863284,75.76802,2025-11-19T00:25:58.257791,0,2,1,0,0,Clear,3100,None,P-00388,PS-004,Under Investigation
FIR-004521,Theft,2,North District,26.924502,75.809039,2026-07-25T23:49:58.257791,23,5,1,1,0,Rain,8200,None,P-00193,PS-006,Closed
FIR-004522,Assault,4,North District,26.918491,75.825621,2025-10-31T02:07:58.257791,2,4,1,0,0,Clear,8200,None,,PS-008,Chargesheet Filed
FIR-004523,Narcotics,4,Old City,26.926918,75.808275,2026-06-02T04:53:58.257791,4,1,1,0,0,Clear,16200,None,P-00504,PS-003,Chargesheet Filed
FIR-004524,Extortion,3,North District,26.912382,75.820631,2026-02-02T02:11:58.257791,2,0,1,0,0,Clear,8200,Blunt Object,P-00090,PS-005,Cold
FIR-004525,Burglary,4,East Ward,26.908255,75.826041,2025-12-11T22:02:58.257791,22,3,1,0,0,Rain,10800,None,P-00338,PS-005,Under Investigation
FIR-004526,Narcotics,4,Industrial Belt,26.868592,75.777766,2026-05-30T07:38:58.257791,7,5,0,1,0,Clear,3100,None,P-00425,PS-005,Cold
FIR-004527,Narcotics,2,East Ward,26.906112,75.837965,2026-07-07T06:36:58.257791,6,1,0,0,0,Clear,10800,None,P-00062,PS-001,Cold
FIR-004528,Theft,3,Industrial Belt,26.862186,75.779012,2026-05-10T23:13:58.257791,23,6,1,1,0,Clear,3100,None,P-00181,PS-002,Cold
FIR-004529,Assault,3,South Division,26.879383,75.788224,2026-02-04T05:44:58.257791,5,2,0,0,0,Fog,6400,Firearm,P-00053,PS-004,Under Investigation
FIR-004530,Burglary,3,East Ward,26.908991,75.83311,2025-08-15T20:13:58.257791,20,4,1,0,1,Clear,10800,None,,PS-006,Chargesheet Filed
FIR-004531,Vehicle Theft,2,East Ward,26.916941,75.826165,2025-09-11T02:50:58.257791,2,3,1,0,0,Clear,10800,None,,PS-003,Closed
FIR-004532,Vehicle Theft,2,Central Zone,26.908883,75.794289,2026-07-09T13:15:58.257791,13,3,0,0,0,Rain,14500,None,P-00285,PS-002,Chargesheet Filed
FIR-004533,Burglary,3,Riverside,26.877648,75.798327,2026-01-29T07:34:58.257791,7,3,0,0,0,Clear,5200,None,P-00281,PS-006,Under Investigation
FIR-004534,Robbery,4,West Sector,26.89403,75.772363,2026-03-12T20:56:58.257791,20,3,1,0,0,Clear,9100,Firearm,P-00139,PS-007,Cold
FIR-004535,Burglary,3,Central Zone,26.890004,75.797973,2025-12-19T00:18:58.257791,0,4,1,0,0,Cloudy,14500,None,,PS-004,Cold
FIR-004536,Theft,3,East Ward,26.89818,75.834787,2025-12-19T08:19:58.257791,8,4,0,0,0,Cloudy,10800,None,P-00056,PS-002,Under Investigation
FIR-004537,Fraud,2,South Division,26.863153,75.795916,2026-04-28T07:21:58.257791,7,1,0,0,0,Clear,6400,None,P-00152,PS-006,Cold
FIR-004538,Fraud,2,Riverside,26.890095,75.812663,2025-09-16T07:34:58.257791,7,1,0,0,0,Rain,5200,None,,PS-001,Closed
FIR-004539,Fraud,2,West Sector,26.892034,75.786173,2026-04-14T03:15:58.257791,3,1,1,0,0,Clear,9100,None,,PS-006,Chargesheet Filed
FIR-004540,Burglary,3,Riverside,26.889035,75.802865,2025-12-30T07:42:58.257791,7,1,0,0,0,Rain,5200,None,P-00214,PS-003,Closed
FIR-004541,Robbery,5,South Division,26.861401,75.788963,2025-10-25T22:22:58.257791,22,5,1,1,0,Clear,6400,Firearm,P-00551,PS-007,Under Investigation
FIR-004542,Narcotics,2,Central Zone,26.910356,75.809677,2026-06-01T19:15:58.257791,19,0,0,0,0,Fog,14500,None,P-00375,PS-003,Cold
FIR-004543,Theft,2,Old City,26.914029,75.80338,2026-02-23T05:36:58.257791,5,0,0,0,0,Clear,16200,None,P-00580,PS-008,Closed
FIR-004544,Cybercrime,3,South Division,26.875785,75.781052,2025-08-09T23:01:58.257791,23,5,1,1,0,Clear,6400,None,P-00437,PS-005,Chargesheet Filed
FIR-004545,Robbery,3,West Sector,26.89393,75.769501,2026-03-12T23:08:58.257791,23,3,1,0,0,Cloudy,9100,Knife,,PS-007,Under Investigation
FIR-004546,Extortion,4,Old City,26.925039,75.80448,2026-06-16T19:52:58.257791,19,1,0,0,0,Cloudy,16200,Improvised,,PS-004,Under Investigation
FIR-004547,Burglary,2,East Ward,26.901417,75.836341,2025-08-04T08:51:58.257791,8,0,0,0,0,Clear,10800,None,,PS-001,Under Investigation
FIR-004548,Burglary,4,Riverside,26.880853,75.811034,2026-06-23T14:53:58.257791,14,1,0,0,0,Cloudy,5200,None,P-00292,PS-007,Closed
FIR-004549,Fraud,1,West Sector,26.884524,75.783219,2026-06-08T11:29:58.257791,11,0,0,0,0,Clear,9100,None,P-00403,PS-008,Chargesheet Filed
FIR-004550,Theft,2,East Ward,26.89432,75.825117,2025-11-13T11:35:58.257791,11,3,0,0,0,Cloudy,10800,None,P-00282,PS-002,Under Investigation
FIR-004551,Burglary,3,East Ward,26.899818,75.826387,2026-07-06T21:03:58.257791,21,0,1,0,0,Rain,10800,None,,PS-007,Under Investigation
FIR-004552,Theft,3,Old City,26.92503,75.800548,2025-08-02T03:41:58.257791,3,5,1,1,0,Cloudy,16200,None,,PS-005,Cold
FIR-004553,Assault,4,Old City,26.921769,75.81339,2026-04-20T16:36:58.257791,16,0,0,0,0,Cloudy,16200,Improvised,P-00557,PS-004,Closed
FIR-004554,Theft,3,North District,26.924523,75.81612,2025-11-14T11:29:58.257791,11,4,0,0,0,Cloudy,8200,None,P-00194,PS-005,Under Investigation
FIR-004555,Robbery,3,Industrial Belt,26.863648,75.781077,2026-06-07T18:12:58.257791,18,6,0,1,0,Fog,3100,Improvised,,PS-006,Under Investigation
FIR-004556,Robbery,5,North District,26.91209,75.815081,2025-12-15T16:13:58.257791,16,0,0,0,1,Rain,8200,Blunt Object,,PS-007,Under Investigation
FIR-004557,Theft,1,Central Zone,26.907938,75.802815,2026-01-25T20:59:58.257791,20,6,1,1,0,Cloudy,14500,None,P-00081,PS-008,Under Investigation
FIR-004558,Robbery,3,Old City,26.912467,75.811338,2025-11-05T11:44:58.257791,11,2,0,0,0,Clear,16200,None,P-00043,PS-002,Under Investigation
FIR-004559,Kidnapping,5,North District,26.911686,75.812253,2026-07-23T01:08:58.257791,1,3,1,0,0,Clear,8200,Blunt Object,,PS-003,Under Investigation
FIR-004560,Theft,1,Central Zone,26.888398,75.811633,2025-11-03T01:14:58.257791,1,0,1,0,0,Heatwave,14500,None,P-00454,PS-003,Chargesheet Filed
FIR-004561,Burglary,4,Central Zone,26.89882,75.791195,2026-04-26T06:51:58.257791,6,6,0,1,0,Clear,14500,None,,PS-008,Under Investigation
FIR-004562,Assault,3,Industrial Belt,26.869376,75.774216,2026-02-01T06:10:58.257791,6,6,0,1,0,Rain,3100,Improvised,P-00292,PS-001,Closed
FIR-004563,Vehicle Theft,2,North District,26.915344,75.813468,2026-07-06T12:15:58.257791,12,0,0,0,0,Clear,8200,None,,PS-004,Under Investigation
FIR-004564,Burglary,3,Industrial Belt,26.869088,75.773435,2026-04-04T20:17:58.257791,20,5,1,1,0,Rain,3100,None,P-00181,PS-007,Under Investigation
FIR-004565,Theft,1,Old City,26.919444,75.798113,2025-09-05T18:39:58.257791,18,4,0,0,0,Cloudy,16200,None,P-00015,PS-004,Chargesheet Filed
FIR-004566,Kidnapping,4,South Division,26.87102,75.787866,2026-03-02T10:09:58.257791,10,0,0,0,0,Clear,6400,Knife,,PS-006,Under Investigation
FIR-004567,Assault,4,Old City,26.920529,75.8109,2025-12-12T21:53:58.257791,21,4,1,0,0,Clear,16200,Improvised,P-00219,PS-006,Chargesheet Filed
FIR-004568,Fraud,3,Industrial Belt,26.853347,75.76184,2026-06-12T20:33:58.257791,20,4,1,0,0,Clear,3100,None,,PS-005,Chargesheet Filed
FIR-004569,Burglary,4,East Ward,26.909353,75.824345,2026-04-06T11:13:58.257791,11,0,0,0,0,Cloudy,10800,None,P-00367,PS-007,Cold
FIR-004570,Theft,2,West Sector,26.88801,75.763351,2025-09-30T13:04:58.257791,13,1,0,0,0,Clear,9100,None,,PS-008,Chargesheet Filed
FIR-004571,Assault,3,Central Zone,26.896928,75.798823,2026-03-05T02:05:58.257791,2,3,1,0,0,Cloudy,14500,Firearm,P-00543,PS-006,Under Investigation
FIR-004572,Assault,4,East Ward,26.897127,75.819128,2026-01-31T14:23:58.257791,14,5,0,1,0,Cloudy,10800,None,P-00405,PS-006,Chargesheet Filed
FIR-004573,Fraud,3,Old City,26.915265,75.793158,2026-03-17T12:32:58.257791,12,1,0,0,0,Rain,16200,None,P-00556,PS-007,Chargesheet Filed
FIR-004574,Fraud,1,Industrial Belt,26.871994,75.763504,2025-08-10T16:20:58.257791,16,6,0,1,0,Clear,3100,None,,PS-006,Chargesheet Filed
FIR-004575,Fraud,1,South Division,26.869498,75.79216,2026-02-27T17:52:58.257791,17,4,0,0,0,Fog,6400,None,P-00301,PS-006,Under Investigation
FIR-004576,Assault,3,Riverside,26.884365,75.803189,2026-04-22T14:28:58.257791,14,2,0,0,0,Fog,5200,None,,PS-006,Under Investigation
FIR-004577,Vehicle Theft,3,Riverside,26.877294,75.810067,2025-11-22T02:19:58.257791,2,5,1,1,0,Rain,5200,None,P-00588,PS-008,Closed
FIR-004578,Fraud,2,Old City,26.909009,75.811893,2026-05-05T19:13:58.257791,19,1,0,0,0,Cloudy,16200,None,,PS-006,Closed
FIR-004579,Robbery,4,Industrial Belt,26.855832,75.76215,2026-05-19T21:09:58.257791,21,1,1,0,0,Cloudy,3100,Improvised,,PS-004,Under Investigation
FIR-004580,Fraud,2,Old City,26.922382,75.810505,2026-01-20T10:47:58.257791,10,1,0,0,0,Cloudy,16200,None,,PS-002,Closed
FIR-004581,Theft,1,Central Zone,26.903886,75.809609,2025-09-07T06:11:58.257791,6,6,0,1,0,Rain,14500,None,,PS-005,Cold
FIR-004582,Theft,1,Old City,26.912878,75.797278,2025-09-24T18:11:58.257791,18,2,0,0,0,Clear,16200,None,P-00159,PS-001,Under Investigation
FIR-004583,Burglary,2,Old City,26.911045,75.806239,2026-07-11T14:22:58.257791,14,5,0,1,0,Cloudy,16200,None,P-00338,PS-004,Under Investigation
FIR-004584,Assault,3,Old City,26.909655,75.806481,2025-11-15T22:46:58.257791,22,5,1,1,1,Clear,16200,Blunt Object,P-00207,PS-005,Chargesheet Filed
FIR-004585,Robbery,4,Old City,26.915305,75.809573,2025-09-16T11:34:58.257791,11,1,0,0,0,Clear,16200,Knife,P-00303,PS-001,Closed
FIR-004586,Assault,3,Industrial Belt,26.852736,75.774565,2026-03-31T20:52:58.257791,20,1,1,0,0,Clear,3100,Blunt Object,P-00207,PS-004,Under Investigation
FIR-004587,Narcotics,3,South Division,26.880153,75.801041,2025-10-27T22:08:58.257791,22,0,1,0,0,Clear,6400,None,,PS-002,Under Investigation
FIR-004588,Cybercrime,2,Central Zone,26.910593,75.800085,2026-05-16T06:49:58.257791,6,5,0,1,0,Rain,14500,None,P-00195,PS-008,Under Investigation
FIR-004589,Robbery,3,Riverside,26.880567,75.812254,2026-02-07T23:58:58.257791,23,5,1,1,0,Cloudy,5200,Blunt Object,P-00471,PS-007,Chargesheet Filed
FIR-004590,Theft,1,North District,26.924471,75.814732,2026-04-18T17:27:58.257791,17,5,0,1,0,Clear,8200,None,,PS-005,Under Investigation
FIR-004591,Robbery,3,North District,26.915989,75.821326,2026-06-20T16:43:58.257791,16,5,0,1,0,Clear,8200,Improvised,,PS-008,Under Investigation
FIR-004592,Cybercrime,3,East Ward,26.91206,75.836599,2026-02-03T14:10:58.257791,14,1,0,0,0,Clear,10800,None,P-00119,PS-001,Under Investigation
FIR-004593,Assault,5,Old City,26.925225,75.809074,2026-06-13T02:50:58.257791,2,5,1,1,0,Cloudy,16200,Knife,P-00234,PS-007,Under Investigation
FIR-004594,Robbery,3,South Division,26.874139,75.797592,2026-01-02T04:32:58.257791,4,4,1,0,0,Clear,6400,Knife,,PS-004,Closed
FIR-004595,Theft,1,Central Zone,26.902417,75.795181,2025-10-23T06:33:58.257791,6,3,0,0,0,Clear,14500,None,P-00429,PS-001,Chargesheet Filed
FIR-004596,Burglary,4,Central Zone,26.901957,75.801721,2026-04-19T02:59:58.257791,2,6,1,1,0,Rain,14500,None,P-00234,PS-008,Cold
FIR-004597,Narcotics,2,South Division,26.871526,75.788397,2025-12-05T16:08:58.257791,16,4,0,0,0,Rain,6400,None,,PS-001,Chargesheet Filed
FIR-004598,Theft,1,West Sector,26.89204,75.786746,2026-07-07T10:19:58.257791,10,1,0,0,0,Clear,9100,None,P-00554,PS-006,Under Investigation
FIR-004599,Theft,2,Industrial Belt,26.851686,75.76497,2026-06-13T15:41:58.257791,15,5,0,1,0,Clear,3100,None,P-00573,PS-003,Chargesheet Filed
FIR-004600,Burglary,3,Industrial Belt,26.869155,75.780319,2025-08-15T07:17:58.257791,7,4,0,0,1,Fog,3100,None,P-00375,PS-001,Cold
FIR-004601,Theft,2,South Division,26.88132,75.799103,2025-08-20T07:54:58.257791,7,2,0,0,0,Clear,6400,None,P-00258,PS-004,Cold
FIR-004602,Vehicle Theft,3,Riverside,26.872941,75.800232,2025-10-01T04:40:58.257791,4,2,1,0,0,Rain,5200,None,P-00469,PS-002,Chargesheet Filed
FIR-004603,Fraud,3,Old City,26.905566,75.794502,2026-05-07T05:45:58.257791,5,3,0,0,0,Fog,16200,None,,PS-002,Closed
FIR-004604,Robbery,3,South Division,26.870684,75.799674,2026-01-11T10:39:58.257791,10,6,0,1,0,Clear,6400,Knife,P-00447,PS-008,Closed
FIR-004605,Assault,4,North District,26.928593,75.831682,2026-06-23T07:55:58.257791,7,1,0,0,0,Cloudy,8200,None,,PS-001,Cold
FIR-004606,Narcotics,3,Riverside,26.869069,75.813736,2025-12-06T09:36:58.257791,9,5,0,1,0,Rain,5200,None,,PS-006,Chargesheet Filed
FIR-004607,Theft,3,North District,26.930405,75.83186,2025-08-24T00:48:58.257791,0,6,1,1,0,Clear,8200,None,,PS-005,Under Investigation
FIR-004608,Fraud,2,Central Zone,26.89216,75.799301,2025-09-06T19:00:58.257791,19,5,0,1,0,Rain,14500,None,,PS-004,Under Investigation
FIR-004609,Narcotics,3,East Ward,26.893099,75.820228,2025-10-05T00:58:58.257791,0,6,1,1,0,Rain,10800,None,P-00489,PS-001,Chargesheet Filed
FIR-004610,Kidnapping,4,Riverside,26.877671,75.812112,2026-07-23T16:49:58.257791,16,3,0,0,0,Heatwave,5200,Blunt Object,,PS-003,Under Investigation
FIR-004611,Burglary,4,North District,26.927661,75.818491,2025-11-22T03:00:58.257791,3,5,1,1,0,Fog,8200,None,P-00504,PS-007,Cold
FIR-004612,Theft,2,Industrial Belt,26.864502,75.771038,2025-09-20T20:26:58.257791,20,5,1,1,0,Clear,3100,None,P-00439,PS-002,Under Investigation
FIR-004613,Assault,4,West Sector,26.893719,75.785044,2026-04-10T23:34:58.257791,23,4,1,0,0,Clear,9100,Improvised,,PS-003,Under Investigation
FIR-004614,Theft,1,Old City,26.90812,75.795891,2025-09-28T13:24:58.257791,13,6,0,1,0,Cloudy,16200,None,P-00148,PS-003,Closed
FIR-004615,Cybercrime,2,Central Zone,26.895349,75.806636,2025-11-19T13:02:58.257791,13,2,0,0,0,Rain,14500,None,,PS-008,Under Investigation
FIR-004616,Burglary,3,Industrial Belt,26.859671,75.766445,2025-12-20T02:52:58.257791,2,5,1,1,0,Rain,3100,None,P-00099,PS-004,Under Investigation
FIR-004617,Burglary,4,Riverside,26.875185,75.812737,2025-08-16T08:53:58.257791,8,5,0,1,0,Rain,5200,None,P-00481,PS-002,Under Investigation
FIR-004618,Assault,5,South Division,26.869898,75.78655,2025-09-15T09:43:58.257791,9,0,0,0,1,Cloudy,6400,None,P-00280,PS-001,Under Investigation
FIR-004619,Burglary,3,Old City,26.923677,75.798526,2026-01-03T03:12:58.257791,3,5,1,1,0,Cloudy,16200,None,P-00155,PS-003,Cold
FIR-004620,Assault,4,Riverside,26.875496,75.811666,2026-07-14T12:46:58.257791,12,1,0,0,0,Clear,5200,Knife,P-00101,PS-003,Under Investigation
FIR-004621,Narcotics,3,East Ward,26.907339,75.840189,2025-09-02T03:32:58.257791,3,1,1,0,0,Fog,10800,None,P-00433,PS-002,Chargesheet Filed
FIR-004622,Narcotics,2,Industrial Belt,26.851226,75.769627,2026-04-14T05:06:58.257791,5,1,0,0,0,Fog,3100,None,P-00431,PS-006,Under Investigation
FIR-004623,Assault,4,Industrial Belt,26.848843,75.762928,2026-07-23T13:21:58.257791,13,3,0,0,0,Clear,3100,Firearm,,PS-007,Chargesheet Filed
FIR-004624,Assault,3,East Ward,26.89931,75.819662,2025-10-01T07:44:58.257791,7,2,0,0,0,Clear,10800,Improvised,P-00429,PS-004,Under Investigation
FIR-004625,Fraud,1,Industrial Belt,26.855862,75.777136,2025-12-24T15:10:58.257791,15,2,0,0,0,Rain,3100,None,,PS-006,Chargesheet Filed
FIR-004626,Theft,2,West Sector,26.893076,75.781808,2025-12-13T12:51:58.257791,12,5,0,1,0,Clear,9100,None,P-00009,PS-007,Under Investigation
FIR-004627,Assault,2,East Ward,26.91636,75.832882,2025-08-15T19:40:58.257791,19,4,0,0,1,Cloudy,10800,Knife,P-00321,PS-002,Closed
FIR-004628,Robbery,4,Industrial Belt,26.861859,75.766724,2025-12-07T18:26:58.257791,18,6,0,1,0,Cloudy,3100,None,P-00566,PS-006,Chargesheet Filed
FIR-004629,Burglary,4,Central Zone,26.902146,75.79113,2025-08-28T07:10:58.257791,7,3,0,0,0,Clear,14500,None,P-00281,PS-008,Cold
FIR-004630,Fraud,3,North District,26.917963,75.826841,2026-03-17T02:45:58.257791,2,1,1,0,0,Clear,8200,None,,PS-008,Chargesheet Filed
FIR-004631,Vehicle Theft,1,South Division,26.873213,75.794456,2025-09-14T12:34:58.257791,12,6,0,1,0,Heatwave,6400,None,P-00321,PS-006,Closed
FIR-004632,Theft,2,West Sector,26.903634,75.769052,2026-03-26T11:17:58.257791,11,3,0,0,0,Rain,9100,None,,PS-004,Chargesheet Filed
FIR-004633,Theft,2,North District,26.917644,75.808516,2026-06-09T00:50:58.257791,0,1,1,0,0,Clear,8200,None,,PS-008,Under Investigation
FIR-004634,Vehicle Theft,3,Industrial Belt,26.849977,75.778651,2025-11-27T07:40:58.257791,7,3,0,0,0,Clear,3100,None,P-00382,PS-003,Closed
FIR-004635,Assault,3,Central Zone,26.907999,75.806383,2026-04-14T14:51:58.257791,14,1,0,0,0,Clear,14500,Firearm,P-00071,PS-002,Closed
FIR-004636,Theft,2,Central Zone,26.899106,75.801958,2026-03-04T04:32:58.257791,4,2,1,0,0,Rain,14500,None,,PS-003,Under Investigation
FIR-004637,Theft,1,East Ward,26.900809,75.823284,2026-03-01T01:17:58.257791,1,6,1,1,0,Cloudy,10800,None,,PS-003,Under Investigation
FIR-004638,Narcotics,2,North District,26.930016,75.819524,2026-06-16T20:25:58.257791,20,1,1,0,0,Cloudy,8200,None,P-00419,PS-001,Cold
FIR-004639,Robbery,5,North District,26.926596,75.824374,2025-10-06T22:56:58.257791,22,0,1,0,0,Clear,8200,Firearm,,PS-003,Cold
FIR-004640,Burglary,2,North District,26.92979,75.80913,2025-09-03T19:19:58.257791,19,2,0,0,0,Rain,8200,None,P-00055,PS-001,Closed
FIR-004641,Theft,3,East Ward,26.893675,75.837284,2025-08-30T13:31:58.257791,13,5,0,1,0,Rain,10800,None,,PS-002,Cold
FIR-004642,Theft,1,North District,26.92541,75.816246,2026-01-07T18:33:58.257791,18,2,0,0,0,Rain,8200,None,,PS-002,Cold
FIR-004643,Burglary,3,Industrial Belt,26.86725,75.762683,2026-03-17T03:54:58.257791,3,1,1,0,0,Heatwave,3100,None,P-00369,PS-004,Closed
FIR-004644,Burglary,2,South Division,26.872408,75.778756,2026-05-23T21:09:58.257791,21,5,1,1,0,Cloudy,6400,None,P-00227,PS-002,Under Investigation
FIR-004645,Vehicle Theft,1,Old City,26.904011,75.801384,2026-04-08T21:41:58.257791,21,2,1,0,0,Cloudy,16200,None,P-00220,PS-004,Under Investigation
FIR-004646,Cybercrime,3,East Ward,26.897437,75.840167,2025-10-16T08:12:58.257791,8,3,0,0,0,Fog,10800,None,P-00457,PS-001,Under Investigation
FIR-004647,Burglary,3,Old City,26.903324,75.811565,2026-07-11T00:37:58.257791,0,5,1,1,0,Cloudy,16200,None,,PS-002,Chargesheet Filed
FIR-004648,Vehicle Theft,2,East Ward,26.913245,75.841653,2026-01-25T17:17:58.257791,17,6,0,1,0,Clear,10800,None,,PS-006,Closed
FIR-004649,Burglary,3,West Sector,26.885037,75.786562,2026-05-04T19:57:58.257791,19,0,0,0,0,Cloudy,9100,None,P-00336,PS-006,Closed
FIR-004650,Theft,3,Industrial Belt,26.857359,75.780692,2026-03-04T22:49:58.257791,22,2,1,0,0,Cloudy,3100,None,P-00565,PS-001,Under Investigation
FIR-004651,Assault,3,South Division,26.878625,75.779572,2026-07-22T17:13:58.257791,17,2,0,0,0,Clear,6400,Blunt Object,,PS-001,Under Investigation
FIR-004652,Cybercrime,2,South Division,26.872519,75.77949,2026-06-25T11:15:58.257791,11,3,0,0,0,Fog,6400,None,P-00181,PS-005,Chargesheet Filed
FIR-004653,Robbery,4,West Sector,26.89018,75.770336,2025-08-27T17:19:58.257791,17,2,0,0,0,Clear,9100,Firearm,,PS-005,Under Investigation
FIR-004654,Burglary,3,East Ward,26.895299,75.841148,2026-02-16T06:02:58.257791,6,0,0,0,0,Clear,10800,None,P-00517,PS-004,Closed
FIR-004655,Vehicle Theft,2,Industrial Belt,26.870783,75.765652,2025-10-31T02:49:58.257791,2,4,1,0,0,Rain,3100,None,P-00131,PS-003,Closed
FIR-004656,Robbery,5,South Division,26.881133,75.793531,2026-07-09T07:56:58.257791,7,3,0,0,0,Clear,6400,Blunt Object,P-00582,PS-001,Under Investigation
FIR-004657,Cybercrime,3,Central Zone,26.903015,75.800037,2025-09-24T01:43:58.257791,1,2,1,0,0,Heatwave,14500,None,P-00403,PS-008,Closed
FIR-004658,Robbery,5,Old City,26.923493,75.794402,2026-07-02T16:24:58.257791,16,3,0,0,0,Cloudy,16200,Blunt Object,P-00565,PS-008,Under Investigation
FIR-004659,Fraud,1,West Sector,26.903549,75.785661,2025-12-25T19:43:58.257791,19,3,0,0,0,Rain,9100,None,,PS-001,Closed
FIR-004660,Theft,1,Old City,26.912991,75.806609,2026-02-21T16:15:58.257791,16,5,0,1,0,Cloudy,16200,None,,PS-003,Chargesheet Filed
FIR-004661,Vehicle Theft,1,Old City,26.914042,75.806409,2025-10-15T10:24:58.257791,10,2,0,0,1,Rain,16200,None,P-00475,PS-001,Under Investigation
FIR-004662,Assault,2,North District,26.9199,75.83197,2025-08-08T23:08:58.257791,23,4,1,0,0,Rain,8200,Improvised,P-00379,PS-008,Chargesheet Filed
FIR-004663,Narcotics,2,North District,26.910781,75.822182,2025-08-03T04:48:58.257791,4,6,1,1,0,Clear,8200,None,P-00397,PS-007,Under Investigation
FIR-004664,Theft,1,North District,26.909977,75.826726,2026-04-23T05:38:58.257791,5,3,0,0,0,Rain,8200,None,,PS-005,Chargesheet Filed
FIR-004665,Theft,2,Riverside,26.870378,75.821188,2025-09-26T05:49:58.257791,5,4,0,0,0,Clear,5200,None,,PS-001,Under Investigation
FIR-004666,Assault,3,Central Zone,26.907837,75.789965,2026-04-16T01:48:58.257791,1,3,1,0,0,Cloudy,14500,None,P-00518,PS-006,Chargesheet Filed
FIR-004667,Fraud,2,West Sector,26.899446,75.776742,2025-10-22T19:21:58.257791,19,2,0,0,0,Cloudy,9100,None,,PS-008,Under Investigation
FIR-004668,Kidnapping,4,South Division,26.866817,75.797368,2026-04-11T07:47:58.257791,7,5,0,1,0,Cloudy,6400,Blunt Object,P-00443,PS-004,Under Investigation
FIR-004669,Fraud,2,Industrial Belt,26.862147,75.761552,2026-04-16T08:42:58.257791,8,3,0,0,0,Rain,3100,None,,PS-004,Under Investigation
FIR-004670,Fraud,1,West Sector,26.902356,75.775302,2025-09-20T18:47:58.257791,18,5,0,1,0,Fog,9100,None,P-00167,PS-006,Chargesheet Filed
FIR-004671,Fraud,2,North District,26.918207,75.810651,2026-06-07T19:28:58.257791,19,6,0,1,0,Cloudy,8200,None,,PS-006,Closed
FIR-004672,Burglary,3,South Division,26.878017,75.801464,2026-04-22T10:47:58.257791,10,2,0,0,0,Rain,6400,None,P-00471,PS-008,Under Investigation
FIR-004673,Assault,4,Industrial Belt,26.861768,75.772626,2026-01-17T15:54:58.257791,15,5,0,1,0,Fog,3100,Blunt Object,,PS-003,Chargesheet Filed
FIR-004674,Theft,3,Riverside,26.874557,75.802971,2025-12-09T19:41:58.257791,19,1,0,0,0,Cloudy,5200,None,P-00393,PS-006,Closed
FIR-004675,Assault,2,Riverside,26.879724,75.817903,2026-05-26T12:56:58.257791,12,1,0,0,0,Clear,5200,Knife,P-00483,PS-006,Closed
FIR-004676,Assault,3,North District,26.911876,75.808229,2025-11-03T17:23:58.257791,17,0,0,0,0,Clear,8200,Knife,,PS-007,Under Investigation
FIR-004677,Cybercrime,3,Central Zone,26.902043,75.800601,2026-03-10T17:57:58.257791,17,1,0,0,0,Clear,14500,None,P-00107,PS-003,Under Investigation
FIR-004678,Burglary,4,Industrial Belt,26.859867,75.773446,2026-02-19T20:30:58.257791,20,3,1,0,0,Rain,3100,None,P-00087,PS-004,Under Investigation
FIR-004679,Theft,1,Old City,26.924935,75.811107,2026-04-26T06:59:58.257791,6,6,0,1,0,Clear,16200,None,P-00108,PS-007,Under Investigation
FIR-004680,Robbery,4,Central Zone,26.898156,75.808788,2026-03-16T21:35:58.257791,21,0,1,0,0,Clear,14500,Firearm,P-00302,PS-005,Under Investigation
FIR-004681,Narcotics,3,Central Zone,26.901994,75.79883,2026-05-18T20:32:58.257791,20,0,1,0,0,Clear,14500,None,P-00265,PS-007,Closed
FIR-004682,Robbery,4,North District,26.918382,75.829401,2025-09-05T16:01:58.257791,16,4,0,0,0,Clear,8200,Blunt Object,P-00258,PS-003,Under Investigation
FIR-004683,Fraud,2,Central Zone,26.900611,75.793802,2025-08-29T16:30:58.257791,16,4,0,0,0,Clear,14500,None,,PS-001,Under Investigation
FIR-004684,Fraud,1,Old City,26.921583,75.804888,2025-10-16T12:19:58.257791,12,3,0,0,0,Clear,16200,None,,PS-002,Under Investigation
FIR-004685,Assault,4,West Sector,26.90266,75.769912,2026-06-20T16:05:58.257791,16,5,0,1,0,Clear,9100,Knife,P-00419,PS-007,Closed
FIR-004686,Assault,2,Central Zone,26.910818,75.801735,2026-04-04T00:01:58.257791,0,5,1,1,0,Heatwave,14500,Firearm,P-00272,PS-007,Closed
FIR-004687,Theft,3,South Division,26.862177,75.791043,2026-03-17T15:16:58.257791,15,1,0,0,0,Clear,6400,None,P-00099,PS-008,Under Investigation
FIR-004688,Vehicle Theft,3,Industrial Belt,26.852516,75.767084,2026-05-25T03:08:58.257791,3,0,1,0,0,Clear,3100,None,,PS-003,Under Investigation
FIR-004689,Vehicle Theft,2,North District,26.931247,75.83055,2025-08-01T03:01:58.257791,3,4,1,0,0,Cloudy,8200,None,,PS-005,Cold
FIR-004690,Burglary,2,South Division,26.867189,75.779023,2025-09-23T22:54:58.257791,22,1,1,0,0,Clear,6400,None,P-00569,PS-003,Under Investigation
FIR-004691,Robbery,4,Central Zone,26.911224,75.792753,2026-06-16T13:21:58.257791,13,1,0,0,0,Cloudy,14500,Improvised,,PS-004,Closed
FIR-004692,Burglary,4,East Ward,26.900215,75.820811,2026-07-21T04:29:58.257791,4,1,1,0,0,Cloudy,10800,None,,PS-005,Closed
FIR-004693,Theft,3,Central Zone,26.900526,75.808185,2025-12-25T15:49:58.257791,15,3,0,0,0,Fog,14500,None,,PS-007,Closed
FIR-004694,Theft,2,Old City,26.91477,75.805268,2026-02-27T21:39:58.257791,21,4,1,0,0,Clear,16200,None,P-00491,PS-007,Under Investigation
FIR-004695,Assault,3,Riverside,26.871285,75.799557,2026-07-12T08:01:58.257791,8,6,0,1,0,Clear,5200,Firearm,P-00048,PS-005,Under Investigation
FIR-004696,Robbery,3,East Ward,26.912693,75.81947,2026-01-10T12:52:58.257791,12,5,0,1,0,Rain,10800,None,,PS-008,Under Investigation
FIR-004697,Robbery,4,North District,26.910247,75.830969,2026-05-26T15:06:58.257791,15,1,0,0,0,Clear,8200,None,,PS-002,Chargesheet Filed
FIR-004698,Assault,3,Old City,26.918885,75.798729,2025-11-26T00:47:58.257791,0,2,1,0,0,Cloudy,16200,Improvised,,PS-002,Cold
FIR-004699,Theft,3,Riverside,26.890995,75.804671,2026-04-10T14:58:58.257791,14,4,0,0,0,Rain,5200,None,,PS-001,Under Investigation
FIR-004700,Narcotics,4,South Division,26.86406,75.782012,2025-11-17T22:15:58.257791,22,0,1,0,0,Clear,6400,None,P-00369,PS-007,Under Investigation
FIR-004701,Theft,2,Old City,26.909563,75.796492,2025-11-13T04:15:58.257791,4,3,1,0,0,Cloudy,16200,None,,PS-003,Chargesheet Filed
FIR-004702,Robbery,3,Central Zone,26.9034,75.793263,2026-02-28T03:50:58.257791,3,5,1,1,0,Cloudy,14500,Knife,,PS-007,Under Investigation
FIR-004703,Theft,2,Riverside,26.875928,75.800407,2026-07-13T15:04:58.257791,15,0,0,0,0,Clear,5200,None,,PS-006,Closed
FIR-004704,Assault,2,West Sector,26.897956,75.782323,2025-12-13T15:49:58.257791,15,5,0,1,0,Clear,9100,None,,PS-002,Chargesheet Filed
FIR-004705,Vehicle Theft,2,East Ward,26.895626,75.838391,2025-10-08T03:37:58.257791,3,2,1,0,0,Fog,10800,None,,PS-004,Under Investigation
FIR-004706,Assault,3,East Ward,26.893748,75.83287,2026-01-31T22:59:58.257791,22,5,1,1,0,Cloudy,10800,Firearm,,PS-001,Chargesheet Filed
FIR-004707,Assault,4,Riverside,26.88793,75.804614,2026-06-01T23:30:58.257791,23,0,1,0,0,Clear,5200,Improvised,P-00202,PS-005,Under Investigation
FIR-004708,Extortion,4,Old City,26.906524,75.806492,2025-10-07T13:48:58.257791,13,1,0,0,0,Cloudy,16200,Knife,P-00170,PS-005,Closed
FIR-004709,Fraud,3,Central Zone,26.908389,75.808785,2026-07-06T05:14:58.257791,5,0,0,0,0,Heatwave,14500,None,P-00246,PS-002,Under Investigation
FIR-004710,Burglary,2,East Ward,26.895733,75.83864,2025-09-03T21:46:58.257791,21,2,1,0,0,Fog,10800,None,P-00247,PS-007,Closed
FIR-004711,Burglary,2,East Ward,26.912706,75.829492,2026-03-11T05:44:58.257791,5,2,0,0,0,Clear,10800,None,P-00469,PS-002,Closed
FIR-004712,Burglary,4,Central Zone,26.903682,75.796926,2025-11-21T01:05:58.257791,1,4,1,0,0,Clear,14500,None,P-00152,PS-006,Chargesheet Filed
FIR-004713,Theft,1,West Sector,26.904489,75.773587,2025-08-24T16:37:58.257791,16,6,0,1,0,Clear,9100,None,,PS-003,Under Investigation
FIR-004714,Cybercrime,2,Old City,26.908484,75.812657,2026-06-26T21:59:58.257791,21,4,1,0,0,Clear,16200,None,,PS-003,Closed
FIR-004715,Cybercrime,3,Old City,26.919697,75.808423,2025-08-16T06:25:58.257791,6,5,0,1,0,Clear,16200,None,P-00001,PS-008,Under Investigation
FIR-004716,Burglary,2,East Ward,26.915137,75.835978,2026-02-23T03:25:58.257791,3,0,1,0,0,Heatwave,10800,None,P-00336,PS-006,Cold
FIR-004717,Fraud,3,East Ward,26.911752,75.819941,2025-09-15T12:01:58.257791,12,0,0,0,1,Cloudy,10800,None,,PS-003,Closed
FIR-004718,Theft,1,East Ward,26.912573,75.823876,2026-05-20T14:04:58.257791,14,2,0,0,0,Cloudy,10800,None,,PS-006,Under Investigation
FIR-004719,Fraud,1,East Ward,26.913942,75.83385,2026-02-10T13:09:58.257791,13,1,0,0,0,Rain,10800,None,P-00073,PS-004,Chargesheet Filed
FIR-004720,Theft,3,Old City,26.919587,75.802408,2026-02-14T04:40:58.257791,4,5,1,1,0,Clear,16200,None,,PS-002,Chargesheet Filed
FIR-004721,Fraud,1,Old City,26.911135,75.816872,2026-02-05T06:10:58.257791,6,3,0,0,0,Fog,16200,None,P-00501,PS-005,Cold
FIR-004722,Fraud,3,Old City,26.914338,75.796632,2026-05-31T22:03:58.257791,22,6,1,1,0,Cloudy,16200,None,,PS-001,Closed
FIR-004723,Assault,2,North District,26.927852,75.820095,2026-03-16T18:03:58.257791,18,0,0,0,0,Clear,8200,Firearm,,PS-004,Cold
FIR-004724,Theft,1,North District,26.931207,75.813104,2026-07-17T02:30:58.257791,2,4,1,0,0,Cloudy,8200,None,P-00469,PS-004,Under Investigation
FIR-004725,Narcotics,2,Central Zone,26.900069,75.807993,2026-07-21T18:10:58.257791,18,1,0,0,0,Fog,14500,None,P-00543,PS-007,Under Investigation
FIR-004726,Cybercrime,1,North District,26.925906,75.828181,2025-09-07T18:33:58.257791,18,6,0,1,0,Heatwave,8200,None,,PS-004,Chargesheet Filed
FIR-004727,Theft,2,Central Zone,26.906169,75.788136,2025-09-29T17:43:58.257791,17,0,0,0,0,Cloudy,14500,None,P-00053,PS-008,Chargesheet Filed
FIR-004728,Vehicle Theft,1,West Sector,26.899791,75.776959,2026-03-30T14:52:58.257791,14,0,0,0,0,Clear,9100,None,,PS-008,Chargesheet Filed
FIR-004729,Cybercrime,1,West Sector,26.897482,75.770439,2026-03-02T15:43:58.257791,15,0,0,0,0,Clear,9100,None,P-00443,PS-005,Under Investigation
FIR-004730,Burglary,2,Industrial Belt,26.854205,75.778712,2026-02-08T04:38:58.257791,4,6,1,1,0,Rain,3100,None,,PS-003,Closed
FIR-004731,Theft,1,West Sector,26.906422,75.774,2026-03-30T06:42:58.257791,6,0,0,0,0,Clear,9100,None,,PS-001,Closed
FIR-004732,Robbery,5,Central Zone,26.911533,75.805928,2026-01-01T02:23:58.257791,2,3,1,0,0,Clear,14500,Knife,,PS-007,Under Investigation
FIR-004733,Assault,5,Industrial Belt,26.853364,75.758743,2026-02-14T20:18:58.257791,20,5,1,1,0,Rain,3100,Knife,P-00351,PS-003,Chargesheet Filed
FIR-004734,Burglary,2,East Ward,26.907393,75.828654,2026-03-30T05:25:58.257791,5,0,0,0,0,Clear,10800,None,P-00596,PS-004,Chargesheet Filed
FIR-004735,Burglary,3,East Ward,26.906324,75.821036,2026-05-01T20:51:58.257791,20,4,1,0,0,Clear,10800,None,,PS-004,Cold
FIR-004736,Burglary,2,Central Zone,26.903758,75.793465,2026-01-15T10:18:58.257791,10,3,0,0,1,Clear,14500,None,P-00556,PS-003,Under Investigation
FIR-004737,Cybercrime,1,West Sector,26.887615,75.763129,2025-08-03T21:07:58.257791,21,6,1,1,0,Cloudy,9100,None,P-00282,PS-006,Chargesheet Filed
FIR-004738,Vehicle Theft,1,South Division,26.866572,75.780982,2025-08-02T17:39:58.257791,17,5,0,1,0,Clear,6400,None,P-00227,PS-003,Under Investigation
FIR-004739,Cybercrime,1,East Ward,26.909754,75.831611,2025-11-24T13:25:58.257791,13,0,0,0,0,Rain,10800,None,P-00090,PS-007,Closed
FIR-004740,Burglary,3,Central Zone,26.903958,75.805551,2026-03-05T09:51:58.257791,9,3,0,0,0,Rain,14500,None,P-00549,PS-006,Under Investigation
FIR-004741,Fraud,2,East Ward,26.895749,75.824728,2026-03-12T07:33:58.257791,7,3,0,0,0,Heatwave,10800,None,,PS-007,Cold
FIR-004742,Assault,5,Industrial Belt,26.861526,75.78007,2026-01-09T16:28:58.257791,16,4,0,0,0,Cloudy,3100,None,P-00482,PS-003,Closed
FIR-004743,Cybercrime,2,Central Zone,26.911842,75.801075,2026-03-16T16:10:58.257791,16,0,0,0,0,Clear,14500,None,P-00219,PS-006,Closed
FIR-004744,Theft,1,Central Zone,26.890618,75.799769,2025-12-24T08:33:58.257791,8,2,0,0,0,Cloudy,14500,None,P-00188,PS-006,Cold
FIR-004745,Theft,2,Riverside,26.872149,75.816069,2026-07-07T09:55:58.257791,9,1,0,0,0,Clear,5200,None,,PS-007,Chargesheet Filed
FIR-004746,Vehicle Theft,2,Central Zone,26.907436,75.807812,2026-01-02T22:55:58.257791,22,4,1,0,0,Cloudy,14500,None,P-00570,PS-008,Closed
FIR-004747,Theft,1,East Ward,26.899443,75.822819,2025-08-17T19:00:58.257791,19,6,0,1,0,Rain,10800,None,,PS-008,Closed
FIR-004748,Theft,2,Riverside,26.889158,75.802332,2025-08-10T13:56:58.257791,13,6,0,1,0,Clear,5200,None,P-00231,PS-001,Chargesheet Filed
FIR-004749,Burglary,2,East Ward,26.904653,75.831372,2026-02-01T03:51:58.257791,3,6,1,1,0,Fog,10800,None,P-00151,PS-002,Closed
FIR-004750,Theft,3,West Sector,26.892153,75.779945,2025-12-15T17:25:58.257791,17,0,0,0,1,Clear,9100,None,P-00463,PS-001,Closed
FIR-004751,Burglary,2,Industrial Belt,26.871897,75.765661,2026-07-26T07:11:58.257791,7,6,0,1,0,Clear,3100,None,,PS-008,Chargesheet Filed
FIR-004752,Fraud,1,South Division,26.86672,75.783654,2025-12-12T23:41:58.257791,23,4,1,0,0,Cloudy,6400,None,P-00580,PS-008,Chargesheet Filed
FIR-004753,Extortion,3,Old City,26.912764,75.807335,2025-07-30T12:24:58.257791,12,2,0,0,0,Clear,16200,Blunt Object,,PS-007,Under Investigation
FIR-004754,Assault,4,Central Zone,26.910701,75.810733,2026-06-26T21:02:58.257791,21,4,1,0,0,Clear,14500,Knife,,PS-007,Under Investigation
FIR-004755,Theft,3,West Sector,26.902271,75.778119,2025-07-29T00:22:58.257791,0,1,1,0,0,Heatwave,9100,None,P-00188,PS-008,Under Investigation
FIR-004756,Narcotics,4,West Sector,26.893613,75.76339,2026-04-26T19:06:58.257791,19,6,0,1,0,Clear,9100,None,,PS-001,Under Investigation
FIR-004757,Vehicle Theft,1,West Sector,26.900747,75.777014,2026-03-03T17:53:58.257791,17,1,0,0,0,Clear,9100,None,P-00143,PS-005,Under Investigation
FIR-004758,Burglary,2,Old City,26.907482,75.806426,2025-08-30T14:32:58.257791,14,5,0,1,0,Clear,16200,None,,PS-003,Under Investigation
FIR-004759,Extortion,3,Central Zone,26.902879,75.794261,2026-01-09T04:49:58.257791,4,4,1,0,0,Clear,14500,None,P-00463,PS-001,Under Investigation
FIR-004760,Robbery,5,North District,26.926141,75.829052,2026-02-24T01:08:58.257791,1,1,1,0,0,Clear,8200,Improvised,P-00302,PS-004,Under Investigation
FIR-004761,Burglary,2,Industrial Belt,26.860818,75.764451,2025-11-05T01:15:58.257791,1,2,1,0,0,Clear,3100,None,P-00130,PS-007,Under Investigation
FIR-004762,Fraud,2,Central Zone,26.897979,75.790302,2026-02-03T09:57:58.257791,9,1,0,0,0,Clear,14500,None,P-00119,PS-007,Closed
FIR-004763,Burglary,2,West Sector,26.898122,75.779584,2026-06-04T21:14:58.257791,21,3,1,0,0,Clear,9100,None,,PS-002,Under Investigation
FIR-004764,Vehicle Theft,3,Old City,26.926457,75.79538,2026-06-04T15:52:58.257791,15,3,0,0,0,Clear,16200,None,P-00060,PS-007,Under Investigation
FIR-004765,Burglary,4,Old City,26.917028,75.809802,2026-04-24T17:01:58.257791,17,4,0,0,0,Heatwave,16200,None,P-00353,PS-001,Cold
FIR-004766,Cybercrime,1,South Division,26.876606,75.793807,2026-06-03T06:43:58.257791,6,2,0,0,0,Clear,6400,None,P-00099,PS-008,Closed
FIR-004767,Robbery,5,Industrial Belt,26.855447,75.771363,2026-07-17T07:10:58.257791,7,4,0,0,0,Rain,3100,None,,PS-007,Under Investigation
FIR-004768,Assault,4,North District,26.909542,75.828304,2026-01-01T07:17:58.257791,7,3,0,0,0,Clear,8200,Knife,P-00569,PS-001,Under Investigation
FIR-004769,Robbery,5,Industrial Belt,26.855018,75.764888,2025-12-13T23:49:58.257791,23,5,1,1,0,Clear,3100,Improvised,,PS-006,Chargesheet Filed
FIR-004770,Fraud,1,Central Zone,26.903393,75.794398,2026-04-22T20:29:58.257791,20,2,1,0,0,Clear,14500,None,P-00245,PS-001,Chargesheet Filed
FIR-004771,Cybercrime,1,Old City,26.91765,75.803718,2026-06-23T22:50:58.257791,22,1,1,0,0,Rain,16200,None,P-00095,PS-003,Under Investigation
FIR-004772,Fraud,2,Central Zone,26.88962,75.811955,2025-08-16T05:24:58.257791,5,5,0,1,0,Cloudy,14500,None,,PS-003,Under Investigation
FIR-004773,Kidnapping,5,Riverside,26.882043,75.808176,2026-07-17T23:56:58.257791,23,4,1,0,0,Rain,5200,Improvised,P-00064,PS-003,Closed
FIR-004774,Robbery,4,Industrial Belt,26.851929,75.761987,2025-09-29T21:28:58.257791,21,0,1,0,0,Cloudy,3100,None,,PS-002,Under Investigation
FIR-004775,Cybercrime,2,Central Zone,26.907625,75.801969,2025-11-18T19:56:58.257791,19,1,0,0,0,Clear,14500,None,P-00531,PS-001,Under Investigation
FIR-004776,Fraud,3,East Ward,26.916813,75.819876,2026-06-12T15:27:58.257791,15,4,0,0,0,Rain,10800,None,,PS-003,Under Investigation
FIR-004777,Fraud,1,Old City,26.921178,75.797006,2026-01-03T01:28:58.257791,1,5,1,1,0,Clear,16200,None,P-00247,PS-002,Cold
FIR-004778,Fraud,3,Riverside,26.874488,75.799841,2026-07-02T12:04:58.257791,12,3,0,0,0,Cloudy,5200,None,P-00429,PS-002,Under Investigation
FIR-004779,Assault,2,Industrial Belt,26.869051,75.772039,2026-03-14T07:44:58.257791,7,5,0,1,0,Clear,3100,None,P-00554,PS-008,Under Investigation
FIR-004780,Theft,3,Old City,26.906546,75.79952,2026-06-18T13:38:58.257791,13,3,0,0,0,Cloudy,16200,None,P-00278,PS-003,Chargesheet Filed
FIR-004781,Cybercrime,2,Industrial Belt,26.853806,75.762123,2025-09-09T07:25:58.257791,7,1,0,0,0,Rain,3100,None,P-00588,PS-008,Chargesheet Filed
FIR-004782,Theft,3,East Ward,26.915448,75.831357,2026-06-20T16:53:58.257791,16,5,0,1,0,Cloudy,10800,None,,PS-007,Under Investigation
FIR-004783,Assault,4,Riverside,26.8736,75.821408,2026-06-20T19:33:58.257791,19,5,0,1,0,Clear,5200,None,,PS-003,Under Investigation
FIR-004784,Narcotics,3,Riverside,26.87562,75.814205,2025-09-07T06:55:58.257791,6,6,0,1,0,Cloudy,5200,None,,PS-006,Under Investigation
FIR-004785,Vehicle Theft,1,Central Zone,26.900957,75.802172,2025-09-12T16:31:58.257791,16,4,0,0,0,Cloudy,14500,None,P-00208,PS-003,Closed
FIR-004786,Burglary,2,North District,26.929094,75.824225,2026-02-01T12:02:58.257791,12,6,0,1,0,Cloudy,8200,None,P-00110,PS-003,Cold
FIR-004787,Theft,2,Central Zone,26.906623,75.790796,2026-05-05T13:20:58.257791,13,1,0,0,0,Clear,14500,None,P-00041,PS-001,Under Investigation
FIR-004788,Fraud,1,North District,26.918635,75.82994,2026-05-15T22:54:58.257791,22,4,1,0,1,Fog,8200,None,P-00238,PS-006,Closed
FIR-004789,Burglary,2,Old City,26.916608,75.797582,2025-09-24T13:12:58.257791,13,2,0,0,0,Heatwave,16200,None,P-00167,PS-007,Chargesheet Filed
FIR-004790,Fraud,3,North District,26.930495,75.823687,2026-02-08T09:34:58.257791,9,6,0,1,0,Fog,8200,None,P-00364,PS-003,Chargesheet Filed
FIR-004791,Burglary,4,Central Zone,26.904657,75.790903,2026-05-24T15:52:58.257791,15,6,0,1,0,Clear,14500,None,,PS-006,Under Investigation
FIR-004792,Theft,3,Industrial Belt,26.868676,75.770649,2025-08-11T13:29:58.257791,13,0,0,0,0,Heatwave,3100,None,,PS-005,Closed
FIR-004793,Theft,2,Industrial Belt,26.869799,75.75863,2025-09-13T00:34:58.257791,0,5,1,1,0,Clear,3100,None,P-00491,PS-002,Under Investigation
FIR-004794,Fraud,3,East Ward,26.906929,75.830273,2025-10-19T19:50:58.257791,19,6,0,1,0,Cloudy,10800,None,,PS-007,Under Investigation
FIR-004795,Narcotics,4,East Ward,26.915283,75.832877,2026-01-07T01:11:58.257791,1,2,1,0,0,Rain,10800,None,P-00145,PS-001,Under Investigation
FIR-004796,Narcotics,3,Riverside,26.879482,75.816066,2025-11-23T06:03:58.257791,6,6,0,1,0,Cloudy,5200,None,P-00064,PS-006,Under Investigation
FIR-004797,Robbery,5,East Ward,26.898432,75.836502,2026-07-24T18:37:58.257791,18,4,0,0,0,Rain,10800,None,P-00301,PS-005,Closed
FIR-004798,Burglary,3,Old City,26.913757,75.814417,2026-02-15T02:48:58.257791,2,6,1,1,1,Rain,16200,None,P-00048,PS-003,Cold
FIR-004799,Narcotics,2,Riverside,26.879386,75.808667,2026-05-09T13:36:58.257791,13,5,0,1,0,Clear,5200,None,P-00396,PS-002,Under Investigation
FIR-004800,Burglary,4,West Sector,26.902664,75.77662,2025-10-02T12:57:58.257791,12,3,0,0,0,Cloudy,9100,None,P-00190,PS-001,Under Investigation
FIR-004801,Cybercrime,3,Industrial Belt,26.868685,75.764781,2026-01-13T11:32:58.257791,11,1,0,0,0,Clear,3100,None,,PS-003,Under Investigation
FIR-004802,Extortion,3,Central Zone,26.908153,75.805372,2025-12-05T04:45:58.257791,4,4,1,0,0,Rain,14500,Firearm,,PS-001,Chargesheet Filed
FIR-004803,Cybercrime,1,Central Zone,26.891273,75.80915,2025-08-12T10:38:58.257791,10,1,0,0,0,Cloudy,14500,None,,PS-005,Under Investigation
FIR-004804,Narcotics,4,South Division,26.863924,75.785164,2026-01-02T18:57:58.257791,18,4,0,0,0,Clear,6400,None,P-00106,PS-001,Under Investigation
FIR-004805,Fraud,2,East Ward,26.907973,75.839777,2025-08-15T21:19:58.257791,21,4,1,0,1,Rain,10800,None,,PS-004,Under Investigation
FIR-004806,Assault,5,East Ward,26.89374,75.837267,2025-09-13T20:51:58.257791,20,5,1,1,0,Cloudy,10800,Improvised,,PS-002,Under Investigation
FIR-004807,Assault,5,West Sector,26.894119,75.766433,2026-06-03T01:41:58.257791,1,2,1,0,0,Clear,9100,Firearm,,PS-007,Under Investigation
FIR-004808,Theft,3,Central Zone,26.90951,75.808237,2025-07-28T16:48:58.257791,16,0,0,0,0,Cloudy,14500,None,P-00469,PS-003,Closed
FIR-004809,Theft,2,Old City,26.909974,75.805791,2025-08-24T06:38:58.257791,6,6,0,1,0,Cloudy,16200,None,,PS-005,Under Investigation
FIR-004810,Robbery,5,South Division,26.869016,75.780331,2026-02-10T00:34:58.257791,0,1,1,0,0,Heatwave,6400,Firearm,P-00159,PS-005,Chargesheet Filed
FIR-004811,Robbery,4,Central Zone,26.895495,75.793385,2026-05-10T06:21:58.257791,6,6,0,1,0,Clear,14500,None,P-00401,PS-006,Cold
FIR-004812,Theft,3,North District,26.925397,75.822945,2026-02-27T10:02:58.257791,10,4,0,0,0,Clear,8200,None,P-00219,PS-007,Under Investigation
FIR-004813,Robbery,4,South Division,26.858805,75.781199,2025-12-23T06:34:58.257791,6,1,0,0,0,Fog,6400,Improvised,,PS-001,Chargesheet Filed
FIR-004814,Theft,2,North District,26.930286,75.830053,2026-03-28T13:30:58.257791,13,5,0,1,0,Cloudy,8200,None,P-00192,PS-002,Under Investigation
FIR-004815,Theft,3,Old City,26.924789,75.804842,2025-10-16T09:19:58.257791,9,3,0,0,0,Cloudy,16200,None,,PS-008,Closed
FIR-004816,Burglary,2,Industrial Belt,26.855291,75.777207,2026-02-28T20:45:58.257791,20,5,1,1,0,Heatwave,3100,None,,PS-004,Chargesheet Filed
FIR-004817,Kidnapping,5,Riverside,26.881512,75.820467,2025-11-03T06:02:58.257791,6,0,0,0,0,Cloudy,5200,None,P-00094,PS-004,Under Investigation
FIR-004818,Narcotics,4,Central Zone,26.897718,75.809547,2026-02-27T05:56:58.257791,5,4,0,0,0,Rain,14500,None,,PS-007,Chargesheet Filed
FIR-004819,Burglary,2,East Ward,26.911185,75.819539,2026-04-20T20:15:58.257791,20,0,1,0,0,Clear,10800,None,,PS-003,Under Investigation
FIR-004820,Theft,1,Old City,26.926749,75.814859,2026-05-20T08:53:58.257791,8,2,0,0,0,Clear,16200,None,,PS-003,Closed
FIR-004821,Fraud,2,Old City,26.924351,75.815989,2025-10-05T20:42:58.257791,20,6,1,1,0,Clear,16200,None,,PS-007,Chargesheet Filed
FIR-004822,Burglary,4,South Division,26.872905,75.7913,2025-09-20T07:21:58.257791,7,5,0,1,0,Clear,6400,None,P-00312,PS-008,Closed
FIR-004823,Burglary,4,Old City,26.911366,75.816535,2026-03-13T10:45:58.257791,10,4,0,0,0,Clear,16200,None,P-00014,PS-007,Under Investigation
FIR-004824,Theft,2,Old City,26.909389,75.809254,2026-04-15T09:47:58.257791,9,2,0,0,1,Clear,16200,None,,PS-008,Closed
FIR-004825,Cybercrime,3,Industrial Belt,26.868224,75.776225,2026-07-15T05:24:58.257791,5,2,0,0,1,Cloudy,3100,None,,PS-008,Closed
FIR-004826,Theft,3,North District,26.931612,75.824436,2025-10-09T15:13:58.257791,15,3,0,0,0,Cloudy,8200,None,P-00372,PS-004,Under Investigation
FIR-004827,Theft,3,South Division,26.861207,75.797344,2025-12-09T22:58:58.257791,22,1,1,0,0,Clear,6400,None,P-00005,PS-002,Chargesheet Filed
FIR-004828,Vehicle Theft,2,East Ward,26.897587,75.831603,2025-10-12T09:22:58.257791,9,6,0,1,0,Clear,10800,None,,PS-004,Cold
FIR-004829,Fraud,2,South Division,26.876104,75.797553,2026-06-12T14:20:58.257791,14,4,0,0,0,Clear,6400,None,,PS-003,Under Investigation
FIR-004830,Theft,1,West Sector,26.902682,75.771167,2026-03-14T08:04:58.257791,8,5,0,1,0,Clear,9100,None,P-00481,PS-005,Under Investigation
FIR-004831,Fraud,1,North District,26.926417,75.819646,2026-03-17T20:35:58.257791,20,1,1,0,0,Rain,8200,None,P-00367,PS-005,Closed
FIR-004832,Theft,1,North District,26.924999,75.81762,2026-01-04T06:07:58.257791,6,6,0,1,0,Heatwave,8200,None,P-00565,PS-001,Chargesheet Filed
FIR-004833,Theft,3,East Ward,26.901513,75.827856,2026-04-05T22:30:58.257791,22,6,1,1,0,Clear,10800,None,,PS-001,Under Investigation
FIR-004834,Theft,2,Central Zone,26.903039,75.808772,2026-04-18T18:16:58.257791,18,5,0,1,0,Cloudy,14500,None,,PS-006,Closed
FIR-004835,Narcotics,3,Industrial Belt,26.852119,75.763442,2026-06-20T06:44:58.257791,6,5,0,1,0,Clear,3100,None,P-00244,PS-005,Under Investigation
FIR-004836,Burglary,3,Industrial Belt,26.870659,75.780124,2026-02-25T18:01:58.257791,18,2,0,0,0,Cloudy,3100,None,P-00056,PS-007,Cold
FIR-004837,Burglary,3,South Division,26.870608,75.798346,2026-03-15T04:29:58.257791,4,6,1,1,1,Rain,6400,None,P-00109,PS-004,Chargesheet Filed
FIR-004838,Burglary,4,South Division,26.858537,75.788804,2025-08-28T19:38:58.257791,19,3,0,0,0,Clear,6400,None,P-00275,PS-007,Closed
FIR-004839,Assault,4,West Sector,26.903072,75.770585,2025-10-02T03:37:58.257791,3,3,1,0,0,Clear,9100,Firearm,,PS-001,Closed
FIR-004840,Robbery,5,South Division,26.862384,75.7853,2026-02-24T02:10:58.257791,2,1,1,0,0,Cloudy,6400,Improvised,,PS-007,Under Investigation
FIR-004841,Assault,4,Riverside,26.869902,75.821979,2025-08-27T03:40:58.257791,3,2,1,0,0,Clear,5200,Blunt Object,,PS-001,Under Investigation
FIR-004842,Cybercrime,3,Central Zone,26.898128,75.809035,2025-10-04T22:18:58.257791,22,5,1,1,0,Cloudy,14500,None,,PS-007,Under Investigation
FIR-004843,Extortion,5,West Sector,26.906768,75.764561,2025-12-16T16:37:58.257791,16,1,0,0,0,Rain,9100,None,P-00482,PS-007,Under Investigation
FIR-004844,Robbery,5,Old City,26.926078,75.812788,2026-05-08T05:57:58.257791,5,4,0,0,0,Clear,16200,Improvised,P-00071,PS-004,Chargesheet Filed
FIR-004845,Theft,1,West Sector,26.900139,75.774362,2026-03-21T05:21:58.257791,5,5,0,1,0,Clear,9100,None,P-00482,PS-005,Under Investigation
FIR-004846,Fraud,1,Industrial Belt,26.869488,75.759244,2025-09-01T11:15:58.257791,11,0,0,0,0,Cloudy,3100,None,P-00055,PS-007,Under Investigation
FIR-004847,Vehicle Theft,1,Old City,26.909761,75.804205,2025-11-22T04:37:58.257791,4,5,1,1,0,Rain,16200,None,,PS-002,Closed
FIR-004848,Robbery,4,Old City,26.9085,75.801041,2026-07-21T20:00:58.257791,20,1,1,0,0,Clear,16200,Firearm,,PS-002,Under Investigation
FIR-004849,Theft,3,South Division,26.879435,75.787409,2026-02-18T16:02:58.257791,16,2,0,0,0,Heatwave,6400,None,,PS-001,Chargesheet Filed
FIR-004850,Burglary,3,Old City,26.904647,75.813014,2025-07-28T16:00:58.257791,16,0,0,0,0,Cloudy,16200,None,,PS-003,Under Investigation
FIR-004851,Narcotics,3,West Sector,26.903942,75.769103,2025-10-14T06:47:58.257791,6,1,0,0,0,Clear,9100,None,P-00491,PS-008,Closed
FIR-004852,Extortion,3,North District,26.92896,75.820867,2025-12-12T20:48:58.257791,20,4,1,0,0,Clear,8200,Blunt Object,P-00538,PS-001,Chargesheet Filed
FIR-004853,Vehicle Theft,2,Riverside,26.871749,75.798664,2025-08-08T16:34:58.257791,16,4,0,0,0,Clear,5200,None,,PS-002,Cold
FIR-004854,Burglary,2,Old City,26.923802,75.80467,2026-01-31T03:37:58.257791,3,5,1,1,0,Rain,16200,None,,PS-002,Under Investigation
FIR-004855,Assault,3,Central Zone,26.897968,75.800101,2025-09-04T03:07:58.257791,3,3,1,0,0,Cloudy,14500,Firearm,P-00237,PS-005,Cold
FIR-004856,Fraud,3,West Sector,26.893734,75.782722,2026-05-11T16:47:58.257791,16,0,0,0,0,Rain,9100,None,,PS-007,Under Investigation
FIR-004857,Burglary,4,Old City,26.919793,75.79981,2026-04-02T19:43:58.257791,19,3,0,0,0,Clear,16200,None,,PS-003,Closed
FIR-004858,Theft,3,North District,26.931233,75.812272,2026-04-29T20:36:58.257791,20,2,1,0,0,Clear,8200,None,,PS-006,Chargesheet Filed
FIR-004859,Theft,1,Riverside,26.868202,75.816443,2026-06-18T06:56:58.257791,6,3,0,0,0,Clear,5200,None,P-00193,PS-003,Under Investigation
FIR-004860,Cybercrime,2,Central Zone,26.888873,75.804647,2025-07-31T13:17:58.257791,13,3,0,0,0,Fog,14500,None,P-00489,PS-006,Under Investigation
FIR-004861,Vehicle Theft,3,North District,26.924411,75.819922,2026-01-28T04:15:58.257791,4,2,1,0,0,Clear,8200,None,P-00297,PS-002,Chargesheet Filed
FIR-004862,Narcotics,4,Riverside,26.885558,75.811909,2026-03-17T10:41:58.257791,10,1,0,0,0,Clear,5200,None,P-00528,PS-001,Closed
FIR-004863,Burglary,2,East Ward,26.902354,75.838777,2025-08-27T05:15:58.257791,5,2,0,0,0,Clear,10800,None,P-00596,PS-003,Chargesheet Filed
FIR-004864,Narcotics,2,West Sector,26.89522,75.782499,2025-09-13T19:05:58.257791,19,5,0,1,0,Clear,9100,None,P-00001,PS-003,Under Investigation
FIR-004865,Assault,5,South Division,26.875563,75.788198,2026-03-29T07:33:58.257791,7,6,0,1,0,Cloudy,6400,Improvised,P-00056,PS-001,Cold
FIR-004866,Extortion,5,East Ward,26.910609,75.829891,2025-08-28T18:21:58.257791,18,3,0,0,0,Cloudy,10800,Improvised,P-00561,PS-006,Under Investigation
FIR-004867,Theft,2,West Sector,26.902031,75.765226,2026-06-15T07:53:58.257791,7,0,0,0,1,Fog,9100,None,,PS-002,Closed
FIR-004868,Cybercrime,1,North District,26.916029,75.820814,2026-06-26T14:12:58.257791,14,4,0,0,0,Rain,8200,None,,PS-005,Chargesheet Filed
FIR-004869,Assault,5,Industrial Belt,26.852995,75.779595,2025-11-29T14:22:58.257791,14,5,0,1,0,Clear,3100,Knife,,PS-003,Closed
FIR-004870,Cybercrime,2,Old City,26.926584,75.79492,2026-02-04T12:32:58.257791,12,2,0,0,0,Cloudy,16200,None,P-00272,PS-003,Under Investigation
FIR-004871,Theft,2,Central Zone,26.893076,75.793458,2025-09-16T14:16:58.257791,14,1,0,0,0,Clear,14500,None,,PS-006,Under Investigation
FIR-004872,Theft,1,Old City,26.912244,75.813914,2026-02-18T12:18:58.257791,12,2,0,0,0,Clear,16200,None,P-00109,PS-006,Under Investigation
FIR-004873,Vehicle Theft,3,Industrial Belt,26.851549,75.774365,2025-11-30T13:06:58.257791,13,6,0,1,0,Clear,3100,None,P-00564,PS-002,Under Investigation
FIR-004874,Cybercrime,1,South Division,26.860704,75.789604,2026-01-31T05:36:58.257791,5,5,0,1,0,Clear,6400,None,P-00119,PS-002,Under Investigation
FIR-004875,Narcotics,4,North District,26.922437,75.813699,2026-07-17T12:50:58.257791,12,4,0,0,0,Cloudy,8200,None,P-00438,PS-008,Under Investigation
FIR-004876,Burglary,2,Central Zone,26.907143,75.803123,2026-06-07T13:14:58.257791,13,6,0,1,0,Clear,14500,None,,PS-007,Chargesheet Filed
FIR-004877,Theft,1,East Ward,26.893229,75.837105,2026-03-03T00:12:58.257791,0,1,1,0,0,Cloudy,10800,None,,PS-007,Chargesheet Filed
FIR-004878,Vehicle Theft,2,West Sector,26.906894,75.766281,2025-12-01T08:37:58.257791,8,0,0,0,0,Cloudy,9100,None,P-00388,PS-006,Under Investigation
FIR-004879,Robbery,3,North District,26.915198,75.811176,2025-11-04T21:00:58.257791,21,1,1,0,0,Clear,8200,Firearm,P-00073,PS-006,Chargesheet Filed
FIR-004880,Burglary,3,North District,26.914029,75.811725,2025-10-05T09:36:58.257791,9,6,0,1,0,Clear,8200,None,P-00108,PS-003,Closed
FIR-004881,Burglary,4,Riverside,26.870533,75.814178,2025-10-28T13:51:58.257791,13,1,0,0,0,Cloudy,5200,None,P-00448,PS-008,Closed
FIR-004882,Robbery,5,Central Zone,26.89077,75.791972,2025-10-02T14:23:58.257791,14,3,0,0,0,Fog,14500,None,,PS-007,Under Investigation
FIR-004883,Extortion,3,North District,26.925712,75.821375,2025-12-11T15:51:58.257791,15,3,0,0,0,Fog,8200,Blunt Object,,PS-008,Under Investigation
FIR-004884,Narcotics,4,South Division,26.877086,75.799625,2025-09-03T05:35:58.257791,5,2,0,0,0,Clear,6400,None,P-00555,PS-005,Under Investigation
FIR-004885,Burglary,2,North District,26.931385,75.8241,2025-08-26T04:07:58.257791,4,1,1,0,0,Cloudy,8200,None,P-00517,PS-007,Under Investigation
FIR-004886,Robbery,5,Industrial Belt,26.863197,75.766616,2025-11-16T22:19:58.257791,22,6,1,1,0,Clear,3100,Improvised,P-00160,PS-004,Under Investigation
FIR-004887,Fraud,1,South Division,26.86163,75.78566,2025-12-17T13:28:58.257791,13,2,0,0,0,Clear,6400,None,,PS-008,Closed
FIR-004888,Theft,2,Old City,26.916162,75.798791,2025-10-15T14:17:58.257791,14,2,0,0,1,Rain,16200,None,P-00217,PS-006,Cold
FIR-004889,Burglary,4,Old City,26.925804,75.814439,2026-02-18T22:15:58.257791,22,2,1,0,0,Clear,16200,None,P-00382,PS-006,Cold
FIR-004890,Theft,2,East Ward,26.904322,75.834417,2026-06-17T10:27:58.257791,10,2,0,0,0,Rain,10800,None,P-00549,PS-006,Chargesheet Filed
FIR-004891,Narcotics,2,Industrial Belt,26.850968,75.778728,2026-01-14T00:36:58.257791,0,2,1,0,0,Cloudy,3100,None,,PS-004,Chargesheet Filed
FIR-004892,Theft,1,Old City,26.905513,75.81304,2025-11-09T22:38:58.257791,22,6,1,1,0,Rain,16200,None,P-00556,PS-008,Under Investigation
FIR-004893,Fraud,3,West Sector,26.883723,75.782044,2025-09-11T12:20:58.257791,12,3,0,0,0,Clear,9100,None,,PS-004,Under Investigation
FIR-004894,Vehicle Theft,1,North District,26.908041,75.809326,2026-03-07T04:50:58.257791,4,5,1,1,0,Rain,8200,None,P-00580,PS-008,Under Investigation
FIR-004895,Fraud,3,North District,26.9291,75.809374,2025-12-04T10:09:58.257791,10,3,0,0,0,Clear,8200,None,,PS-007,Under Investigation
FIR-004896,Vehicle Theft,2,South Division,26.861736,75.799025,2026-06-26T20:11:58.257791,20,4,1,0,0,Rain,6400,None,P-00176,PS-004,Under Investigation
FIR-004897,Burglary,3,Old City,26.919689,75.814648,2026-05-16T05:08:58.257791,5,5,0,1,0,Cloudy,16200,None,,PS-003,Under Investigation
FIR-004898,Extortion,3,West Sector,26.891837,75.777429,2026-05-08T10:14:58.257791,10,4,0,0,0,Clear,9100,Improvised,P-00477,PS-001,Chargesheet Filed
FIR-004899,Theft,1,Riverside,26.868955,75.812713,2025-10-19T07:29:58.257791,7,6,0,1,0,Clear,5200,None,P-00110,PS-008,Cold
FIR-004900,Theft,1,Riverside,26.8683,75.811196,2026-01-16T19:22:58.257791,19,4,0,0,0,Clear,5200,None,P-00272,PS-003,Under Investigation
FIR-004901,Robbery,3,South Division,26.869879,75.799065,2026-07-09T03:23:58.257791,3,3,1,0,0,Clear,6400,Blunt Object,P-00384,PS-004,Under Investigation
FIR-004902,Kidnapping,5,Industrial Belt,26.858541,75.7798,2025-11-23T11:16:58.257791,11,6,0,1,0,Fog,3100,Blunt Object,,PS-004,Under Investigation
FIR-004903,Burglary,3,Riverside,26.889141,75.815022,2026-03-26T22:26:58.257791,22,3,1,0,0,Rain,5200,None,,PS-005,Closed
FIR-004904,Burglary,4,Old City,26.906495,75.797185,2025-08-11T20:02:58.257791,20,0,1,0,0,Clear,16200,None,,PS-005,Cold
FIR-004905,Burglary,3,East Ward,26.896642,75.821378,2026-03-19T19:50:58.257791,19,3,0,0,0,Cloudy,10800,None,P-00170,PS-007,Under Investigation
FIR-004906,Cybercrime,2,North District,26.91613,75.825577,2026-04-28T09:41:58.257791,9,1,0,0,0,Cloudy,8200,None,P-00382,PS-004,Under Investigation
FIR-004907,Cybercrime,3,Old City,26.924947,75.81096,2025-07-29T11:28:58.257791,11,1,0,0,0,Rain,16200,None,,PS-004,Under Investigation
FIR-004908,Fraud,1,South Division,26.86942,75.786528,2026-02-11T03:09:58.257791,3,2,1,0,0,Rain,6400,None,,PS-003,Chargesheet Filed
FIR-004909,Fraud,2,Riverside,26.875717,75.819975,2025-11-21T12:55:58.257791,12,4,0,0,0,Cloudy,5200,None,P-00024,PS-004,Under Investigation
FIR-004910,Burglary,4,East Ward,26.897187,75.841114,2026-03-22T00:37:58.257791,0,6,1,1,0,Cloudy,10800,None,P-00148,PS-004,Under Investigation
FIR-004911,Fraud,3,Old City,26.9127,75.793953,2026-06-21T04:46:58.257791,4,6,1,1,0,Fog,16200,None,,PS-003,Closed
FIR-004912,Vehicle Theft,1,West Sector,26.890008,75.779438,2026-03-03T08:08:58.257791,8,1,0,0,0,Clear,9100,None,P-00172,PS-004,Under Investigation
FIR-004913,Assault,4,Old City,26.903154,75.815478,2026-07-13T13:58:58.257791,13,0,0,0,0,Fog,16200,Firearm,P-00439,PS-008,Cold
FIR-004914,Assault,4,North District,26.909728,75.831362,2026-04-14T09:51:58.257791,9,1,0,0,0,Cloudy,8200,Firearm,P-00103,PS-003,Closed
FIR-004915,Fraud,3,South Division,26.87546,75.795759,2025-11-05T18:19:58.257791,18,2,0,0,0,Clear,6400,None,P-00278,PS-005,Under Investigation
FIR-004916,Burglary,3,North District,26.928393,75.814169,2026-03-17T11:35:58.257791,11,1,0,0,0,Rain,8200,None,P-00306,PS-006,Chargesheet Filed
FIR-004917,Theft,3,West Sector,26.884562,75.780218,2026-04-15T13:26:58.257791,13,2,0,0,1,Cloudy,9100,None,P-00220,PS-002,Under Investigation
FIR-004918,Burglary,2,East Ward,26.905765,75.839579,2026-04-20T05:17:58.257791,5,0,0,0,0,Rain,10800,None,P-00294,PS-008,Under Investigation
FIR-004919,Fraud,3,North District,26.919792,75.809418,2025-11-24T07:59:58.257791,7,0,0,0,0,Fog,8200,None,,PS-005,Under Investigation
FIR-004920,Burglary,3,East Ward,26.896532,75.832385,2026-01-25T20:03:58.257791,20,6,1,1,0,Clear,10800,None,,PS-004,Under Investigation
FIR-004921,Fraud,1,Riverside,26.888484,75.802714,2026-06-18T18:14:58.257791,18,3,0,0,0,Fog,5200,None,,PS-003,Under Investigation
FIR-004922,Narcotics,2,Old City,26.918037,75.794591,2025-07-27T23:54:58.257791,23,6,1,1,0,Cloudy,16200,None,,PS-005,Under Investigation
FIR-004923,Burglary,3,East Ward,26.90764,75.83085,2026-02-17T21:00:58.257791,21,1,1,0,0,Cloudy,10800,None,,PS-003,Under Investigation
FIR-004924,Narcotics,2,Old City,26.915944,75.807691,2025-09-25T15:17:58.257791,15,3,0,0,0,Heatwave,16200,None,P-00555,PS-006,Under Investigation
FIR-004925,Narcotics,4,Riverside,26.870262,75.803036,2025-09-04T20:09:58.257791,20,3,1,0,0,Fog,5200,None,P-00388,PS-001,Chargesheet Filed
FIR-004926,Robbery,3,North District,26.912049,75.824582,2026-03-19T06:55:58.257791,6,3,0,0,0,Cloudy,8200,Knife,P-00188,PS-003,Under Investigation
FIR-004927,Fraud,3,Industrial Belt,26.863844,75.775947,2025-12-04T22:33:58.257791,22,3,1,0,0,Clear,3100,None,,PS-002,Cold
FIR-004928,Fraud,2,Central Zone,26.903635,75.796126,2025-09-22T17:08:58.257791,17,0,0,0,0,Heatwave,14500,None,,PS-008,Under Investigation
FIR-004929,Burglary,4,North District,26.91134,75.814811,2025-12-03T21:17:58.257791,21,2,1,0,0,Clear,8200,None,P-00015,PS-007,Closed
FIR-004930,Assault,4,North District,26.915719,75.8308,2025-12-07T19:53:58.257791,19,6,0,1,0,Rain,8200,Improvised,P-00020,PS-005,Chargesheet Filed
FIR-004931,Theft,3,Old City,26.910374,75.802781,2025-12-12T02:13:58.257791,2,4,1,0,0,Clear,16200,None,P-00350,PS-001,Closed
FIR-004932,Fraud,1,Central Zone,26.907295,75.792393,2026-04-14T15:21:58.257791,15,1,0,0,0,Cloudy,14500,None,P-00554,PS-004,Chargesheet Filed
FIR-004933,Narcotics,2,Industrial Belt,26.868807,75.781663,2026-03-08T18:29:58.257791,18,6,0,1,0,Cloudy,3100,None,P-00564,PS-002,Closed
FIR-004934,Theft,1,North District,26.910898,75.816979,2026-07-24T04:23:58.257791,4,4,1,0,0,Cloudy,8200,None,,PS-006,Cold
FIR-004935,Cybercrime,3,Central Zone,26.899341,75.792898,2026-05-18T13:06:58.257791,13,0,0,0,0,Fog,14500,None,,PS-007,Under Investigation
FIR-004936,Narcotics,2,East Ward,26.909869,75.822352,2025-08-09T03:40:58.257791,3,5,1,1,0,Fog,10800,None,,PS-003,Under Investigation
FIR-004937,Fraud,1,North District,26.924975,75.811284,2026-07-05T16:31:58.257791,16,6,0,1,0,Clear,8200,None,,PS-007,Closed
FIR-004938,Theft,2,Industrial Belt,26.861713,75.762665,2026-07-22T13:21:58.257791,13,2,0,0,0,Clear,3100,None,P-00170,PS-004,Closed
FIR-004939,Robbery,5,West Sector,26.891199,75.770194,2025-11-24T05:14:58.257791,5,0,0,0,0,Clear,9100,None,,PS-008,Under Investigation
FIR-004940,Burglary,2,West Sector,26.886662,75.78012,2026-02-21T03:24:58.257791,3,5,1,1,0,Cloudy,9100,None,,PS-007,Under Investigation
FIR-004941,Robbery,4,Old City,26.903047,75.807797,2026-06-15T21:11:58.257791,21,0,1,0,1,Fog,16200,Knife,,PS-007,Under Investigation
FIR-004942,Narcotics,4,Central Zone,26.89124,75.788479,2026-05-28T22:18:58.257791,22,3,1,0,0,Clear,14500,None,,PS-006,Under Investigation
FIR-004943,Vehicle Theft,3,South Division,26.881409,75.783722,2025-11-10T10:58:58.257791,10,0,0,0,0,Clear,6400,None,P-00461,PS-003,Under Investigation
FIR-004944,Cybercrime,3,South Division,26.872777,75.79999,2026-01-18T15:01:58.257791,15,6,0,1,0,Clear,6400,None,,PS-007,Chargesheet Filed
FIR-004945,Fraud,3,Riverside,26.878694,75.802231,2025-11-23T12:54:58.257791,12,6,0,1,0,Clear,5200,None,P-00403,PS-006,Closed
FIR-004946,Burglary,2,East Ward,26.90672,75.839866,2025-08-15T08:06:58.257791,8,4,0,0,1,Rain,10800,None,,PS-006,Closed
FIR-004947,Fraud,3,Old City,26.924091,75.803449,2025-12-15T06:30:58.257791,6,0,0,0,1,Heatwave,16200,None,P-00489,PS-008,Under Investigation
FIR-004948,Extortion,3,Industrial Belt,26.870689,75.773077,2026-07-16T17:09:58.257791,17,3,0,0,0,Fog,3100,Firearm,P-00527,PS-006,Closed
FIR-004949,Theft,2,Riverside,26.884676,75.80796,2025-10-14T19:47:58.257791,19,1,0,0,0,Fog,5200,None,P-00397,PS-001,Closed
FIR-004950,Cybercrime,3,South Division,26.86223,75.780456,2025-11-16T04:49:58.257791,4,6,1,1,0,Rain,6400,None,P-00301,PS-008,Closed
FIR-004951,Burglary,2,Central Zone,26.909395,75.796886,2026-05-15T02:50:58.257791,2,4,1,0,1,Cloudy,14500,None,,PS-002,Under Investigation
FIR-004952,Assault,2,South Division,26.881342,75.787826,2025-08-24T08:03:58.257791,8,6,0,1,0,Fog,6400,Knife,,PS-008,Under Investigation
FIR-004953,Vehicle Theft,2,Industrial Belt,26.859294,75.766752,2025-12-16T08:50:58.257791,8,1,0,0,0,Clear,3100,None,P-00312,PS-003,Under Investigation
FIR-004954,Fraud,2,Central Zone,26.895981,75.803178,2026-01-24T22:18:58.257791,22,5,1,1,0,Cloudy,14500,None,,PS-008,Under Investigation
FIR-004955,Narcotics,2,Old City,26.923883,75.803065,2025-09-26T21:01:58.257791,21,4,1,0,0,Rain,16200,None,P-00237,PS-006,Cold
FIR-004956,Vehicle Theft,1,North District,26.923052,75.822294,2026-07-02T01:52:58.257791,1,3,1,0,0,Cloudy,8200,None,P-00119,PS-008,Chargesheet Filed
FIR-004957,Assault,3,South Division,26.864864,75.782679,2026-01-28T13:36:58.257791,13,2,0,0,0,Clear,6400,Knife,P-00413,PS-004,Closed
FIR-004958,Theft,1,East Ward,26.904683,75.840567,2025-08-01T21:38:58.257791,21,4,1,0,0,Cloudy,10800,None,,PS-002,Closed
FIR-004959,Robbery,5,East Ward,26.901245,75.824251,2026-05-23T01:25:58.257791,1,5,1,1,0,Clear,10800,Blunt Object,P-00244,PS-002,Under Investigation
FIR-004960,Vehicle Theft,2,East Ward,26.906264,75.830716,2025-08-24T00:39:58.257791,0,6,1,1,0,Cloudy,10800,None,,PS-005,Chargesheet Filed
FIR-004961,Vehicle Theft,2,Old City,26.90826,75.798595,2025-09-12T12:03:58.257791,12,4,0,0,0,Rain,16200,None,P-00094,PS-006,Under Investigation
FIR-004962,Burglary,4,West Sector,26.891733,75.783617,2025-10-06T00:44:58.257791,0,0,1,0,0,Clear,9100,None,,PS-004,Cold
FIR-004963,Theft,2,East Ward,26.909309,75.82968,2026-06-07T11:06:58.257791,11,6,0,1,0,Clear,10800,None,,PS-004,Under Investigation
FIR-004964,Narcotics,4,East Ward,26.915418,75.832455,2026-01-10T11:01:58.257791,11,5,0,1,0,Cloudy,10800,None,P-00551,PS-002,Under Investigation
FIR-004965,Burglary,3,South Division,26.869716,75.787681,2025-08-02T04:30:58.257791,4,5,1,1,0,Clear,6400,None,P-00131,PS-008,Under Investigation
FIR-004966,Burglary,4,North District,26.919493,75.815049,2025-11-26T06:09:58.257791,6,2,0,0,0,Cloudy,8200,None,P-00461,PS-001,Cold
FIR-004967,Vehicle Theft,3,Industrial Belt,26.854483,75.768128,2026-04-29T12:57:58.257791,12,2,0,0,0,Cloudy,3100,None,P-00475,PS-008,Closed
FIR-004968,Fraud,1,East Ward,26.895723,75.838161,2025-11-26T09:52:58.257791,9,2,0,0,0,Fog,10800,None,P-00337,PS-007,Chargesheet Filed
FIR-004969,Narcotics,4,Industrial Belt,26.861561,75.758512,2026-05-25T21:28:58.257791,21,0,1,0,0,Fog,3100,None,P-00433,PS-008,Under Investigation
FIR-004970,Theft,1,North District,26.930831,75.811987,2025-08-22T17:02:58.257791,17,4,0,0,0,Cloudy,8200,None,,PS-006,Under Investigation
FIR-004971,Theft,1,East Ward,26.895805,75.837792,2025-09-01T11:51:58.257791,11,0,0,0,0,Clear,10800,None,P-00310,PS-002,Closed
FIR-004972,Burglary,4,South Division,26.876087,75.785724,2025-08-11T08:51:58.257791,8,0,0,0,0,Cloudy,6400,None,,PS-003,Chargesheet Filed
FIR-004973,Cybercrime,3,North District,26.914141,75.824746,2026-02-22T11:12:58.257791,11,6,0,1,0,Rain,8200,None,P-00282,PS-002,Closed
FIR-004974,Theft,1,Industrial Belt,26.855054,75.7782,2026-01-21T00:37:58.257791,0,2,1,0,0,Fog,3100,None,,PS-004,Under Investigation
FIR-004975,Extortion,3,East Ward,26.899487,75.827747,2025-08-21T09:37:58.257791,9,3,0,0,0,Cloudy,10800,Improvised,P-00161,PS-001,Chargesheet Filed
FIR-004976,Narcotics,3,Industrial Belt,26.868294,75.775571,2025-10-21T06:20:58.257791,6,1,0,0,0,Rain,3100,None,,PS-003,Under Investigation
FIR-004977,Narcotics,4,East Ward,26.910142,75.822375,2026-05-11T20:19:58.257791,20,0,1,0,0,Fog,10800,None,P-00139,PS-003,Closed
FIR-004978,Assault,5,South Division,26.86068,75.801987,2026-07-20T23:37:58.257791,23,0,1,0,0,Clear,6400,None,P-00419,PS-004,Chargesheet Filed
FIR-004979,Assault,2,East Ward,26.8937,75.826614,2025-11-01T04:24:58.257791,4,5,1,1,0,Clear,10800,None,P-00238,PS-004,Under Investigation
FIR-004980,Theft,1,Industrial Belt,26.87044,75.77899,2026-04-27T00:14:58.257791,0,0,1,0,0,Clear,3100,None,,PS-006,Closed
FIR-004981,Theft,2,Old City,26.917023,75.804703,2025-09-11T03:07:58.257791,3,3,1,0,0,Clear,16200,None,P-00160,PS-002,Chargesheet Filed
FIR-004982,Theft,2,Central Zone,26.89532,75.796424,2026-04-01T16:30:58.257791,16,2,0,0,0,Clear,14500,None,,PS-007,Under Investigation
FIR-004983,Theft,2,Riverside,26.880896,75.807723,2025-07-30T23:32:58.257791,23,2,1,0,0,Fog,5200,None,P-00120,PS-004,Under Investigation
FIR-004984,Extortion,4,West Sector,26.904617,75.763231,2025-08-07T14:09:58.257791,14,3,0,0,0,Clear,9100,Improvised,P-00220,PS-006,Under Investigation
FIR-004985,Theft,3,North District,26.913689,75.825333,2026-02-18T08:59:58.257791,8,2,0,0,0,Clear,8200,None,,PS-006,Chargesheet Filed
FIR-004986,Narcotics,2,Old City,26.906841,75.807543,2026-07-10T08:11:58.257791,8,4,0,0,0,Clear,16200,None,P-00278,PS-005,Under Investigation
FIR-004987,Burglary,4,North District,26.919745,75.82367,2026-05-23T21:38:58.257791,21,5,1,1,0,Fog,8200,None,,PS-004,Closed
FIR-004988,Vehicle Theft,3,South Division,26.876314,75.781264,2026-06-21T16:49:58.257791,16,6,0,1,0,Heatwave,6400,None,P-00443,PS-003,Closed
FIR-004989,Burglary,3,East Ward,26.905471,75.829817,2026-06-07T00:07:58.257791,0,6,1,1,0,Cloudy,10800,None,P-00382,PS-001,Under Investigation
FIR-004990,Assault,4,West Sector,26.883777,75.778471,2025-09-13T08:21:58.257791,8,5,0,1,0,Clear,9100,Improvised,,PS-002,Under Investigation
FIR-004991,Kidnapping,5,Central Zone,26.901442,75.790778,2026-03-03T03:37:58.257791,3,1,1,0,0,Clear,14500,Improvised,P-00155,PS-001,Cold
FIR-004992,Theft,2,East Ward,26.903633,75.826129,2025-09-27T16:29:58.257791,16,5,0,1,0,Cloudy,10800,None,,PS-005,Chargesheet Filed
FIR-004993,Assault,2,Central Zone,26.892732,75.799774,2025-08-15T11:25:58.257791,11,4,0,0,1,Cloudy,14500,Improvised,P-00573,PS-004,Under Investigation
FIR-004994,Vehicle Theft,3,Riverside,26.886484,75.798411,2026-05-06T18:24:58.257791,18,2,0,0,0,Cloudy,5200,None,,PS-007,Under Investigation
FIR-004995,Burglary,2,Old City,26.907031,75.80179,2026-05-04T09:05:58.257791,9,0,0,0,0,Fog,16200,None,P-00569,PS-005,Chargesheet Filed
FIR-004996,Burglary,3,Industrial Belt,26.851081,75.763855,2026-07-26T09:17:58.257791,9,6,0,1,0,Rain,3100,None,P-00558,PS-005,Closed
FIR-004997,Robbery,4,Industrial Belt,26.867382,75.766492,2026-07-21T23:41:58.257791,23,1,1,0,0,Cloudy,3100,Knife,P-00399,PS-006,Under Investigation
FIR-004998,Robbery,3,Industrial Belt,26.871926,75.769315,2026-07-17T01:55:58.257791,1,4,1,0,0,Clear,3100,Firearm,,PS-004,Under Investigation
FIR-004999,Extortion,3,South Division,26.880459,75.780963,2025-10-02T16:40:58.257791,16,3,0,0,0,Clear,6400,Blunt Object,P-00482,PS-001,Closed
FIR-005000,Cybercrime,3,Central Zone,26.905406,75.80709,2026-06-25T15:59:58.257791,15,3,0,0,0,Cloudy,14500,None,,PS-007,Under Investigation
FIR-005001,Theft,3,East Ward,26.899894,75.839093,2025-10-05T19:18:58.257791,19,6,0,1,0,Rain,10800,None,,PS-007,Chargesheet Filed
FIR-005002,Assault,3,Industrial Belt,26.86945,75.763813,2026-07-15T09:21:58.257791,9,2,0,0,1,Cloudy,3100,Blunt Object,P-00478,PS-008,Under Investigation
FIR-005003,Burglary,4,West Sector,26.894311,75.783602,2025-12-24T21:58:58.257791,21,2,1,0,0,Clear,9100,None,P-00478,PS-001,Chargesheet Filed
FIR-005004,Assault,4,Central Zone,26.910922,75.792493,2026-07-18T01:16:58.257791,1,5,1,1,0,Cloudy,14500,Improvised,P-00055,PS-007,Closed
FIR-005005,Robbery,4,North District,26.915186,75.815899,2025-09-07T09:54:58.257791,9,6,0,1,0,Cloudy,8200,Firearm,P-00336,PS-004,Closed
FIR-005006,Theft,3,North District,26.912812,75.828308,2025-08-08T02:50:58.257791,2,4,1,0,0,Clear,8200,None,,PS-007,Under Investigation
FIR-005007,Vehicle Theft,1,North District,26.930704,75.82227,2026-02-12T12:59:58.257791,12,3,0,0,0,Cloudy,8200,None,,PS-002,Closed
FIR-005008,Theft,1,Industrial Belt,26.858364,75.765857,2026-06-30T07:32:58.257791,7,1,0,0,0,Clear,3100,None,P-00399,PS-008,Under Investigation
FIR-005009,Extortion,5,East Ward,26.901368,75.826461,2025-09-01T12:52:58.257791,12,0,0,0,0,Clear,10800,Blunt Object,P-00555,PS-005,Under Investigation
FIR-005010,Vehicle Theft,2,South Division,26.86034,75.797586,2025-08-07T01:48:58.257791,1,3,1,0,0,Cloudy,6400,None,P-00445,PS-001,Chargesheet Filed
FIR-005011,Burglary,2,Old City,26.924371,75.798963,2026-06-04T23:06:58.257791,23,3,1,0,0,Clear,16200,None,P-00020,PS-006,Chargesheet Filed
FIR-005012,Theft,2,West Sector,26.902641,75.77748,2026-07-13T19:35:58.257791,19,0,0,0,0,Rain,9100,None,P-00400,PS-006,Chargesheet Filed
FIR-005013,Assault,3,Old City,26.911867,75.807437,2025-10-23T16:32:58.257791,16,3,0,0,0,Clear,16200,Knife,,PS-005,Cold
FIR-005014,Vehicle Theft,3,East Ward,26.894377,75.837984,2025-12-17T22:59:58.257791,22,2,1,0,0,Clear,10800,None,,PS-005,Under Investigation
FIR-005015,Narcotics,3,Old City,26.910188,75.798047,2026-05-21T23:17:58.257791,23,3,1,0,0,Clear,16200,None,P-00014,PS-006,Cold
FIR-005016,Vehicle Theft,3,West Sector,26.893883,75.781834,2026-04-24T13:15:58.257791,13,4,0,0,0,Clear,9100,None,P-00282,PS-008,Under Investigation
FIR-005017,Narcotics,2,Old City,26.91043,75.809721,2026-02-18T17:25:58.257791,17,2,0,0,0,Heatwave,16200,None,,PS-008,Chargesheet Filed
FIR-005018,Kidnapping,5,North District,26.928315,75.812127,2025-09-18T08:23:58.257791,8,3,0,0,0,Clear,8200,Knife,P-00107,PS-004,Under Investigation
FIR-005019,Theft,2,Riverside,26.877469,75.821748,2026-07-10T03:41:58.257791,3,4,1,0,0,Clear,5200,None,,PS-007,Chargesheet Filed
FIR-005020,Fraud,3,West Sector,26.889504,75.78551,2025-09-06T16:04:58.257791,16,5,0,1,0,Clear,9100,None,P-00545,PS-007,Chargesheet Filed
FIR-005021,Fraud,2,Central Zone,26.901191,75.811238,2026-07-23T16:27:58.257791,16,3,0,0,0,Clear,14500,None,P-00005,PS-005,Cold
FIR-005022,Narcotics,4,Industrial Belt,26.87127,75.764062,2026-04-05T09:40:58.257791,9,6,0,1,0,Clear,3100,None,P-00256,PS-001,Under Investigation
FIR-005023,Theft,3,Industrial Belt,26.870508,75.780365,2026-06-21T13:01:58.257791,13,6,0,1,0,Clear,3100,None,P-00477,PS-006,Under Investigation
FIR-005024,Fraud,1,Industrial Belt,26.863125,75.767726,2025-10-25T13:46:58.257791,13,5,0,1,0,Clear,3100,None,P-00412,PS-001,Chargesheet Filed
FIR-005025,Cybercrime,3,Central Zone,26.893681,75.796152,2026-03-30T09:49:58.257791,9,0,0,0,0,Cloudy,14500,None,,PS-003,Closed
FIR-005026,Assault,2,South Division,26.864341,75.780155,2026-02-09T15:01:58.257791,15,0,0,0,0,Cloudy,6400,Knife,P-00034,PS-008,Closed
FIR-005027,Theft,1,Riverside,26.869776,75.811964,2025-09-06T03:43:58.257791,3,5,1,1,0,Clear,5200,None,P-00369,PS-004,Chargesheet Filed
FIR-005028,Fraud,2,East Ward,26.915259,75.829141,2025-10-24T15:06:58.257791,15,4,0,0,0,Cloudy,10800,None,P-00244,PS-006,Closed
FIR-005029,Cybercrime,1,Central Zone,26.888077,75.790668,2026-07-03T09:40:58.257791,9,4,0,0,0,Clear,14500,None,,PS-006,Chargesheet Filed
FIR-005030,Robbery,4,North District,26.919564,75.817076,2025-12-08T18:33:58.257791,18,0,0,0,0,Fog,8200,Improvised,,PS-007,Chargesheet Filed
FIR-005031,Assault,3,West Sector,26.885947,75.782322,2026-01-23T00:06:58.257791,0,4,1,0,0,Cloudy,9100,Firearm,,PS-008,Under Investigation
FIR-005032,Theft,2,Industrial Belt,26.853917,75.77187,2025-09-08T19:21:58.257791,19,0,0,0,0,Clear,3100,None,P-00202,PS-005,Under Investigation
FIR-005033,Vehicle Theft,1,South Division,26.862209,75.796086,2026-02-01T09:43:58.257791,9,6,0,1,0,Rain,6400,None,P-00448,PS-004,Under Investigation
FIR-005034,Robbery,4,Industrial Belt,26.856175,75.780398,2025-08-31T21:51:58.257791,21,6,1,1,0,Heatwave,3100,None,P-00518,PS-001,Under Investigation
FIR-005035,Theft,1,West Sector,26.9019,75.775452,2026-05-03T07:53:58.257791,7,6,0,1,0,Rain,9100,None,,PS-008,Under Investigation
FIR-005036,Theft,1,Central Zone,26.888213,75.792801,2025-09-26T06:03:58.257791,6,4,0,0,0,Cloudy,14500,None,P-00145,PS-006,Chargesheet Filed
FIR-005037,Fraud,2,Old City,26.912805,75.793899,2025-10-05T08:26:58.257791,8,6,0,1,0,Clear,16200,None,P-00145,PS-005,Under Investigation
FIR-005038,Narcotics,3,Industrial Belt,26.854308,75.764758,2025-10-06T11:10:58.257791,11,0,0,0,0,Rain,3100,None,,PS-006,Closed
FIR-005039,Fraud,3,Central Zone,26.895742,75.797968,2025-10-21T15:37:58.257791,15,1,0,0,0,Clear,14500,None,P-00247,PS-004,Closed
FIR-005040,Theft,2,Central Zone,26.889985,75.809688,2026-01-10T05:59:58.257791,5,5,0,1,0,Cloudy,14500,None,,PS-004,Under Investigation
FIR-005041,Fraud,3,East Ward,26.901782,75.830301,2025-10-26T08:24:58.257791,8,6,0,1,0,Clear,10800,None,,PS-007,Chargesheet Filed
FIR-005042,Narcotics,3,South Division,26.867192,75.790495,2025-11-07T08:35:58.257791,8,4,0,0,0,Cloudy,6400,None,P-00393,PS-006,Chargesheet Filed
FIR-005043,Cybercrime,1,East Ward,26.916667,75.833359,2026-02-20T07:13:58.257791,7,4,0,0,0,Clear,10800,None,P-00353,PS-007,Chargesheet Filed
FIR-005044,Cybercrime,3,Industrial Belt,26.850227,75.764829,2026-04-18T17:58:58.257791,17,5,0,1,0,Clear,3100,None,,PS-007,Cold
FIR-005045,Theft,3,North District,26.913743,75.821875,2025-07-28T23:00:58.257791,23,0,1,0,0,Rain,8200,None,,PS-008,Chargesheet Filed
FIR-005046,Burglary,2,East Ward,26.910432,75.828741,2026-07-18T11:05:58.257791,11,5,0,1,0,Clear,10800,None,,PS-003,Under Investigation
FIR-005047,Theft,1,Industrial Belt,26.856788,75.758107,2025-08-04T07:36:58.257791,7,0,0,0,0,Cloudy,3100,None,,PS-008,Chargesheet Filed
FIR-005048,Vehicle Theft,3,East Ward,26.915693,75.832617,2026-02-17T20:57:58.257791,20,1,1,0,0,Cloudy,10800,None,P-00317,PS-001,Chargesheet Filed
FIR-005049,Theft,1,East Ward,26.90335,75.834637,2026-06-04T01:37:58.257791,1,3,1,0,0,Clear,10800,None,P-00495,PS-006,Closed
FIR-005050,Vehicle Theft,1,Old City,26.905864,75.795155,2025-08-19T20:39:58.257791,20,1,1,0,0,Cloudy,16200,None,P-00538,PS-003,Chargesheet Filed
FIR-005051,Fraud,3,Central Zone,26.904245,75.790293,2025-09-23T06:06:58.257791,6,1,0,0,0,Heatwave,14500,None,,PS-004,Cold
FIR-005052,Burglary,2,East Ward,26.907546,75.826052,2026-06-30T08:06:58.257791,8,1,0,0,0,Clear,10800,None,P-00237,PS-005,Under Investigation
FIR-005053,Fraud,2,Central Zone,26.891654,75.805459,2025-10-06T06:40:58.257791,6,0,0,0,0,Rain,14500,None,,PS-007,Cold
FIR-005054,Robbery,3,Industrial Belt,26.863887,75.768155,2025-11-18T11:52:58.257791,11,1,0,0,0,Fog,3100,Improvised,P-00461,PS-002,Under Investigation
FIR-005055,Fraud,1,East Ward,26.908176,75.837857,2025-08-08T18:02:58.257791,18,4,0,0,0,Rain,10800,None,,PS-007,Under Investigation
FIR-005056,Assault,3,Old City,26.919569,75.798974,2026-07-11T23:55:58.257791,23,5,1,1,0,Clear,16200,Improvised,P-00170,PS-004,Under Investigation
FIR-005057,Burglary,4,North District,26.929578,75.830317,2026-05-25T02:12:58.257791,2,0,1,0,0,Heatwave,8200,None,P-00073,PS-006,Under Investigation
FIR-005058,Theft,1,Old City,26.926063,75.811556,2026-07-10T04:26:58.257791,4,4,1,0,0,Cloudy,16200,None,P-00517,PS-002,Under Investigation
FIR-005059,Fraud,1,Central Zone,26.901905,75.809214,2026-07-11T01:19:58.257791,1,5,1,1,0,Rain,14500,None,P-00231,PS-007,Under Investigation
FIR-005060,Fraud,1,Industrial Belt,26.853318,75.779431,2026-05-31T18:35:58.257791,18,6,0,1,0,Clear,3100,None,,PS-004,Closed
FIR-005061,Theft,1,Old City,26.926992,75.794694,2026-02-28T04:53:58.257791,4,5,1,1,0,Rain,16200,None,P-00568,PS-004,Closed
FIR-005062,Fraud,1,Central Zone,26.897299,75.810293,2026-05-29T19:06:58.257791,19,4,0,0,0,Fog,14500,None,,PS-002,Closed
FIR-005063,Assault,2,Riverside,26.877214,75.807492,2025-12-19T07:26:58.257791,7,4,0,0,0,Rain,5200,Blunt Object,P-00481,PS-005,Closed
FIR-005064,Theft,2,Industrial Belt,26.860946,75.780046,2026-03-31T23:04:58.257791,23,1,1,0,0,Clear,3100,None,P-00111,PS-008,Chargesheet Filed
FIR-005065,Assault,5,West Sector,26.89998,75.786676,2026-06-19T00:26:58.257791,0,4,1,0,0,Clear,9100,Firearm,P-00531,PS-003,Under Investigation
FIR-005066,Fraud,1,Industrial Belt,26.850608,75.780112,2025-08-04T17:39:58.257791,17,0,0,0,0,Cloudy,3100,None,,PS-003,Chargesheet Filed
FIR-005067,Fraud,3,Riverside,26.876921,75.821254,2025-11-06T17:22:58.257791,17,3,0,0,0,Cloudy,5200,None,P-00483,PS-001,Under Investigation
FIR-005068,Narcotics,2,West Sector,26.892504,75.770612,2025-08-07T08:05:58.257791,8,3,0,0,0,Fog,9100,None,P-00130,PS-001,Under Investigation
FIR-005069,Fraud,2,East Ward,26.908046,75.840541,2025-08-15T00:16:58.257791,0,4,1,0,1,Clear,10800,None,,PS-006,Under Investigation
FIR-005070,Theft,3,Industrial Belt,26.867294,75.771384,2025-09-14T12:36:58.257791,12,6,0,1,0,Cloudy,3100,None,P-00292,PS-005,Chargesheet Filed
FIR-005071,Narcotics,2,Central Zone,26.896671,75.793871,2025-09-17T07:48:58.257791,7,2,0,0,0,Cloudy,14500,None,,PS-006,Chargesheet Filed
FIR-005072,Robbery,3,North District,26.914043,75.81912,2026-04-07T17:01:58.257791,17,1,0,0,0,Clear,8200,Firearm,P-00471,PS-002,Closed
FIR-005073,Fraud,2,East Ward,26.916797,75.820151,2026-01-04T13:47:58.257791,13,6,0,1,0,Fog,10800,None,P-00306,PS-006,Under Investigation
FIR-005074,Burglary,4,Industrial Belt,26.863879,75.770275,2025-09-21T05:52:58.257791,5,6,0,1,0,Rain,3100,None,,PS-008,Closed
FIR-005075,Robbery,4,Industrial Belt,26.866363,75.774602,2025-12-28T21:35:58.257791,21,6,1,1,0,Fog,3100,Improvised,P-00393,PS-003,Chargesheet Filed
FIR-005076,Theft,2,South Division,26.862622,75.793892,2026-07-09T15:24:58.257791,15,3,0,0,0,Clear,6400,None,,PS-003,Under Investigation
FIR-005077,Fraud,3,North District,26.922971,75.814957,2026-06-25T22:40:58.257791,22,3,1,0,0,Heatwave,8200,None,,PS-001,Closed
FIR-005078,Robbery,5,East Ward,26.907056,75.828645,2026-01-04T01:07:58.257791,1,6,1,1,0,Clear,10800,Firearm,,PS-001,Chargesheet Filed
FIR-005079,Extortion,4,North District,26.930219,75.820813,2025-08-30T00:58:58.257791,0,5,1,1,0,Cloudy,8200,Improvised,,PS-002,Under Investigation
FIR-005080,Assault,3,Central Zone,26.891845,75.793674,2026-02-28T06:30:58.257791,6,5,0,1,0,Cloudy,14500,Knife,,PS-005,Under Investigation
FIR-005081,Fraud,2,West Sector,26.890245,75.780447,2025-08-30T20:20:58.257791,20,5,1,1,0,Cloudy,9100,None,,PS-008,Chargesheet Filed
FIR-005082,Vehicle Theft,2,Old City,26.918447,75.800426,2025-09-07T08:40:58.257791,8,6,0,1,0,Clear,16200,None,,PS-006,Cold
FIR-005083,Vehicle Theft,3,West Sector,26.904545,75.783867,2025-09-27T02:12:58.257791,2,5,1,1,0,Fog,9100,None,,PS-004,Under Investigation
FIR-005084,Theft,2,Riverside,26.887268,75.817391,2025-10-11T21:44:58.257791,21,5,1,1,0,Cloudy,5200,None,P-00437,PS-002,Cold
FIR-005085,Theft,1,West Sector,26.894192,75.772138,2025-09-19T17:54:58.257791,17,4,0,0,0,Fog,9100,None,,PS-006,Under Investigation
FIR-005086,Fraud,2,Riverside,26.874911,75.821952,2025-12-23T17:47:58.257791,17,1,0,0,0,Fog,5200,None,P-00413,PS-005,Cold
FIR-005087,Assault,3,West Sector,26.89793,75.782039,2025-10-03T10:47:58.257791,10,4,0,0,0,Clear,9100,Improvised,,PS-002,Under Investigation
FIR-005088,Assault,4,South Division,26.870595,75.783913,2026-03-05T03:42:58.257791,3,3,1,0,0,Fog,6400,Improvised,P-00570,PS-006,Closed
FIR-005089,Cybercrime,1,Old City,26.924962,75.801441,2026-01-30T12:57:58.257791,12,4,0,0,0,Rain,16200,None,,PS-004,Under Investigation
FIR-005090,Robbery,3,West Sector,26.895051,75.765683,2026-05-04T23:40:58.257791,23,0,1,0,0,Heatwave,9100,Blunt Object,,PS-008,Chargesheet Filed
FIR-005091,Vehicle Theft,1,South Division,26.865439,75.797169,2026-06-05T15:39:58.257791,15,4,0,0,0,Clear,6400,None,P-00034,PS-008,Under Investigation
FIR-005092,Theft,1,South Division,26.86577,75.784685,2026-05-15T08:13:58.257791,8,4,0,0,1,Rain,6400,None,P-00379,PS-007,Cold
FIR-005093,Theft,2,North District,26.927706,75.822162,2026-07-13T07:43:58.257791,7,0,0,0,0,Clear,8200,None,,PS-008,Closed
FIR-005094,Fraud,2,Central Zone,26.902388,75.802022,2026-04-07T22:10:58.257791,22,1,1,0,0,Clear,14500,None,,PS-008,Under Investigation
FIR-005095,Fraud,3,North District,26.91334,75.826054,2025-12-20T10:28:58.257791,10,5,0,1,0,Fog,8200,None,,PS-007,Cold
FIR-005096,Extortion,5,Industrial Belt,26.861868,75.77448,2026-01-02T02:22:58.257791,2,4,1,0,0,Clear,3100,Improvised,P-00071,PS-005,Cold
FIR-005097,Theft,1,Central Zone,26.909042,75.809433,2026-06-10T05:35:58.257791,5,2,0,0,0,Cloudy,14500,None,P-00593,PS-005,Under Investigation
FIR-005098,Fraud,2,South Division,26.87839,75.783928,2025-09-16T22:49:58.257791,22,1,1,0,0,Clear,6400,None,P-00445,PS-004,Chargesheet Filed
FIR-005099,Burglary,4,Central Zone,26.889416,75.806852,2026-03-20T06:28:58.257791,6,4,0,0,0,Rain,14500,None,P-00388,PS-007,Under Investigation
FIR-005100,Theft,2,Riverside,26.882832,75.809249,2026-07-09T00:59:58.257791,0,3,1,0,0,Cloudy,5200,None,,PS-004,Closed
FIR-005101,Fraud,3,East Ward,26.912085,75.830414,2026-01-19T14:01:58.257791,14,0,0,0,0,Clear,10800,None,P-00234,PS-005,Chargesheet Filed
FIR-005102,Fraud,3,North District,26.919632,75.813678,2026-07-24T07:50:58.257791,7,4,0,0,0,Heatwave,8200,None,,PS-003,Chargesheet Filed
FIR-005103,Assault,3,South Division,26.863581,75.787384,2025-09-30T18:43:58.257791,18,1,0,0,0,Clear,6400,Improvised,P-00561,PS-008,Under Investigation
FIR-005104,Theft,3,Old City,26.916193,75.815214,2025-10-17T07:56:58.257791,7,4,0,0,0,Fog,16200,None,,PS-007,Under Investigation
FIR-005105,Extortion,4,North District,26.930927,75.815195,2026-05-13T06:39:58.257791,6,2,0,0,0,Cloudy,8200,Firearm,P-00561,PS-002,Cold
FIR-005106,Burglary,2,Riverside,26.888155,75.8002,2026-02-24T10:00:58.257791,10,1,0,0,0,Fog,5200,None,,PS-008,Under Investigation
FIR-005107,Narcotics,2,Old City,26.919267,75.805866,2026-03-21T03:34:58.257791,3,5,1,1,0,Fog,16200,None,,PS-005,Under Investigation
FIR-005108,Assault,2,East Ward,26.899547,75.834646,2026-05-08T09:01:58.257791,9,4,0,0,0,Clear,10800,Firearm,P-00056,PS-001,Chargesheet Filed
FIR-005109,Narcotics,3,Industrial Belt,26.849139,75.772662,2026-06-18T05:04:58.257791,5,3,0,0,0,Clear,3100,None,,PS-008,Under Investigation
FIR-005110,Cybercrime,1,Old City,26.915902,75.800109,2025-08-14T09:32:58.257791,9,3,0,0,0,Cloudy,16200,None,P-00405,PS-004,Under Investigation
FIR-005111,Theft,1,Riverside,26.881167,75.801433,2026-04-20T20:31:58.257791,20,0,1,0,0,Fog,5200,None,,PS-002,Closed
FIR-005112,Assault,3,North District,26.913065,75.818625,2025-11-07T02:27:58.257791,2,4,1,0,0,Cloudy,8200,Improvised,P-00263,PS-005,Under Investigation
FIR-005113,Narcotics,2,East Ward,26.898028,75.834218,2026-07-06T11:17:58.257791,11,0,0,0,0,Cloudy,10800,None,,PS-004,Closed
FIR-005114,Fraud,2,North District,26.926645,75.817538,2026-07-22T16:57:58.257791,16,2,0,0,0,Cloudy,8200,None,P-00234,PS-004,Chargesheet Filed
FIR-005115,Narcotics,2,West Sector,26.904726,75.76697,2026-02-06T01:24:58.257791,1,4,1,0,0,Cloudy,9100,None,P-00294,PS-008,Closed
FIR-005116,Theft,3,South Division,26.865517,75.77945,2025-08-12T11:43:58.257791,11,1,0,0,0,Clear,6400,None,,PS-001,Closed
FIR-005117,Fraud,2,Central Zone,26.906823,75.797293,2026-04-28T20:34:58.257791,20,1,1,0,0,Clear,14500,None,P-00549,PS-001,Under Investigation
FIR-005118,Burglary,4,Industrial Belt,26.868317,75.778676,2025-12-27T05:55:58.257791,5,5,0,1,0,Clear,3100,None,,PS-003,Closed
FIR-005119,Vehicle Theft,2,East Ward,26.910514,75.838065,2026-02-24T15:19:58.257791,15,1,0,0,0,Clear,10800,None,,PS-005,Chargesheet Filed
FIR-005120,Burglary,2,Industrial Belt,26.850835,75.765947,2026-06-22T07:49:58.257791,7,0,0,0,0,Rain,3100,None,,PS-001,Chargesheet Filed
FIR-005121,Fraud,1,North District,26.910436,75.824847,2026-06-23T23:56:58.257791,23,1,1,0,0,Clear,8200,None,,PS-001,Closed
FIR-005122,Theft,1,West Sector,26.896185,75.782506,2025-10-14T03:50:58.257791,3,1,1,0,0,Cloudy,9100,None,P-00170,PS-006,Chargesheet Filed
FIR-005123,Theft,2,East Ward,26.9043,75.829585,2025-11-17T18:40:58.257791,18,0,0,0,0,Cloudy,10800,None,P-00053,PS-002,Under Investigation
FIR-005124,Fraud,2,West Sector,26.889916,75.763166,2025-12-31T05:17:58.257791,5,2,0,0,0,Clear,9100,None,P-00312,PS-001,Under Investigation
FIR-005125,Narcotics,4,South Division,26.881295,75.786749,2025-09-16T04:07:58.257791,4,1,1,0,0,Cloudy,6400,None,P-00336,PS-008,Under Investigation
FIR-005126,Burglary,4,Riverside,26.884245,75.815929,2026-03-06T22:50:58.257791,22,4,1,0,0,Clear,5200,None,P-00095,PS-005,Under Investigation
FIR-005127,Burglary,4,North District,26.918656,75.825425,2026-03-08T23:59:58.257791,23,6,1,1,0,Cloudy,8200,None,,PS-007,Under Investigation
FIR-005128,Robbery,5,East Ward,26.900198,75.837182,2026-06-13T17:51:58.257791,17,5,0,1,0,Clear,10800,Blunt Object,,PS-007,Closed
FIR-005129,Theft,1,Riverside,26.871498,75.819664,2026-01-30T00:13:58.257791,0,4,1,0,0,Cloudy,5200,None,,PS-001,Closed
FIR-005130,Cybercrime,3,Central Zone,26.89633,75.792179,2026-03-27T06:13:58.257791,6,4,0,0,0,Rain,14500,None,,PS-008,Under Investigation
FIR-005131,Narcotics,3,North District,26.923162,75.813743,2026-06-18T10:24:58.257791,10,3,0,0,0,Rain,8200,None,P-00217,PS-006,Closed
FIR-005132,Cybercrime,1,Central Zone,26.905464,75.795569,2025-08-26T12:16:58.257791,12,1,0,0,0,Rain,14500,None,P-00564,PS-008,Under Investigation
FIR-005133,Assault,5,Riverside,26.877827,75.808653,2025-10-08T23:43:58.257791,23,2,1,0,0,Clear,5200,None,P-00382,PS-004,Under Investigation
FIR-005134,Fraud,2,East Ward,26.905055,75.840861,2026-02-16T00:35:58.257791,0,0,1,0,0,Cloudy,10800,None,P-00306,PS-004,Cold
FIR-005135,Assault,5,South Division,26.866732,75.781891,2026-05-03T11:57:58.257791,11,6,0,1,0,Heatwave,6400,Improvised,P-00375,PS-002,Closed
FIR-005136,Extortion,4,South Division,26.862438,75.79688,2025-12-04T14:58:58.257791,14,3,0,0,0,Rain,6400,Knife,P-00041,PS-007,Chargesheet Filed
FIR-005137,Assault,5,South Division,26.860104,75.795824,2026-05-27T03:17:58.257791,3,2,1,0,0,Clear,6400,Firearm,,PS-002,Closed
FIR-005138,Fraud,3,Central Zone,26.890089,75.802065,2026-02-26T19:07:58.257791,19,3,0,0,0,Fog,14500,None,,PS-007,Chargesheet Filed
FIR-005139,Fraud,3,Old City,26.91375,75.812347,2025-10-10T09:52:58.257791,9,4,0,0,0,Fog,16200,None,P-00065,PS-004,Chargesheet Filed
FIR-005140,Burglary,4,South Division,26.880168,75.787296,2025-08-17T12:18:58.257791,12,6,0,1,0,Cloudy,6400,None,P-00459,PS-007,Under Investigation
FIR-005141,Vehicle Theft,3,South Division,26.880109,75.789543,2026-02-10T07:52:58.257791,7,1,0,0,0,Clear,6400,None,,PS-002,Under Investigation
FIR-005142,Narcotics,3,Industrial Belt,26.869353,75.758334,2025-11-25T13:19:58.257791,13,1,0,0,0,Cloudy,3100,None,,PS-004,Under Investigation
FIR-005143,Narcotics,3,West Sector,26.905042,75.771411,2025-08-13T21:09:58.257791,21,2,1,0,0,Clear,9100,None,P-00463,PS-003,Chargesheet Filed
FIR-005144,Fraud,3,North District,26.909545,75.817038,2025-10-16T17:44:58.257791,17,3,0,0,0,Clear,8200,None,P-00145,PS-008,Under Investigation
FIR-005145,Cybercrime,1,West Sector,26.896673,75.77028,2026-06-22T06:18:58.257791,6,0,0,0,0,Rain,9100,None,P-00429,PS-003,Closed
FIR-005146,Vehicle Theft,2,Industrial Belt,26.862229,75.77969,2025-12-14T16:24:58.257791,16,6,0,1,0,Fog,3100,None,P-00139,PS-003,Closed
FIR-005147,Vehicle Theft,2,Riverside,26.87652,75.805552,2025-08-21T20:28:58.257791,20,3,1,0,0,Clear,5200,None,,PS-007,Under Investigation
FIR-005148,Theft,2,South Division,26.858737,75.791254,2026-07-13T20:29:58.257791,20,0,1,0,0,Clear,6400,None,,PS-007,Under Investigation
FIR-005149,Fraud,2,East Ward,26.90249,75.823207,2025-09-21T07:54:58.257791,7,6,0,1,0,Clear,10800,None,P-00117,PS-002,Under Investigation
FIR-005150,Robbery,4,Riverside,26.876239,75.801894,2026-01-11T01:42:58.257791,1,6,1,1,0,Rain,5200,Blunt Object,,PS-003,Under Investigation
FIR-005151,Vehicle Theft,3,East Ward,26.906311,75.83312,2026-03-08T05:39:58.257791,5,6,0,1,0,Clear,10800,None,,PS-003,Closed
FIR-005152,Burglary,3,North District,26.922649,75.827925,2026-04-17T22:48:58.257791,22,4,1,0,0,Cloudy,8200,None,P-00482,PS-007,Closed
FIR-005153,Theft,1,Industrial Belt,26.857649,75.766082,2026-01-06T18:15:58.257791,18,1,0,0,0,Clear,3100,None,,PS-007,Under Investigation
FIR-005154,Robbery,5,North District,26.92426,75.82417,2025-08-10T01:11:58.257791,1,6,1,1,0,Clear,8200,None,,PS-007,Under Investigation
FIR-005155,Vehicle Theft,1,North District,26.923349,75.812507,2026-02-28T15:39:58.257791,15,5,0,1,0,Cloudy,8200,None,P-00043,PS-005,Chargesheet Filed
FIR-005156,Fraud,1,Riverside,26.885297,75.812463,2026-04-28T19:49:58.257791,19,1,0,0,0,Clear,5200,None,P-00399,PS-003,Chargesheet Filed
FIR-005157,Theft,3,Riverside,26.882884,75.819391,2026-02-28T12:35:58.257791,12,5,0,1,0,Heatwave,5200,None,,PS-008,Under Investigation
FIR-005158,Vehicle Theft,3,Riverside,26.883845,75.812726,2026-05-17T21:42:58.257791,21,6,1,1,0,Clear,5200,None,P-00242,PS-002,Under Investigation
FIR-005159,Theft,2,North District,26.929352,75.808765,2025-12-12T09:02:58.257791,9,4,0,0,0,Clear,8200,None,,PS-006,Closed
FIR-005160,Theft,3,Riverside,26.876432,75.805862,2026-03-31T19:48:58.257791,19,1,0,0,0,Clear,5200,None,,PS-001,Closed
FIR-005161,Extortion,3,North District,26.923659,75.83033,2026-05-01T08:24:58.257791,8,4,0,0,0,Cloudy,8200,Firearm,,PS-003,Under Investigation
FIR-005162,Vehicle Theft,2,West Sector,26.89762,75.779471,2026-07-01T02:47:58.257791,2,2,1,0,0,Rain,9100,None,P-00469,PS-002,Cold
FIR-005163,Vehicle Theft,1,Old City,26.908908,75.793398,2025-11-04T18:00:58.257791,18,1,0,0,0,Clear,16200,None,P-00065,PS-004,Under Investigation
FIR-005164,Burglary,4,Industrial Belt,26.86417,75.769605,2026-02-28T17:28:58.257791,17,5,0,1,0,Clear,3100,None,,PS-005,Closed
FIR-005165,Robbery,3,East Ward,26.913128,75.838154,2025-11-20T18:29:58.257791,18,3,0,0,0,Cloudy,10800,Improvised,P-00464,PS-001,Chargesheet Filed
FIR-005166,Robbery,4,Riverside,26.872946,75.820256,2026-04-02T07:43:58.257791,7,3,0,0,0,Clear,5200,Knife,P-00471,PS-004,Under Investigation
FIR-005167,Fraud,3,Old City,26.904765,75.811236,2026-04-15T03:05:58.257791,3,2,1,0,1,Cloudy,16200,None,,PS-004,Under Investigation
FIR-005168,Vehicle Theft,2,Industrial Belt,26.848577,75.758527,2025-09-07T00:16:58.257791,0,6,1,1,0,Clear,3100,None,P-00181,PS-006,Under Investigation
FIR-005169,Narcotics,3,Industrial Belt,26.861353,75.779561,2025-09-22T06:06:58.257791,6,0,0,0,0,Rain,3100,None,P-00258,PS-008,Closed
FIR-005170,Theft,2,Central Zone,26.903891,75.791016,2025-10-21T05:47:58.257791,5,1,0,0,0,Rain,14500,None,P-00001,PS-003,Under Investigation
FIR-005171,Theft,2,Central Zone,26.891239,75.800421,2025-09-30T06:47:58.257791,6,1,0,0,0,Cloudy,14500,None,P-00139,PS-005,Chargesheet Filed
FIR-005172,Theft,1,North District,26.921645,75.822529,2026-04-03T03:56:58.257791,3,4,1,0,0,Rain,8200,None,,PS-005,Cold
FIR-005173,Narcotics,4,East Ward,26.906638,75.826599,2026-05-17T07:13:58.257791,7,6,0,1,0,Clear,10800,None,P-00545,PS-006,Closed
FIR-005174,Assault,3,Old City,26.924031,75.793905,2026-04-21T14:56:58.257791,14,1,0,0,0,Rain,16200,Knife,P-00439,PS-005,Under Investigation
FIR-005175,Theft,1,Old City,26.90524,75.798829,2025-09-19T00:25:58.257791,0,4,1,0,0,Clear,16200,None,,PS-001,Chargesheet Filed
FIR-005176,Burglary,2,East Ward,26.897557,75.836049,2025-12-22T17:49:58.257791,17,0,0,0,0,Clear,10800,None,,PS-001,Closed
FIR-005177,Theft,2,Riverside,26.876533,75.799205,2026-04-04T14:02:58.257791,14,5,0,1,0,Clear,5200,None,,PS-003,Under Investigation
FIR-005178,Theft,3,West Sector,26.886891,75.782585,2025-11-11T20:23:58.257791,20,1,1,0,0,Heatwave,9100,None,,PS-005,Under Investigation
FIR-005179,Theft,1,South Division,26.881401,75.792781,2025-12-28T01:22:58.257791,1,6,1,1,0,Fog,6400,None,P-00369,PS-007,Under Investigation
FIR-005180,Cybercrime,3,North District,26.912475,75.811292,2026-05-23T09:15:58.257791,9,5,0,1,0,Rain,8200,None,,PS-008,Cold
FIR-005181,Cybercrime,1,South Division,26.864582,75.798952,2025-12-06T11:26:58.257791,11,5,0,1,0,Clear,6400,None,P-00379,PS-006,Chargesheet Filed
FIR-005182,Theft,2,East Ward,26.893696,75.82363,2025-12-31T20:41:58.257791,20,2,1,0,0,Clear,10800,None,P-00352,PS-005,Under Investigation
FIR-005183,Cybercrime,1,East Ward,26.905346,75.832068,2025-11-27T16:40:58.257791,16,3,0,0,0,Clear,10800,None,,PS-003,Closed
FIR-005184,Narcotics,4,Central Zone,26.896804,75.804155,2026-04-27T16:31:58.257791,16,0,0,0,0,Cloudy,14500,None,P-00131,PS-006,Under Investigation
FIR-005185,Theft,2,Central Zone,26.9104,75.809347,2025-08-21T19:43:58.257791,19,3,0,0,0,Clear,14500,None,,PS-002,Chargesheet Filed
FIR-005186,Assault,2,West Sector,26.887519,75.783056,2026-05-13T06:07:58.257791,6,2,0,0,0,Cloudy,9100,Improvised,,PS-008,Under Investigation
FIR-005187,Narcotics,4,East Ward,26.905402,75.821952,2025-08-16T17:33:58.257791,17,5,0,1,0,Cloudy,10800,None,P-00265,PS-005,Under Investigation
FIR-005188,Theft,2,Old City,26.916243,75.79846,2025-08-31T07:27:58.257791,7,6,0,1,0,Cloudy,16200,None,,PS-004,Closed
FIR-005189,Assault,3,Industrial Belt,26.870952,75.766005,2025-10-08T22:08:58.257791,22,2,1,0,0,Cloudy,3100,Blunt Object,P-00272,PS-008,Under Investigation
FIR-005190,Theft,2,Old City,26.90617,75.799733,2025-11-21T04:33:58.257791,4,4,1,0,0,Clear,16200,None,,PS-005,Closed
FIR-005191,Vehicle Theft,2,East Ward,26.915182,75.840075,2025-10-30T07:53:58.257791,7,3,0,0,0,Fog,10800,None,P-00336,PS-004,Under Investigation
FIR-005192,Burglary,4,West Sector,26.899342,75.773134,2026-02-26T16:23:58.257791,16,3,0,0,0,Clear,9100,None,,PS-005,Under Investigation
FIR-005193,Robbery,4,Old City,26.925004,75.794311,2026-07-11T23:15:58.257791,23,5,1,1,0,Clear,16200,Blunt Object,,PS-002,Under Investigation
FIR-005194,Theft,1,South Division,26.861478,75.786565,2025-12-25T09:54:58.257791,9,3,0,0,0,Fog,6400,None,,PS-007,Closed
FIR-005195,Vehicle Theft,1,Old City,26.909831,75.800218,2026-04-13T17:54:58.257791,17,0,0,0,0,Rain,16200,None,,PS-005,Under Investigation
FIR-005196,Burglary,4,Industrial Belt,26.852188,75.761467,2026-01-11T01:55:58.257791,1,6,1,1,0,Cloudy,3100,None,P-00060,PS-007,Chargesheet Filed
FIR-005197,Assault,3,North District,26.925804,75.822983,2026-05-06T23:41:58.257791,23,2,1,0,0,Rain,8200,None,,PS-007,Under Investigation
FIR-005198,Robbery,4,South Division,26.865755,75.795266,2025-10-08T00:42:58.257791,0,2,1,0,0,Fog,6400,Improvised,P-00273,PS-005,Closed
FIR-005199,Vehicle Theft,3,East Ward,26.901391,75.832154,2025-11-18T08:26:58.257791,8,1,0,0,0,Cloudy,10800,None,P-00099,PS-002,Chargesheet Filed
FIR-005200,Robbery,3,East Ward,26.905724,75.828648,2026-03-30T15:59:58.257791,15,0,0,0,0,Clear,10800,Knife,,PS-004,Closed
FIR-005201,Burglary,3,East Ward,26.910312,75.821938,2026-03-17T02:19:58.257791,2,1,1,0,0,Clear,10800,None,P-00393,PS-002,Under Investigation
FIR-005202,Burglary,3,North District,26.924608,75.811201,2026-06-28T17:30:58.257791,17,6,0,1,0,Clear,8200,None,,PS-003,Cold
FIR-005203,Kidnapping,5,East Ward,26.91004,75.827808,2026-07-25T18:21:58.257791,18,5,0,1,0,Clear,10800,Firearm,,PS-002,Closed
FIR-005204,Fraud,3,Industrial Belt,26.851096,75.774258,2025-10-08T02:12:58.257791,2,2,1,0,0,Cloudy,3100,None,P-00477,PS-002,Under Investigation
FIR-005205,Narcotics,3,North District,26.925662,75.824444,2026-01-22T10:00:58.257791,10,3,0,0,0,Clear,8200,None,P-00160,PS-005,Under Investigation
FIR-005206,Fraud,3,Industrial Belt,26.8625,75.77638,2026-01-18T18:54:58.257791,18,6,0,1,0,Cloudy,3100,None,P-00041,PS-006,Under Investigation
FIR-005207,Fraud,3,Central Zone,26.906744,75.80378,2026-07-15T20:14:58.257791,20,2,1,0,1,Cloudy,14500,None,P-00405,PS-004,Under Investigation
FIR-005208,Cybercrime,1,Central Zone,26.898621,75.798063,2026-04-17T01:13:58.257791,1,4,1,0,0,Rain,14500,None,P-00469,PS-002,Under Investigation
FIR-005209,Kidnapping,4,Riverside,26.879825,75.81807,2026-02-14T03:00:58.257791,3,5,1,1,0,Clear,5200,Knife,P-00565,PS-005,Under Investigation
FIR-005210,Cybercrime,1,Central Zone,26.90631,75.80594,2025-08-31T08:32:58.257791,8,6,0,1,0,Cloudy,14500,None,,PS-002,Closed
FIR-005211,Assault,2,North District,26.91027,75.826066,2025-10-18T03:11:58.257791,3,5,1,1,0,Fog,8200,Blunt Object,,PS-003,Chargesheet Filed
FIR-005212,Assault,2,East Ward,26.908432,75.8318,2026-04-28T03:49:58.257791,3,1,1,0,0,Clear,10800,Firearm,P-00082,PS-003,Under Investigation
FIR-005213,Assault,5,Old City,26.920307,75.801281,2026-06-03T13:44:58.257791,13,2,0,0,0,Cloudy,16200,Blunt Object,,PS-002,Under Investigation
FIR-005214,Fraud,3,Central Zone,26.903947,75.803533,2026-05-07T11:16:58.257791,11,3,0,0,0,Clear,14500,None,P-00238,PS-007,Closed
FIR-005215,Assault,5,North District,26.927683,75.822513,2026-02-23T23:24:58.257791,23,0,1,0,0,Clear,8200,None,,PS-008,Cold
FIR-005216,Assault,4,Old City,26.921486,75.797587,2025-09-02T16:03:58.257791,16,1,0,0,0,Fog,16200,None,P-00181,PS-002,Closed
FIR-005217,Fraud,2,Old City,26.91043,75.814211,2026-04-03T16:54:58.257791,16,4,0,0,0,Clear,16200,None,P-00152,PS-001,Under Investigation
FIR-005218,Theft,1,East Ward,26.898417,75.829392,2026-06-02T15:56:58.257791,15,1,0,0,0,Clear,10800,None,,PS-007,Under Investigation
FIR-005219,Assault,5,South Division,26.864177,75.798326,2025-07-26T23:30:58.257791,23,5,1,1,0,Cloudy,6400,None,,PS-006,Closed
FIR-005220,Assault,3,South Division,26.867403,75.779046,2026-06-23T20:09:58.257791,20,1,1,0,0,Heatwave,6400,Blunt Object,P-00414,PS-004,Under Investigation
FIR-005221,Burglary,3,South Division,26.865373,75.785126,2025-08-15T11:23:58.257791,11,4,0,0,1,Fog,6400,None,,PS-004,Cold
FIR-005222,Burglary,2,East Ward,26.911619,75.826434,2026-05-01T22:11:58.257791,22,4,1,0,0,Cloudy,10800,None,P-00167,PS-008,Under Investigation
FIR-005223,Assault,2,East Ward,26.899778,75.83625,2025-08-26T06:39:58.257791,6,1,0,0,0,Clear,10800,None,P-00081,PS-001,Under Investigation
FIR-005224,Fraud,1,North District,26.919078,75.817669,2026-01-04T13:31:58.257791,13,6,0,1,0,Rain,8200,None,P-00480,PS-005,Closed
FIR-005225,Assault,3,South Division,26.881863,75.783409,2025-09-22T15:18:58.257791,15,0,0,0,0,Cloudy,6400,None,P-00095,PS-003,Under Investigation
FIR-005226,Robbery,3,East Ward,26.90947,75.831315,2025-09-24T02:29:58.257791,2,2,1,0,0,Rain,10800,Improvised,,PS-005,Closed
FIR-005227,Cybercrime,2,Central Zone,26.909698,75.802447,2026-04-19T14:05:58.257791,14,6,0,1,0,Cloudy,14500,None,,PS-007,Closed
FIR-005228,Vehicle Theft,1,North District,26.930073,75.826284,2026-03-01T19:05:58.257791,19,6,0,1,0,Fog,8200,None,,PS-004,Closed
FIR-005229,Burglary,4,Old City,26.914923,75.796262,2025-10-28T01:14:58.257791,1,1,1,0,0,Clear,16200,None,,PS-006,Closed
FIR-005230,Assault,5,Old City,26.906639,75.802821,2026-01-04T18:32:58.257791,18,6,0,1,0,Clear,16200,Blunt Object,P-00561,PS-008,Under Investigation
FIR-005231,Vehicle Theft,1,Industrial Belt,26.868487,75.770297,2026-03-22T11:49:58.257791,11,6,0,1,0,Rain,3100,None,P-00382,PS-004,Closed
FIR-005232,Theft,2,North District,26.918256,75.821521,2025-08-16T06:36:58.257791,6,5,0,1,0,Clear,8200,None,,PS-006,Under Investigation
FIR-005233,Fraud,1,South Division,26.868357,75.779575,2026-05-23T01:16:58.257791,1,5,1,1,0,Cloudy,6400,None,,PS-008,Cold
FIR-005234,Narcotics,4,North District,26.909343,75.81292,2025-11-15T09:55:58.257791,9,5,0,1,1,Rain,8200,None,,PS-001,Under Investigation
FIR-005235,Fraud,3,Riverside,26.880789,75.806901,2025-08-31T05:49:58.257791,5,6,0,1,0,Clear,5200,None,P-00491,PS-006,Closed
FIR-005236,Burglary,2,East Ward,26.91695,75.828596,2025-10-29T04:12:58.257791,4,2,1,0,0,Clear,10800,None,P-00159,PS-008,Under Investigation
FIR-005237,Assault,2,North District,26.931172,75.817226,2026-04-20T17:03:58.257791,17,0,0,0,0,Clear,8200,Knife,P-00478,PS-006,Under Investigation
FIR-005238,Assault,4,Old City,26.921236,75.79741,2026-02-20T12:03:58.257791,12,4,0,0,0,Rain,16200,Improvised,,PS-001,Under Investigation
FIR-005239,Cybercrime,3,Old City,26.922082,75.810443,2026-07-07T15:51:58.257791,15,1,0,0,0,Clear,16200,None,,PS-002,Chargesheet Filed
FIR-005240,Fraud,2,South Division,26.879354,75.786689,2025-12-22T01:36:58.257791,1,0,1,0,0,Clear,6400,None,,PS-004,Under Investigation
FIR-005241,Cybercrime,3,Central Zone,26.89767,75.801985,2026-05-25T05:31:58.257791,5,0,0,0,0,Clear,14500,None,P-00557,PS-004,Chargesheet Filed
FIR-005242,Theft,1,Old City,26.915926,75.806261,2026-06-14T10:01:58.257791,10,6,0,1,0,Clear,16200,None,P-00090,PS-001,Under Investigation
FIR-005243,Theft,3,South Division,26.866452,75.799525,2026-01-15T12:53:58.257791,12,3,0,0,1,Clear,6400,None,P-00557,PS-005,Under Investigation
FIR-005244,Fraud,1,Riverside,26.872398,75.806144,2025-12-06T10:00:58.257791,10,5,0,1,0,Clear,5200,None,P-00396,PS-006,Chargesheet Filed
FIR-005245,Vehicle Theft,2,Riverside,26.872038,75.821632,2026-03-11T00:29:58.257791,0,2,1,0,0,Rain,5200,None,P-00263,PS-006,Under Investigation
FIR-005246,Narcotics,4,Industrial Belt,26.862682,75.76438,2026-02-12T23:39:58.257791,23,3,1,0,0,Rain,3100,None,,PS-004,Chargesheet Filed
FIR-005247,Assault,2,West Sector,26.894158,75.766879,2026-05-15T05:29:58.257791,5,4,0,0,1,Rain,9100,Knife,P-00060,PS-007,Chargesheet Filed
FIR-005248,Theft,1,East Ward,26.914565,75.819152,2026-04-10T13:41:58.257791,13,4,0,0,0,Clear,10800,None,P-00471,PS-003,Closed
FIR-005249,Narcotics,2,South Division,26.86095,75.78522,2025-11-06T08:09:58.257791,8,3,0,0,0,Rain,6400,None,P-00400,PS-001,Under Investigation
FIR-005250,Theft,1,East Ward,26.90121,75.825716,2026-04-30T03:09:58.257791,3,3,1,0,0,Clear,10800,None,P-00388,PS-003,Under Investigation
FIR-005251,Narcotics,2,South Division,26.880957,75.788866,2025-09-20T23:52:58.257791,23,5,1,1,0,Clear,6400,None,,PS-006,Under Investigation
FIR-005252,Fraud,1,Riverside,26.887257,75.800302,2026-01-30T14:05:58.257791,14,4,0,0,0,Clear,5200,None,P-00570,PS-008,Closed
FIR-005253,Fraud,3,West Sector,26.888491,75.774988,2025-08-27T16:17:58.257791,16,2,0,0,0,Fog,9100,None,,PS-007,Under Investigation
FIR-005254,Fraud,3,Industrial Belt,26.84967,75.775592,2025-08-31T17:59:58.257791,17,6,0,1,0,Rain,3100,None,P-00193,PS-002,Closed
FIR-005255,Narcotics,3,Old City,26.92542,75.79461,2025-11-08T23:42:58.257791,23,5,1,1,0,Clear,16200,None,P-00237,PS-001,Under Investigation
FIR-005256,Fraud,3,Old City,26.910529,75.813325,2026-03-08T09:29:58.257791,9,6,0,1,0,Fog,16200,None,P-00464,PS-001,Under Investigation
FIR-005257,Narcotics,2,Industrial Belt,26.870493,75.777536,2025-10-27T22:11:58.257791,22,0,1,0,0,Rain,3100,None,P-00071,PS-008,Closed
FIR-005258,Cybercrime,1,Old City,26.923331,75.811856,2026-06-22T11:53:58.257791,11,0,0,0,0,Heatwave,16200,None,P-00014,PS-005,Closed
FIR-005259,Assault,2,South Division,26.875456,75.789833,2026-03-21T17:39:58.257791,17,5,0,1,0,Cloudy,6400,Knife,P-00238,PS-008,Under Investigation
FIR-005260,Burglary,3,Riverside,26.882223,75.818703,2026-05-08T00:55:58.257791,0,4,1,0,0,Rain,5200,None,P-00588,PS-002,Closed
FIR-005261,Theft,2,East Ward,26.909428,75.824447,2026-03-12T17:58:58.257791,17,3,0,0,0,Clear,10800,None,P-00448,PS-007,Under Investigation
FIR-005262,Vehicle Theft,3,South Division,26.869398,75.785757,2025-11-28T01:52:58.257791,1,4,1,0,0,Rain,6400,None,P-00517,PS-001,Chargesheet Filed
FIR-005263,Fraud,3,Central Zone,26.905135,75.79078,2026-06-12T08:31:58.257791,8,4,0,0,0,Clear,14500,None,,PS-007,Under Investigation
FIR-005264,Theft,3,West Sector,26.890589,75.766147,2025-12-17T10:52:58.257791,10,2,0,0,0,Clear,9100,None,,PS-006,Closed
FIR-005265,Theft,3,East Ward,26.897561,75.833273,2026-02-13T19:19:58.257791,19,4,0,0,0,Clear,10800,None,,PS-004,Chargesheet Filed
FIR-005266,Fraud,1,North District,26.915709,75.826857,2025-08-21T07:40:58.257791,7,3,0,0,0,Cloudy,8200,None,,PS-005,Under Investigation
FIR-005267,Robbery,4,Central Zone,26.910304,75.808779,2025-09-22T00:07:58.257791,0,0,1,0,0,Cloudy,14500,Knife,,PS-003,Under Investigation
FIR-005268,Theft,2,North District,26.912155,75.826344,2025-08-12T00:26:58.257791,0,1,1,0,0,Clear,8200,None,,PS-001,Closed
FIR-005269,Robbery,5,West Sector,26.897082,75.772412,2026-01-05T20:06:58.257791,20,0,1,0,0,Clear,9100,Knife,P-00226,PS-007,Under Investigation
FIR-005270,Burglary,3,East Ward,26.897189,75.826543,2026-04-03T18:21:58.257791,18,4,0,0,0,Clear,10800,None,P-00369,PS-005,Under Investigation
FIR-005271,Extortion,4,Riverside,26.876526,75.811615,2026-02-16T12:50:58.257791,12,0,0,0,0,Clear,5200,None,,PS-001,Under Investigation
FIR-005272,Fraud,2,Central Zone,26.900627,75.807952,2026-05-16T19:18:58.257791,19,5,0,1,0,Clear,14500,None,,PS-005,Under Investigation
FIR-005273,Theft,3,East Ward,26.895592,75.830674,2026-04-20T06:42:58.257791,6,0,0,0,0,Clear,10800,None,,PS-001,Chargesheet Filed
FIR-005274,Theft,1,South Division,26.87121,75.781669,2026-06-05T11:29:58.257791,11,4,0,0,0,Rain,6400,None,P-00143,PS-002,Under Investigation
FIR-005275,Burglary,3,South Division,26.862689,75.792866,2026-03-21T08:46:58.257791,8,5,0,1,0,Rain,6400,None,,PS-005,Chargesheet Filed
FIR-005276,Burglary,3,West Sector,26.89567,75.784492,2026-01-23T18:19:58.257791,18,4,0,0,0,Clear,9100,None,,PS-006,Chargesheet Filed
FIR-005277,Cybercrime,3,East Ward,26.914495,75.820821,2026-06-10T11:28:58.257791,11,2,0,0,0,Cloudy,10800,None,P-00237,PS-001,Closed
FIR-005278,Theft,2,Central Zone,26.90584,75.807154,2025-10-15T21:01:58.257791,21,2,1,0,1,Clear,14500,None,P-00095,PS-005,Under Investigation
FIR-005279,Burglary,3,Industrial Belt,26.85121,75.779726,2025-10-25T00:59:58.257791,0,5,1,1,0,Rain,3100,None,P-00090,PS-008,Closed
FIR-005280,Theft,2,Old City,26.904699,75.805255,2026-01-10T01:23:58.257791,1,5,1,1,0,Clear,16200,None,P-00009,PS-001,Under Investigation
FIR-005281,Burglary,2,West Sector,26.906526,75.768931,2026-06-24T02:29:58.257791,2,2,1,0,0,Clear,9100,None,P-00280,PS-001,Cold
FIR-005282,Vehicle Theft,1,West Sector,26.88513,75.771669,2026-03-25T22:37:58.257791,22,2,1,0,0,Rain,9100,None,,PS-007,Closed
FIR-005283,Narcotics,3,Industrial Belt,26.860767,75.767722,2026-07-11T23:50:58.257791,23,5,1,1,0,Clear,3100,None,,PS-002,Chargesheet Filed
FIR-005284,Narcotics,2,Riverside,26.880569,75.817465,2026-04-09T19:03:58.257791,19,3,0,0,0,Clear,5200,None,,PS-005,Under Investigation
FIR-005285,Fraud,2,Central Zone,26.89694,75.795984,2025-12-17T18:37:58.257791,18,2,0,0,0,Clear,14500,None,,PS-007,Closed
FIR-005286,Theft,3,Central Zone,26.909424,75.79191,2025-10-14T23:29:58.257791,23,1,1,0,0,Rain,14500,None,,PS-001,Closed
FIR-005287,Theft,3,North District,26.928241,75.820625,2026-05-10T20:20:58.257791,20,6,1,1,0,Cloudy,8200,None,,PS-008,Closed
FIR-005288,Assault,5,Old City,26.922601,75.803484,2026-03-17T12:12:58.257791,12,1,0,0,0,Clear,16200,Blunt Object,P-00517,PS-008,Chargesheet Filed
FIR-005289,Burglary,3,Old City,26.909863,75.81574,2025-12-06T02:57:58.257791,2,5,1,1,0,Clear,16200,None,,PS-008,Chargesheet Filed
FIR-005290,Robbery,3,West Sector,26.886491,75.775929,2026-05-30T10:02:58.257791,10,5,0,1,0,Clear,9100,Improvised,,PS-001,Chargesheet Filed
FIR-005291,Burglary,3,Industrial Belt,26.855605,75.780282,2026-06-07T15:14:58.257791,15,6,0,1,0,Clear,3100,None,P-00282,PS-005,Under Investigation
FIR-005292,Cybercrime,1,South Division,26.862743,75.778996,2026-07-19T17:10:58.257791,17,6,0,1,0,Fog,6400,None,P-00528,PS-006,Under Investigation
FIR-005293,Burglary,2,West Sector,26.884613,75.767267,2025-12-08T05:18:58.257791,5,0,0,0,0,Clear,9100,None,P-00399,PS-003,Under Investigation
FIR-005294,Robbery,4,North District,26.9265,75.812682,2026-05-23T02:19:58.257791,2,5,1,1,0,Clear,8200,None,P-00474,PS-006,Under Investigation
FIR-005295,Extortion,5,Central Zone,26.907387,75.808128,2026-07-11T13:46:58.257791,13,5,0,1,0,Rain,14500,Blunt Object,P-00527,PS-002,Under Investigation
FIR-005296,Cybercrime,3,Central Zone,26.906029,75.799375,2025-10-12T05:35:58.257791,5,6,0,1,0,Clear,14500,None,P-00131,PS-003,Under Investigation
FIR-005297,Fraud,1,East Ward,26.907955,75.826416,2026-04-11T23:56:58.257791,23,5,1,1,0,Fog,10800,None,P-00219,PS-001,Closed
FIR-005298,Assault,3,Riverside,26.890781,75.801484,2026-04-26T20:08:58.257791,20,6,1,1,0,Rain,5200,Firearm,,PS-002,Closed
FIR-005299,Robbery,5,Central Zone,26.899498,75.794975,2026-03-29T17:26:58.257791,17,6,0,1,0,Fog,14500,Improvised,,PS-005,Closed
FIR-005300,Burglary,3,Old City,26.919568,75.80897,2026-05-04T03:58:58.257791,3,0,1,0,0,Cloudy,16200,None,P-00403,PS-007,Chargesheet Filed
FIR-005301,Fraud,3,Central Zone,26.889274,75.802879,2026-07-21T16:09:58.257791,16,1,0,0,0,Clear,14500,None,P-00103,PS-001,Under Investigation
FIR-005302,Theft,3,North District,26.929484,75.82106,2025-09-18T21:22:58.257791,21,3,1,0,0,Clear,8200,None,,PS-008,Under Investigation
FIR-005303,Fraud,3,Central Zone,26.88809,75.789116,2025-08-21T04:59:58.257791,4,3,1,0,0,Clear,14500,None,,PS-008,Chargesheet Filed
FIR-005304,Theft,1,North District,26.921893,75.820347,2025-09-05T07:34:58.257791,7,4,0,0,0,Clear,8200,None,P-00055,PS-008,Closed
FIR-005305,Fraud,2,East Ward,26.894591,75.827658,2026-06-28T09:18:58.257791,9,6,0,1,0,Cloudy,10800,None,,PS-001,Under Investigation
FIR-005306,Vehicle Theft,3,East Ward,26.899887,75.833158,2026-05-04T15:43:58.257791,15,0,0,0,0,Rain,10800,None,P-00478,PS-003,Under Investigation
FIR-005307,Vehicle Theft,2,North District,26.928452,75.813332,2025-12-13T17:30:58.257791,17,5,0,1,0,Rain,8200,None,P-00551,PS-005,Under Investigation
FIR-005308,Robbery,4,Central Zone,26.910577,75.793698,2026-01-10T23:22:58.257791,23,5,1,1,0,Fog,14500,Knife,P-00273,PS-006,Chargesheet Filed
FIR-005309,Theft,1,North District,26.917116,75.820933,2026-03-22T11:04:58.257791,11,6,0,1,0,Fog,8200,None,P-00301,PS-006,Under Investigation
FIR-005310,Robbery,4,Industrial Belt,26.858001,75.774516,2025-11-13T03:11:58.257791,3,3,1,0,0,Heatwave,3100,None,P-00369,PS-001,Under Investigation
FIR-005311,Vehicle Theft,2,East Ward,26.91501,75.82367,2026-02-04T10:44:58.257791,10,2,0,0,0,Rain,10800,None,P-00227,PS-003,Under Investigation
FIR-005312,Extortion,4,East Ward,26.896257,75.81997,2026-04-24T10:31:58.257791,10,4,0,0,0,Cloudy,10800,Blunt Object,P-00131,PS-003,Under Investigation
FIR-005313,Theft,2,Industrial Belt,26.84825,75.771167,2026-02-17T21:23:58.257791,21,1,1,0,0,Clear,3100,None,,PS-008,Under Investigation
FIR-005314,Theft,1,West Sector,26.884646,75.780503,2026-01-20T14:41:58.257791,14,1,0,0,0,Clear,9100,None,,PS-008,Under Investigation
FIR-005315,Theft,1,East Ward,26.895711,75.833483,2025-11-27T16:02:58.257791,16,3,0,0,0,Heatwave,10800,None,,PS-004,Under Investigation
FIR-005316,Assault,4,East Ward,26.916541,75.836696,2025-10-14T13:35:58.257791,13,1,0,0,0,Cloudy,10800,Knife,P-00518,PS-004,Closed
FIR-005317,Burglary,3,West Sector,26.897339,75.768654,2025-11-26T04:46:58.257791,4,2,1,0,0,Cloudy,9100,None,,PS-005,Under Investigation
FIR-005318,Vehicle Theft,1,South Division,26.865603,75.78576,2026-05-20T20:16:58.257791,20,2,1,0,0,Rain,6400,None,P-00569,PS-007,Chargesheet Filed
FIR-005319,Narcotics,2,North District,26.928499,75.808162,2026-07-05T03:21:58.257791,3,6,1,1,0,Cloudy,8200,None,P-00569,PS-003,Under Investigation
FIR-005320,Vehicle Theft,1,East Ward,26.898862,75.837183,2026-02-13T05:24:58.257791,5,4,0,0,0,Fog,10800,None,P-00334,PS-007,Closed
FIR-005321,Burglary,4,Old City,26.922065,75.793528,2025-11-02T10:43:58.257791,10,6,0,1,0,Fog,16200,None,,PS-005,Chargesheet Filed
FIR-005322,Theft,1,South Division,26.872901,75.781333,2025-10-10T09:30:58.257791,9,4,0,0,0,Fog,6400,None,,PS-002,Under Investigation
FIR-005323,Burglary,4,Industrial Belt,26.859933,75.771004,2026-07-12T03:41:58.257791,3,6,1,1,0,Clear,3100,None,,PS-004,Under Investigation
FIR-005324,Burglary,3,South Division,26.861872,75.780746,2026-04-21T04:19:58.257791,4,1,1,0,0,Rain,6400,None,P-00121,PS-001,Closed
FIR-005325,Theft,3,Industrial Belt,26.867961,75.772502,2025-09-21T17:24:58.257791,17,6,0,1,0,Clear,3100,None,P-00419,PS-006,Under Investigation
FIR-005326,Fraud,2,Old City,26.916837,75.800468,2025-09-06T13:59:58.257791,13,5,0,1,0,Clear,16200,None,P-00143,PS-004,Closed
FIR-005327,Theft,2,Old City,26.924786,75.814781,2026-03-26T12:33:58.257791,12,3,0,0,0,Cloudy,16200,None,P-00351,PS-001,Chargesheet Filed
FIR-005328,Burglary,2,East Ward,26.904219,75.834451,2025-08-22T16:42:58.257791,16,4,0,0,0,Clear,10800,None,,PS-004,Under Investigation
FIR-005329,Assault,4,East Ward,26.915063,75.83942,2026-06-04T10:42:58.257791,10,3,0,0,0,Rain,10800,Knife,,PS-007,Under Investigation
FIR-005330,Assault,4,Central Zone,26.892324,75.802137,2026-02-07T16:35:58.257791,16,5,0,1,0,Cloudy,14500,Knife,,PS-007,Closed
FIR-005331,Assault,4,Central Zone,26.907191,75.797954,2026-01-06T11:41:58.257791,11,1,0,0,0,Rain,14500,Knife,P-00475,PS-001,Under Investigation
FIR-005332,Assault,5,West Sector,26.899923,75.764426,2025-12-16T06:54:58.257791,6,1,0,0,0,Clear,9100,Blunt Object,,PS-007,Closed
FIR-005333,Vehicle Theft,2,Old City,26.922065,75.816232,2025-12-12T02:44:58.257791,2,4,1,0,0,Rain,16200,None,P-00190,PS-007,Closed
FIR-005334,Cybercrime,3,West Sector,26.897698,75.773126,2026-05-01T18:51:58.257791,18,4,0,0,0,Clear,9100,None,P-00151,PS-002,Chargesheet Filed
FIR-005335,Assault,5,South Division,26.861194,75.794104,2026-07-02T05:35:58.257791,5,3,0,0,0,Fog,6400,Knife,P-00104,PS-004,Under Investigation
FIR-005336,Fraud,1,Old City,26.918283,75.804295,2025-10-13T11:35:58.257791,11,0,0,0,0,Clear,16200,None,P-00246,PS-003,Under Investigation
FIR-005337,Burglary,4,East Ward,26.894556,75.833428,2026-02-25T10:14:58.257791,10,2,0,0,0,Cloudy,10800,None,P-00459,PS-005,Under Investigation
FIR-005338,Burglary,2,Old City,26.912031,75.798225,2025-11-22T00:59:58.257791,0,5,1,1,0,Cloudy,16200,None,P-00397,PS-002,Chargesheet Filed
FIR-005339,Burglary,3,South Division,26.870439,75.798663,2025-10-11T03:58:58.257791,3,5,1,1,0,Clear,6400,None,,PS-003,Under Investigation
FIR-005340,Robbery,5,East Ward,26.905585,75.830637,2026-06-18T06:45:58.257791,6,3,0,0,0,Clear,10800,None,P-00126,PS-007,Under Investigation
FIR-005341,Assault,2,East Ward,26.90993,75.831145,2025-12-01T13:42:58.257791,13,0,0,0,0,Cloudy,10800,Improvised,,PS-004,Under Investigation
FIR-005342,Burglary,2,Industrial Belt,26.86951,75.761212,2026-02-16T21:47:58.257791,21,0,1,0,0,Cloudy,3100,None,P-00065,PS-002,Under Investigation
FIR-005343,Vehicle Theft,3,East Ward,26.895698,75.823847,2026-03-04T04:19:58.257791,4,2,1,0,0,Cloudy,10800,None,P-00120,PS-005,Under Investigation
FIR-005344,Robbery,5,South Division,26.879948,75.79619,2026-07-08T23:26:58.257791,23,2,1,0,0,Clear,6400,Knife,P-00062,PS-005,Closed
FIR-005345,Burglary,3,South Division,26.863858,75.79117,2025-07-31T15:51:58.257791,15,3,0,0,0,Fog,6400,None,,PS-002,Under Investigation
FIR-005346,Assault,2,West Sector,26.904056,75.772893,2026-03-23T16:50:58.257791,16,0,0,0,0,Rain,9100,Knife,,PS-005,Under Investigation
FIR-005347,Assault,3,Industrial Belt,26.861569,75.762945,2025-09-04T23:53:58.257791,23,3,1,0,0,Clear,3100,None,P-00422,PS-003,Under Investigation
FIR-005348,Theft,3,Riverside,26.877964,75.820736,2026-02-21T08:58:58.257791,8,5,0,1,0,Clear,5200,None,,PS-002,Closed
FIR-005349,Fraud,3,Old City,26.920179,75.79827,2025-12-31T10:56:58.257791,10,2,0,0,0,Clear,16200,None,,PS-003,Closed
FIR-005350,Kidnapping,5,West Sector,26.904184,75.785255,2025-08-20T22:04:58.257791,22,2,1,0,0,Cloudy,9100,Blunt Object,,PS-005,Cold
FIR-005351,Robbery,5,Industrial Belt,26.856403,75.775681,2026-04-22T09:27:58.257791,9,2,0,0,0,Clear,3100,Knife,P-00055,PS-006,Chargesheet Filed
FIR-005352,Vehicle Theft,3,Old City,26.924805,75.806412,2026-03-15T13:20:58.257791,13,6,0,1,1,Fog,16200,None,P-00219,PS-002,Closed
FIR-005353,Fraud,1,Industrial Belt,26.858449,75.763284,2026-03-25T13:32:58.257791,13,2,0,0,0,Rain,3100,None,P-00551,PS-006,Chargesheet Filed
FIR-005354,Burglary,2,Central Zone,26.895256,75.81108,2025-10-01T19:04:58.257791,19,2,0,0,0,Fog,14500,None,P-00593,PS-005,Cold
FIR-005355,Extortion,5,East Ward,26.910436,75.823451,2025-09-10T01:47:58.257791,1,2,1,0,0,Cloudy,10800,Blunt Object,P-00397,PS-004,Closed
FIR-005356,Burglary,4,Old City,26.919607,75.796224,2025-12-21T11:59:58.257791,11,6,0,1,0,Clear,16200,None,P-00148,PS-008,Chargesheet Filed
FIR-005357,Fraud,3,North District,26.930039,75.828105,2025-12-15T21:20:58.257791,21,0,1,0,1,Clear,8200,None,,PS-002,Chargesheet Filed
FIR-005358,Theft,2,Central Zone,26.88861,75.811648,2025-07-29T20:17:58.257791,20,1,1,0,0,Clear,14500,None,,PS-007,Under Investigation
FIR-005359,Burglary,4,North District,26.922113,75.810587,2026-05-06T18:18:58.257791,18,2,0,0,0,Cloudy,8200,None,,PS-003,Under Investigation
FIR-005360,Narcotics,3,Industrial Belt,26.870366,75.759529,2025-09-21T22:51:58.257791,22,6,1,1,0,Clear,3100,None,P-00015,PS-002,Closed
FIR-005361,Theft,1,South Division,26.872526,75.78683,2026-02-26T17:09:58.257791,17,3,0,0,0,Heatwave,6400,None,P-00593,PS-006,Under Investigation
FIR-005362,Theft,1,Riverside,26.888001,75.812426,2025-09-02T14:05:58.257791,14,1,0,0,0,Clear,5200,None,,PS-005,Closed
FIR-005363,Burglary,4,East Ward,26.907631,75.827635,2026-04-17T14:00:58.257791,14,4,0,0,0,Rain,10800,None,P-00517,PS-008,Chargesheet Filed
FIR-005364,Assault,3,Central Zone,26.901722,75.798095,2026-03-02T23:37:58.257791,23,0,1,0,0,Clear,14500,Knife,,PS-008,Closed
FIR-005365,Robbery,5,Industrial Belt,26.851245,75.764047,2026-03-10T17:50:58.257791,17,1,0,0,0,Clear,3100,Firearm,P-00292,PS-001,Under Investigation
FIR-005366,Burglary,3,Old City,26.920027,75.81465,2026-07-02T05:43:58.257791,5,3,0,0,0,Heatwave,16200,None,,PS-007,Closed
FIR-005367,Vehicle Theft,3,South Division,26.865522,75.78327,2026-01-29T20:22:58.257791,20,3,1,0,0,Clear,6400,None,,PS-003,Under Investigation
FIR-005368,Theft,1,West Sector,26.883106,75.764736,2026-01-13T07:09:58.257791,7,1,0,0,0,Clear,9100,None,,PS-001,Under Investigation
FIR-005369,Theft,3,East Ward,26.905173,75.836771,2025-12-03T18:06:58.257791,18,2,0,0,0,Clear,10800,None,P-00202,PS-005,Under Investigation
FIR-005370,Fraud,2,South Division,26.868234,75.785508,2025-08-07T12:41:58.257791,12,3,0,0,0,Rain,6400,None,P-00551,PS-005,Chargesheet Filed
FIR-005371,Robbery,4,Central Zone,26.889599,75.799114,2026-02-12T07:44:58.257791,7,3,0,0,0,Fog,14500,Knife,P-00431,PS-004,Cold
FIR-005372,Fraud,3,North District,26.931668,75.811039,2025-10-05T10:23:58.257791,10,6,0,1,0,Clear,8200,None,P-00581,PS-005,Under Investigation
FIR-005373,Narcotics,4,Old City,26.919276,75.796399,2025-08-17T09:10:58.257791,9,6,0,1,0,Rain,16200,None,P-00148,PS-008,Cold
FIR-005374,Theft,2,Old City,26.913402,75.816802,2025-12-10T17:54:58.257791,17,2,0,0,0,Clear,16200,None,,PS-008,Closed
FIR-005375,Assault,4,North District,26.911224,75.824068,2026-03-05T02:48:58.257791,2,3,1,0,0,Fog,8200,None,,PS-007,Closed
FIR-005376,Robbery,5,Riverside,26.879679,75.817436,2026-04-20T13:41:58.257791,13,0,0,0,0,Clear,5200,Improvised,,PS-004,Chargesheet Filed
FIR-005377,Burglary,3,South Division,26.869369,75.781086,2026-01-06T13:18:58.257791,13,1,0,0,0,Heatwave,6400,None,,PS-004,Chargesheet Filed
FIR-005378,Kidnapping,5,West Sector,26.896127,75.770512,2026-07-06T05:53:58.257791,5,0,0,0,0,Clear,9100,None,P-00101,PS-001,Under Investigation
FIR-005379,Theft,2,West Sector,26.894766,75.774442,2025-12-31T08:14:58.257791,8,2,0,0,0,Clear,9100,None,,PS-005,Closed
FIR-005380,Vehicle Theft,1,North District,26.928518,75.820444,2025-08-24T22:42:58.257791,22,6,1,1,0,Clear,8200,None,,PS-001,Under Investigation
FIR-005381,Robbery,3,East Ward,26.912134,75.833912,2026-05-18T06:36:58.257791,6,0,0,0,0,Clear,10800,Firearm,,PS-001,Closed
FIR-005382,Theft,1,North District,26.930597,75.812422,2026-01-31T17:43:58.257791,17,5,0,1,0,Clear,8200,None,,PS-007,Chargesheet Filed
FIR-005383,Cybercrime,3,North District,26.92074,75.826704,2026-01-26T03:00:58.257791,3,0,1,0,0,Clear,8200,None,P-00060,PS-002,Under Investigation
FIR-005384,Fraud,1,Central Zone,26.905258,75.789887,2026-01-02T11:03:58.257791,11,4,0,0,0,Cloudy,14500,None,P-00561,PS-006,Under Investigation
FIR-005385,Theft,1,Old City,26.919972,75.810177,2025-10-08T08:23:58.257791,8,2,0,0,0,Clear,16200,None,,PS-005,Closed
FIR-005386,Burglary,4,South Division,26.872138,75.795385,2026-03-09T20:08:58.257791,20,0,1,0,0,Clear,6400,None,,PS-002,Under Investigation
FIR-005387,Vehicle Theft,1,South Division,26.879833,75.797256,2025-09-22T10:04:58.257791,10,0,0,0,0,Rain,6400,None,,PS-007,Closed
FIR-005388,Assault,2,East Ward,26.916024,75.836068,2026-03-28T02:06:58.257791,2,5,1,1,0,Clear,10800,Blunt Object,,PS-007,Chargesheet Filed
FIR-005389,Theft,3,Old City,26.91263,75.799258,2026-02-01T20:14:58.257791,20,6,1,1,0,Fog,16200,None,P-00419,PS-003,Under Investigation
FIR-005390,Cybercrime,3,West Sector,26.892804,75.776244,2026-01-28T20:21:58.257791,20,2,1,0,0,Clear,9100,None,,PS-006,Under Investigation
FIR-005391,Assault,4,North District,26.915744,75.822159,2025-11-17T19:03:58.257791,19,0,0,0,0,Clear,8200,Knife,,PS-008,Under Investigation
FIR-005392,Theft,3,Old City,26.913023,75.81106,2026-07-23T16:11:58.257791,16,3,0,0,0,Rain,16200,None,P-00108,PS-001,Closed
FIR-005393,Fraud,2,Riverside,26.879132,75.799136,2026-01-28T12:22:58.257791,12,2,0,0,0,Rain,5200,None,,PS-002,Under Investigation
FIR-005394,Vehicle Theft,3,Old City,26.922451,75.798375,2025-08-06T21:38:58.257791,21,2,1,0,0,Rain,16200,None,P-00478,PS-003,Under Investigation
FIR-005395,Narcotics,3,Old City,26.907986,75.803313,2025-11-18T00:35:58.257791,0,1,1,0,0,Cloudy,16200,None,,PS-007,Under Investigation
FIR-005396,Cybercrime,1,Central Zone,26.908367,75.793292,2026-03-27T16:10:58.257791,16,4,0,0,0,Fog,14500,None,P-00190,PS-006,Closed
FIR-005397,Vehicle Theft,1,West Sector,26.889681,75.785726,2025-10-29T23:05:58.257791,23,2,1,0,0,Fog,9100,None,,PS-004,Closed
FIR-005398,Robbery,5,Old City,26.904301,75.804007,2026-07-20T16:54:58.257791,16,0,0,0,0,Cloudy,16200,None,P-00073,PS-006,Cold
FIR-005399,Narcotics,4,West Sector,26.902867,75.772894,2025-08-11T17:20:58.257791,17,0,0,0,0,Clear,9100,None,,PS-006,Under Investigation
FIR-005400,Fraud,1,Riverside,26.886569,75.813441,2026-05-17T16:33:58.257791,16,6,0,1,0,Cloudy,5200,None,P-00117,PS-001,Chargesheet Filed
FIR-005401,Theft,2,Central Zone,26.903347,75.795956,2025-11-20T14:14:58.257791,14,3,0,0,0,Clear,14500,None,,PS-006,Cold
FIR-005402,Narcotics,3,Central Zone,26.908078,75.810116,2026-07-11T10:51:58.257791,10,5,0,1,0,Clear,14500,None,P-00461,PS-006,Under Investigation
FIR-005403,Fraud,2,South Division,26.867669,75.792924,2026-05-24T12:04:58.257791,12,6,0,1,0,Fog,6400,None,P-00195,PS-003,Cold
FIR-005404,Vehicle Theft,3,Industrial Belt,26.857879,75.75826,2026-03-05T00:40:58.257791,0,3,1,0,0,Cloudy,3100,None,P-00303,PS-007,Closed
FIR-005405,Assault,3,East Ward,26.910746,75.832835,2025-08-22T19:11:58.257791,19,4,0,0,0,Clear,10800,Improvised,P-00545,PS-003,Chargesheet Filed
FIR-005406,Theft,1,North District,26.917011,75.826983,2026-04-16T00:00:58.257791,0,3,1,0,0,Clear,8200,None,,PS-002,Closed
FIR-005407,Burglary,2,East Ward,26.90341,75.834577,2026-03-07T23:29:58.257791,23,5,1,1,0,Cloudy,10800,None,,PS-007,Under Investigation
FIR-005408,Assault,2,Industrial Belt,26.850812,75.762335,2026-05-23T06:05:58.257791,6,5,0,1,0,Clear,3100,Firearm,,PS-001,Chargesheet Filed
FIR-005409,Fraud,2,Central Zone,26.89074,75.810015,2025-09-14T09:17:58.257791,9,6,0,1,0,Clear,14500,None,P-00459,PS-004,Closed
FIR-005410,Extortion,3,Central Zone,26.88904,75.801047,2025-12-08T08:43:58.257791,8,0,0,0,0,Clear,14500,Blunt Object,,PS-005,Closed
FIR-005411,Burglary,2,East Ward,26.909861,75.819823,2025-10-31T05:35:58.257791,5,4,0,0,0,Cloudy,10800,None,P-00282,PS-005,Under Investigation
FIR-005412,Robbery,3,Central Zone,26.90351,75.803545,2026-01-08T02:43:58.257791,2,3,1,0,0,Clear,14500,Improvised,,PS-003,Cold
FIR-005413,Robbery,3,North District,26.912165,75.81234,2026-02-19T22:37:58.257791,22,3,1,0,0,Clear,8200,Improvised,P-00565,PS-005,Closed
FIR-005414,Burglary,2,Riverside,26.87777,75.819126,2026-04-07T03:27:58.257791,3,1,1,0,0,Clear,5200,None,,PS-003,Under Investigation
FIR-005415,Extortion,3,Old City,26.916666,75.815756,2026-04-14T09:08:58.257791,9,1,0,0,0,Clear,16200,Blunt Object,P-00111,PS-007,Chargesheet Filed
FIR-005416,Theft,2,Riverside,26.887197,75.810012,2026-05-22T23:41:58.257791,23,4,1,0,0,Clear,5200,None,P-00193,PS-004,Cold
FIR-005417,Vehicle Theft,2,South Division,26.867685,75.783665,2026-01-12T16:55:58.257791,16,0,0,0,0,Clear,6400,None,P-00483,PS-001,Under Investigation
FIR-005418,Theft,3,Industrial Belt,26.855109,75.767016,2025-07-31T13:19:58.257791,13,3,0,0,0,Clear,3100,None,,PS-001,Closed
FIR-005419,Cybercrime,1,Central Zone,26.908652,75.799026,2025-09-20T11:43:58.257791,11,5,0,1,0,Cloudy,14500,None,P-00256,PS-005,Closed
FIR-005420,Kidnapping,4,East Ward,26.914841,75.833479,2026-01-04T14:48:58.257791,14,6,0,1,0,Cloudy,10800,Knife,,PS-004,Chargesheet Filed
FIR-005421,Fraud,2,West Sector,26.888838,75.780552,2025-08-05T06:27:58.257791,6,1,0,0,0,Rain,9100,None,,PS-003,Under Investigation
FIR-005422,Cybercrime,1,Central Zone,26.907858,75.797448,2025-09-10T15:49:58.257791,15,2,0,0,0,Clear,14500,None,P-00231,PS-006,Cold
FIR-005423,Vehicle Theft,1,Industrial Belt,26.857558,75.780722,2026-03-31T11:35:58.257791,11,1,0,0,0,Fog,3100,None,P-00234,PS-002,Under Investigation
FIR-005424,Fraud,2,Old City,26.904344,75.816707,2025-08-23T16:57:58.257791,16,5,0,1,0,Clear,16200,None,,PS-008,Under Investigation
FIR-005425,Vehicle Theft,1,Old City,26.911023,75.808,2026-01-07T04:10:58.257791,4,2,1,0,0,Clear,16200,None,,PS-003,Cold
FIR-005426,Burglary,4,Old City,26.910318,75.798394,2026-04-28T06:55:58.257791,6,1,0,0,0,Heatwave,16200,None,,PS-003,Under Investigation
FIR-005427,Theft,1,West Sector,26.906395,75.779111,2026-04-15T20:08:58.257791,20,2,1,0,1,Rain,9100,None,,PS-006,Under Investigation
FIR-005428,Theft,2,West Sector,26.905882,75.775097,2025-12-31T17:01:58.257791,17,2,0,0,0,Cloudy,9100,None,,PS-001,Closed
FIR-005429,Burglary,3,East Ward,26.901557,75.831895,2025-08-13T14:37:58.257791,14,2,0,0,0,Clear,10800,None,,PS-007,Under Investigation
FIR-005430,Assault,4,Old City,26.914858,75.806373,2026-01-25T04:17:58.257791,4,6,1,1,0,Clear,16200,Firearm,,PS-005,Under Investigation
FIR-005431,Fraud,2,South Division,26.85852,75.801938,2025-10-10T19:14:58.257791,19,4,0,0,0,Clear,6400,None,P-00227,PS-007,Closed
FIR-005432,Theft,3,Riverside,26.887597,75.807642,2026-03-05T16:58:58.257791,16,3,0,0,0,Cloudy,5200,None,P-00246,PS-006,Chargesheet Filed
FIR-005433,Theft,3,Old City,26.919425,75.797547,2026-03-10T13:45:58.257791,13,1,0,0,0,Clear,16200,None,P-00280,PS-008,Chargesheet Filed
FIR-005434,Theft,3,North District,26.927706,75.831334,2025-10-19T05:03:58.257791,5,6,0,1,0,Clear,8200,None,,PS-003,Chargesheet Filed
FIR-005435,Theft,3,East Ward,26.910806,75.834431,2025-09-06T11:21:58.257791,11,5,0,1,0,Cloudy,10800,None,P-00448,PS-004,Cold
FIR-005436,Burglary,3,South Division,26.870483,75.787103,2025-10-02T09:13:58.257791,9,3,0,0,0,Heatwave,6400,None,,PS-008,Under Investigation
FIR-005437,Fraud,3,Central Zone,26.901293,75.795187,2026-04-21T12:49:58.257791,12,1,0,0,0,Clear,14500,None,,PS-008,Closed
FIR-005438,Theft,1,Industrial Belt,26.869111,75.765195,2025-11-30T13:04:58.257791,13,6,0,1,0,Clear,3100,None,P-00131,PS-006,Under Investigation
FIR-005439,Theft,2,East Ward,26.904054,75.818129,2026-03-17T16:00:58.257791,16,1,0,0,0,Rain,10800,None,P-00509,PS-001,Under Investigation
FIR-005440,Burglary,4,West Sector,26.884041,75.783431,2025-09-28T17:17:58.257791,17,6,0,1,0,Clear,9100,None,P-00334,PS-002,Cold
FIR-005441,Assault,3,North District,26.916679,75.81761,2026-03-29T17:38:58.257791,17,6,0,1,0,Clear,8200,Firearm,,PS-007,Under Investigation
FIR-005442,Narcotics,4,East Ward,26.907188,75.832877,2026-01-20T00:39:58.257791,0,1,1,0,0,Rain,10800,None,P-00073,PS-008,Closed
FIR-005443,Theft,2,Old City,26.915612,75.807868,2025-09-14T07:24:58.257791,7,6,0,1,0,Clear,16200,None,P-00245,PS-002,Closed
FIR-005444,Cybercrime,2,South Division,26.875674,75.783473,2025-08-04T10:51:58.257791,10,0,0,0,0,Clear,6400,None,P-00556,PS-002,Under Investigation
FIR-005445,Robbery,4,South Division,26.858588,75.799678,2026-03-24T19:41:58.257791,19,1,0,0,0,Fog,6400,Firearm,,PS-004,Under Investigation
FIR-005446,Theft,1,East Ward,26.904517,75.836166,2026-07-19T08:31:58.257791,8,6,0,1,0,Clear,10800,None,P-00077,PS-003,Closed
FIR-005447,Cybercrime,1,Central Zone,26.890874,75.801167,2025-08-26T13:09:58.257791,13,1,0,0,0,Clear,14500,None,P-00372,PS-006,Chargesheet Filed
FIR-005448,Fraud,1,South Division,26.85859,75.781874,2025-12-25T21:47:58.257791,21,3,1,0,0,Heatwave,6400,None,,PS-008,Under Investigation
FIR-005449,Vehicle Theft,3,Old City,26.926926,75.796137,2026-04-15T05:55:58.257791,5,2,0,0,1,Rain,16200,None,P-00111,PS-005,Closed
FIR-005450,Theft,3,South Division,26.861437,75.801417,2025-10-01T15:50:58.257791,15,2,0,0,0,Clear,6400,None,,PS-007,Under Investigation
FIR-005451,Robbery,5,West Sector,26.884492,75.763199,2025-10-13T18:11:58.257791,18,0,0,0,0,Clear,9100,None,,PS-006,Closed
FIR-005452,Robbery,3,North District,26.912551,75.808362,2025-08-28T13:12:58.257791,13,3,0,0,0,Rain,8200,Firearm,,PS-005,Under Investigation
FIR-005453,Theft,3,West Sector,26.906328,75.783134,2025-08-15T07:55:58.257791,7,4,0,0,1,Rain,9100,None,,PS-002,Under Investigation
FIR-005454,Assault,4,Central Zone,26.909282,75.806496,2025-12-22T08:16:58.257791,8,0,0,0,0,Clear,14500,Blunt Object,,PS-003,Under Investigation
FIR-005455,Narcotics,3,Industrial Belt,26.870427,75.763086,2025-11-22T16:32:58.257791,16,5,0,1,0,Fog,3100,None,P-00482,PS-003,Under Investigation
FIR-005456,Burglary,3,East Ward,26.900281,75.840024,2026-02-11T21:21:58.257791,21,2,1,0,0,Rain,10800,None,P-00573,PS-003,Under Investigation
FIR-005457,Assault,2,North District,26.921023,75.822047,2026-01-21T11:42:58.257791,11,2,0,0,0,Fog,8200,None,,PS-002,Under Investigation
FIR-005458,Vehicle Theft,1,North District,26.908312,75.830144,2025-10-22T06:06:58.257791,6,2,0,0,0,Fog,8200,None,P-00437,PS-001,Under Investigation
FIR-005459,Assault,3,Central Zone,26.902418,75.798163,2025-12-13T11:39:58.257791,11,5,0,1,0,Cloudy,14500,Blunt Object,P-00475,PS-002,Cold
FIR-005460,Robbery,3,Industrial Belt,26.854236,75.75932,2026-03-19T23:42:58.257791,23,3,1,0,0,Fog,3100,Improvised,P-00557,PS-003,Closed
FIR-005461,Assault,3,Central Zone,26.90272,75.806239,2025-12-03T06:33:58.257791,6,2,0,0,0,Rain,14500,Firearm,,PS-003,Under Investigation
FIR-005462,Burglary,4,South Division,26.861146,75.784587,2026-05-26T17:23:58.257791,17,1,0,0,0,Clear,6400,None,P-00120,PS-004,Under Investigation
FIR-005463,Robbery,4,North District,26.929397,75.823276,2025-08-13T20:45:58.257791,20,2,1,0,0,Cloudy,8200,Knife,,PS-007,Closed
FIR-005464,Cybercrime,1,Central Zone,26.897855,75.794788,2026-01-18T06:57:58.257791,6,6,0,1,0,Clear,14500,None,,PS-007,Under Investigation
FIR-005465,Cybercrime,1,South Division,26.881103,75.800216,2026-04-30T22:06:58.257791,22,3,1,0,0,Clear,6400,None,,PS-005,Under Investigation
FIR-005466,Robbery,4,West Sector,26.892406,75.785763,2026-02-11T12:53:58.257791,12,2,0,0,0,Clear,9100,Blunt Object,P-00588,PS-001,Under Investigation
FIR-005467,Narcotics,4,Riverside,26.877418,75.804248,2026-03-17T19:54:58.257791,19,1,0,0,0,Heatwave,5200,None,P-00020,PS-001,Under Investigation
FIR-005468,Assault,2,West Sector,26.903164,75.78355,2025-12-28T20:10:58.257791,20,6,1,1,0,Rain,9100,Firearm,P-00015,PS-005,Under Investigation
FIR-005469,Burglary,3,Old City,26.924391,75.812975,2025-09-08T00:19:58.257791,0,0,1,0,0,Clear,16200,None,,PS-003,Chargesheet Filed
FIR-005470,Theft,2,East Ward,26.906004,75.826917,2025-08-26T16:47:58.257791,16,1,0,0,0,Cloudy,10800,None,,PS-006,Closed
FIR-005471,Robbery,5,Industrial Belt,26.864224,75.760826,2026-05-28T20:34:58.257791,20,3,1,0,0,Cloudy,3100,Blunt Object,,PS-007,Chargesheet Filed
FIR-005472,Robbery,5,Industrial Belt,26.858331,75.767828,2025-11-20T11:46:58.257791,11,3,0,0,0,Clear,3100,Blunt Object,P-00077,PS-002,Under Investigation
FIR-005473,Theft,2,East Ward,26.916552,75.839212,2025-08-30T11:17:58.257791,11,5,0,1,0,Clear,10800,None,,PS-001,Cold
FIR-005474,Cybercrime,2,South Division,26.85852,75.789133,2026-02-18T20:45:58.257791,20,2,1,0,0,Clear,6400,None,P-00170,PS-005,Cold
FIR-005475,Theft,2,South Division,26.874136,75.796976,2025-08-13T09:59:58.257791,9,2,0,0,0,Clear,6400,None,P-00107,PS-006,Under Investigation
FIR-005476,Robbery,5,South Division,26.875698,75.800618,2026-03-18T07:01:58.257791,7,2,0,0,0,Clear,6400,Firearm,P-00159,PS-004,Under Investigation
FIR-005477,Theft,3,West Sector,26.886081,75.774601,2025-12-04T12:19:58.257791,12,3,0,0,0,Clear,9100,None,P-00338,PS-002,Under Investigation
FIR-005478,Narcotics,3,Riverside,26.888331,75.807711,2025-08-08T00:09:58.257791,0,4,1,0,0,Clear,5200,None,P-00494,PS-002,Chargesheet Filed
FIR-005479,Cybercrime,1,Old City,26.913562,75.795201,2025-09-28T08:15:58.257791,8,6,0,1,0,Clear,16200,None,P-00302,PS-002,Under Investigation
FIR-005480,Assault,2,North District,26.908121,75.822157,2026-06-09T10:49:58.257791,10,1,0,0,0,Fog,8200,None,P-00419,PS-001,Under Investigation
FIR-005481,Burglary,4,Central Zone,26.899419,75.805311,2026-06-19T04:04:58.257791,4,4,1,0,0,Rain,14500,None,P-00312,PS-006,Cold
FIR-005482,Vehicle Theft,3,South Division,26.876134,75.800524,2025-09-08T05:38:58.257791,5,0,0,0,0,Rain,6400,None,P-00481,PS-008,Closed
FIR-005483,Narcotics,4,East Ward,26.89649,75.830984,2026-05-29T04:06:58.257791,4,4,1,0,0,Rain,10800,None,P-00176,PS-007,Closed
FIR-005484,Fraud,1,Central Zone,26.902715,75.790493,2026-04-19T20:22:58.257791,20,6,1,1,0,Rain,14500,None,P-00483,PS-006,Chargesheet Filed
FIR-005485,Theft,3,Old City,26.907415,75.813681,2026-01-09T19:25:58.257791,19,4,0,0,0,Clear,16200,None,P-00119,PS-002,Closed
FIR-005486,Burglary,2,Riverside,26.874224,75.805456,2025-10-28T11:24:58.257791,11,1,0,0,0,Rain,5200,None,,PS-001,Closed
FIR-005487,Theft,3,West Sector,26.899857,75.778699,2025-12-18T01:04:58.257791,1,3,1,0,0,Clear,9100,None,,PS-004,Under Investigation
FIR-005488,Theft,1,Old City,26.926743,75.805347,2025-12-23T16:04:58.257791,16,1,0,0,0,Rain,16200,None,,PS-002,Chargesheet Filed
FIR-005489,Vehicle Theft,3,West Sector,26.889479,75.78066,2025-08-11T11:28:58.257791,11,0,0,0,0,Cloudy,9100,None,,PS-002,Under Investigation
FIR-005490,Burglary,4,Industrial Belt,26.853869,75.760396,2025-10-17T01:50:58.257791,1,4,1,0,0,Rain,3100,None,,PS-008,Under Investigation
FIR-005491,Burglary,3,West Sector,26.904336,75.777218,2026-01-05T00:09:58.257791,0,0,1,0,0,Cloudy,9100,None,P-00217,PS-001,Chargesheet Filed
FIR-005492,Assault,5,West Sector,26.896335,75.763926,2025-09-13T08:08:58.257791,8,5,0,1,0,Clear,9100,Firearm,P-00087,PS-002,Under Investigation
FIR-005493,Vehicle Theft,1,Riverside,26.872195,75.813491,2025-07-29T06:03:58.257791,6,1,0,0,0,Clear,5200,None,,PS-003,Under Investigation
FIR-005494,Theft,2,Central Zone,26.902247,75.798628,2025-11-20T05:58:58.257791,5,3,0,0,0,Cloudy,14500,None,,PS-003,Under Investigation
FIR-005495,Assault,2,East Ward,26.908383,75.840222,2026-04-09T03:53:58.257791,3,3,1,0,0,Cloudy,10800,Knife,P-00256,PS-004,Chargesheet Filed
FIR-005496,Robbery,3,North District,26.910529,75.813463,2025-11-28T00:35:58.257791,0,4,1,0,0,Cloudy,8200,None,,PS-002,Chargesheet Filed
FIR-005497,Vehicle Theft,2,Old City,26.919457,75.814838,2025-12-10T13:06:58.257791,13,2,0,0,0,Clear,16200,None,,PS-003,Under Investigation
FIR-005498,Robbery,3,Central Zone,26.904818,75.801013,2025-09-07T04:55:58.257791,4,6,1,1,0,Clear,14500,Blunt Object,P-00053,PS-007,Chargesheet Filed
FIR-005499,Theft,2,East Ward,26.913811,75.818585,2026-07-22T01:12:58.257791,1,2,1,0,0,Clear,10800,None,,PS-005,Closed
FIR-005500,Robbery,3,North District,26.927373,75.819604,2026-06-20T11:16:58.257791,11,5,0,1,0,Clear,8200,None,P-00372,PS-008,Under Investigation
FIR-005501,Extortion,4,Old City,26.918857,75.808535,2026-01-12T22:59:58.257791,22,0,1,0,0,Clear,16200,Blunt Object,,PS-004,Closed
FIR-005502,Theft,2,West Sector,26.890822,75.776393,2025-08-20T08:16:58.257791,8,2,0,0,0,Cloudy,9100,None,P-00065,PS-006,Under Investigation
FIR-005503,Burglary,2,East Ward,26.908233,75.841854,2025-08-22T07:06:58.257791,7,4,0,0,0,Rain,10800,None,,PS-007,Under Investigation
FIR-005504,Burglary,3,Industrial Belt,26.866662,75.779342,2026-01-13T00:52:58.257791,0,1,1,0,0,Clear,3100,None,P-00433,PS-002,Closed
FIR-005505,Burglary,4,East Ward,26.89802,75.822772,2026-02-18T01:44:58.257791,1,2,1,0,0,Clear,10800,None,P-00401,PS-006,Under Investigation
FIR-005506,Robbery,3,North District,26.917204,75.818091,2026-03-21T02:48:58.257791,2,5,1,1,0,Cloudy,8200,Improvised,,PS-006,Under Investigation
FIR-005507,Burglary,4,Industrial Belt,26.861535,75.775562,2026-01-16T07:33:58.257791,7,4,0,0,0,Clear,3100,None,P-00467,PS-002,Closed
FIR-005508,Vehicle Theft,1,Old City,26.911928,75.807378,2026-02-17T05:16:58.257791,5,1,0,0,0,Clear,16200,None,P-00397,PS-008,Closed
FIR-005509,Robbery,5,North District,26.910248,75.820154,2026-07-19T13:19:58.257791,13,6,0,1,0,Heatwave,8200,None,,PS-001,Under Investigation
FIR-005510,Cybercrime,3,North District,26.92197,75.828106,2026-04-08T16:10:58.257791,16,2,0,0,0,Clear,8200,None,P-00528,PS-001,Under Investigation
FIR-005511,Burglary,4,Old City,26.924664,75.806344,2025-11-30T20:30:58.257791,20,6,1,1,0,Clear,16200,None,P-00202,PS-003,Under Investigation
FIR-005512,Theft,2,South Division,26.86503,75.790551,2026-06-19T06:13:58.257791,6,4,0,0,0,Clear,6400,None,P-00131,PS-006,Chargesheet Filed
FIR-005513,Fraud,3,Riverside,26.877312,75.812124,2026-03-27T09:56:58.257791,9,4,0,0,0,Clear,5200,None,,PS-008,Under Investigation
FIR-005514,Narcotics,3,South Division,26.876116,75.79215,2025-10-23T14:23:58.257791,14,3,0,0,0,Clear,6400,None,P-00414,PS-005,Chargesheet Filed
FIR-005515,Robbery,3,North District,26.93129,75.820671,2026-01-26T23:39:58.257791,23,0,1,0,0,Rain,8200,None,P-00297,PS-007,Under Investigation
FIR-005516,Narcotics,3,South Division,26.861524,75.782276,2025-10-16T16:30:58.257791,16,3,0,0,0,Fog,6400,None,,PS-002,Chargesheet Filed
FIR-005517,Narcotics,4,Industrial Belt,26.87013,75.764316,2026-07-19T13:20:58.257791,13,6,0,1,0,Cloudy,3100,None,P-00372,PS-003,Under Investigation
FIR-005518,Burglary,4,East Ward,26.901581,75.840278,2026-02-14T08:35:58.257791,8,5,0,1,0,Clear,10800,None,,PS-008,Under Investigation
FIR-005519,Theft,3,South Division,26.881828,75.781289,2026-02-18T12:15:58.257791,12,2,0,0,0,Cloudy,6400,None,P-00569,PS-006,Under Investigation
FIR-005520,Vehicle Theft,3,West Sector,26.888505,75.769446,2025-08-29T02:18:58.257791,2,4,1,0,0,Fog,9100,None,,PS-006,Under Investigation
FIR-005521,Kidnapping,4,North District,26.909121,75.823952,2026-05-18T00:57:58.257791,0,0,1,0,0,Fog,8200,Blunt Object,,PS-006,Under Investigation
FIR-005522,Robbery,3,Central Zone,26.902495,75.799828,2025-11-22T15:23:58.257791,15,5,0,1,0,Cloudy,14500,Improvised,P-00077,PS-007,Closed
FIR-005523,Narcotics,2,Old City,26.922989,75.811645,2026-07-03T07:15:58.257791,7,4,0,0,0,Cloudy,16200,None,,PS-003,Under Investigation
FIR-005524,Robbery,3,Riverside,26.890969,75.803917,2025-08-19T13:20:58.257791,13,1,0,0,0,Cloudy,5200,Improvised,,PS-004,Under Investigation
FIR-005525,Extortion,3,South Division,26.86513,75.798716,2026-07-02T15:28:58.257791,15,3,0,0,0,Clear,6400,None,P-00263,PS-001,Chargesheet Filed
FIR-005526,Fraud,3,South Division,26.870464,75.783723,2025-11-02T18:22:58.257791,18,6,0,1,0,Fog,6400,None,P-00207,PS-007,Under Investigation
FIR-005527,Vehicle Theft,1,Old City,26.910008,75.793744,2026-01-06T11:23:58.257791,11,1,0,0,0,Heatwave,16200,None,,PS-007,Closed
FIR-005528,Cybercrime,2,Old City,26.903395,75.80552,2026-04-30T16:07:58.257791,16,3,0,0,0,Clear,16200,None,P-00475,PS-004,Chargesheet Filed
FIR-005529,Theft,2,Old City,26.918157,75.803354,2025-09-09T01:55:58.257791,1,1,1,0,0,Clear,16200,None,P-00282,PS-003,Cold
FIR-005530,Burglary,4,Old City,26.912583,75.793486,2026-03-26T13:19:58.257791,13,3,0,0,0,Fog,16200,None,,PS-008,Chargesheet Filed
FIR-005531,Robbery,3,Riverside,26.890971,75.799504,2025-07-27T04:53:58.257791,4,6,1,1,0,Cloudy,5200,Blunt Object,,PS-001,Closed
FIR-005532,Narcotics,4,Central Zone,26.901394,75.80919,2025-09-24T21:30:58.257791,21,2,1,0,0,Cloudy,14500,None,,PS-001,Closed
FIR-005533,Fraud,2,Old City,26.908361,75.799736,2025-10-18T01:00:58.257791,1,5,1,1,0,Heatwave,16200,None,P-00245,PS-001,Closed
FIR-005534,Assault,3,Central Zone,26.903462,75.808337,2025-08-13T16:21:58.257791,16,2,0,0,0,Cloudy,14500,Knife,P-00011,PS-002,Cold
FIR-005535,Burglary,3,East Ward,26.915843,75.838933,2026-01-09T21:52:58.257791,21,4,1,0,0,Cloudy,10800,None,P-00159,PS-003,Under Investigation
FIR-005536,Burglary,3,Industrial Belt,26.848961,75.776814,2026-06-21T10:41:58.257791,10,6,0,1,0,Fog,3100,None,P-00582,PS-008,Under Investigation
FIR-005537,Fraud,3,North District,26.92153,75.815341,2026-02-27T07:00:58.257791,7,4,0,0,0,Clear,8200,None,,PS-005,Closed
FIR-005538,Assault,2,North District,26.919851,75.815727,2026-06-19T14:27:58.257791,14,4,0,0,0,Cloudy,8200,Knife,,PS-007,Closed
FIR-005539,Burglary,2,Old City,26.925036,75.808237,2025-12-06T14:58:58.257791,14,5,0,1,0,Fog,16200,None,P-00337,PS-001,Under Investigation
FIR-005540,Assault,2,Old City,26.905477,75.797089,2025-09-13T09:03:58.257791,9,5,0,1,0,Cloudy,16200,None,,PS-004,Under Investigation
FIR-005541,Assault,2,Riverside,26.878079,75.800335,2026-04-17T00:30:58.257791,0,4,1,0,0,Clear,5200,Improvised,P-00453,PS-006,Chargesheet Filed
FIR-005542,Fraud,2,Central Zone,26.893688,75.78833,2025-10-21T05:35:58.257791,5,1,0,0,0,Clear,14500,None,P-00024,PS-007,Under Investigation
FIR-005543,Cybercrime,1,Riverside,26.881182,75.798289,2026-05-23T04:32:58.257791,4,5,1,1,0,Cloudy,5200,None,,PS-006,Closed
FIR-005544,Fraud,2,Central Zone,26.908578,75.801899,2026-07-01T09:59:58.257791,9,2,0,0,0,Rain,14500,None,,PS-007,Under Investigation
FIR-005545,Kidnapping,4,North District,26.923771,75.816134,2025-11-24T13:35:58.257791,13,0,0,0,0,Cloudy,8200,Improvised,,PS-004,Under Investigation
FIR-005546,Robbery,3,Industrial Belt,26.871754,75.762281,2026-05-25T04:06:58.257791,4,0,1,0,0,Clear,3100,Improvised,P-00443,PS-007,Under Investigation
FIR-005547,Robbery,4,Central Zone,26.896139,75.795657,2025-12-24T02:28:58.257791,2,2,1,0,0,Cloudy,14500,Improvised,P-00400,PS-003,Under Investigation
FIR-005548,Theft,3,East Ward,26.916484,75.831591,2025-12-12T18:27:58.257791,18,4,0,0,0,Clear,10800,None,,PS-008,Cold
FIR-005549,Robbery,5,West Sector,26.886817,75.771466,2025-11-12T10:00:58.257791,10,2,0,0,0,Clear,9100,Blunt Object,,PS-007,Closed
FIR-005550,Narcotics,2,North District,26.92463,75.810615,2026-05-17T11:39:58.257791,11,6,0,1,0,Clear,8200,None,P-00588,PS-003,Closed
FIR-005551,Vehicle Theft,2,East Ward,26.901593,75.82965,2025-11-08T14:23:58.257791,14,5,0,1,0,Clear,10800,None,P-00568,PS-004,Closed
FIR-005552,Cybercrime,3,Central Zone,26.901076,75.790539,2026-01-12T17:36:58.257791,17,0,0,0,0,Cloudy,14500,None,,PS-006,Closed
FIR-005553,Burglary,4,East Ward,26.905623,75.826809,2026-03-19T01:48:58.257791,1,3,1,0,0,Cloudy,10800,None,,PS-005,Under Investigation
FIR-005554,Cybercrime,3,North District,26.91855,75.810037,2025-10-26T03:20:58.257791,3,6,1,1,0,Rain,8200,None,,PS-001,Under Investigation
FIR-005555,Narcotics,3,Central Zone,26.89579,75.790351,2025-08-22T01:12:58.257791,1,4,1,0,0,Cloudy,14500,None,,PS-007,Under Investigation
FIR-005556,Fraud,1,Central Zone,26.89818,75.806185,2025-12-30T11:22:58.257791,11,1,0,0,0,Fog,14500,None,P-00481,PS-001,Chargesheet Filed
FIR-005557,Vehicle Theft,3,East Ward,26.906065,75.837348,2025-12-29T17:32:58.257791,17,0,0,0,0,Cloudy,10800,None,P-00554,PS-007,Closed
FIR-005558,Vehicle Theft,1,South Division,26.870339,75.789873,2025-10-20T08:52:58.257791,8,0,0,0,0,Clear,6400,None,,PS-002,Closed
FIR-005559,Robbery,4,North District,26.928369,75.831665,2026-04-30T01:16:58.257791,1,3,1,0,0,Clear,8200,Firearm,,PS-005,Closed
FIR-005560,Burglary,2,East Ward,26.896119,75.82779,2026-06-04T00:56:58.257791,0,3,1,0,0,Cloudy,10800,None,P-00509,PS-001,Closed
FIR-005561,Robbery,4,Central Zone,26.89723,75.793074,2026-03-17T03:04:58.257791,3,1,1,0,0,Clear,14500,Knife,,PS-008,Chargesheet Filed
FIR-005562,Burglary,2,Industrial Belt,26.871169,75.765937,2026-07-21T01:48:58.257791,1,1,1,0,0,Heatwave,3100,None,P-00056,PS-001,Under Investigation
FIR-005563,Burglary,2,East Ward,26.897703,75.838009,2025-11-11T16:45:58.257791,16,1,0,0,0,Heatwave,10800,None,,PS-006,Under Investigation
FIR-005564,Burglary,4,Central Zone,26.909974,75.805348,2026-06-25T06:49:58.257791,6,3,0,0,0,Rain,14500,None,,PS-007,Under Investigation
FIR-005565,Assault,3,West Sector,26.904244,75.767266,2026-01-30T01:56:58.257791,1,4,1,0,0,Cloudy,9100,Blunt Object,,PS-001,Under Investigation
FIR-005566,Theft,3,North District,26.921633,75.812084,2025-11-15T07:39:58.257791,7,5,0,1,1,Cloudy,8200,None,P-00159,PS-008,Chargesheet Filed
FIR-005567,Cybercrime,1,Central Zone,26.891515,75.798091,2026-07-08T14:09:58.257791,14,2,0,0,0,Clear,14500,None,,PS-001,Cold
FIR-005568,Assault,5,Riverside,26.874976,75.813566,2026-04-26T07:18:58.257791,7,6,0,1,0,Clear,5200,Blunt Object,P-00001,PS-001,Closed
FIR-005569,Theft,1,North District,26.929801,75.810113,2026-06-22T05:34:58.257791,5,0,0,0,0,Cloudy,8200,None,P-00437,PS-006,Under Investigation
FIR-005570,Theft,2,South Division,26.861058,75.801919,2026-03-04T17:34:58.257791,17,2,0,0,0,Heatwave,6400,None,,PS-003,Under Investigation
FIR-005571,Cybercrime,2,Central Zone,26.89749,75.804933,2026-03-14T02:23:58.257791,2,5,1,1,0,Heatwave,14500,None,P-00518,PS-006,Under Investigation
FIR-005572,Theft,1,West Sector,26.89107,75.775031,2026-01-03T14:55:58.257791,14,5,0,1,0,Cloudy,9100,None,,PS-001,Cold
FIR-005573,Robbery,4,West Sector,26.893808,75.782923,2025-08-27T20:14:58.257791,20,2,1,0,0,Clear,9100,None,P-00551,PS-005,Under Investigation
FIR-005574,Burglary,4,Industrial Belt,26.851665,75.761617,2026-02-01T00:07:58.257791,0,6,1,1,0,Rain,3100,None,P-00015,PS-004,Chargesheet Filed
FIR-005575,Fraud,2,South Division,26.876595,75.778584,2025-10-22T12:21:58.257791,12,2,0,0,0,Cloudy,6400,None,P-00443,PS-007,Closed
FIR-005576,Cybercrime,2,Riverside,26.871913,75.800395,2026-05-06T08:33:58.257791,8,2,0,0,0,Rain,5200,None,,PS-008,Under Investigation
FIR-005577,Narcotics,2,North District,26.931803,75.811925,2025-08-22T15:47:58.257791,15,4,0,0,0,Cloudy,8200,None,P-00306,PS-007,Chargesheet Filed
FIR-005578,Kidnapping,4,Old City,26.916202,75.81335,2026-06-21T14:13:58.257791,14,6,0,1,0,Clear,16200,Firearm,,PS-008,Closed
FIR-005579,Assault,3,North District,26.923263,75.821357,2026-03-09T22:56:58.257791,22,0,1,0,0,Clear,8200,Firearm,,PS-002,Closed
FIR-005580,Robbery,4,North District,26.913665,75.82015,2026-07-04T12:06:58.257791,12,5,0,1,0,Fog,8200,Firearm,P-00005,PS-001,Closed
FIR-005581,Burglary,2,Central Zone,26.888984,75.806107,2026-03-31T22:45:58.257791,22,1,1,0,0,Cloudy,14500,None,P-00317,PS-007,Under Investigation
FIR-005582,Vehicle Theft,3,East Ward,26.901886,75.828952,2025-08-28T18:37:58.257791,18,3,0,0,0,Fog,10800,None,,PS-004,Chargesheet Filed
FIR-005583,Burglary,2,Old City,26.922118,75.804787,2025-11-18T09:57:58.257791,9,1,0,0,0,Fog,16200,None,P-00292,PS-005,Closed
FIR-005584,Burglary,2,South Division,26.880064,75.800302,2026-01-12T12:57:58.257791,12,0,0,0,0,Clear,6400,None,,PS-002,Closed
FIR-005585,Theft,1,Central Zone,26.892558,75.808526,2025-07-31T02:03:58.257791,2,3,1,0,0,Cloudy,14500,None,,PS-001,Cold
FIR-005586,Cybercrime,1,Central Zone,26.911766,75.793417,2026-06-16T18:37:58.257791,18,1,0,0,0,Clear,14500,None,,PS-008,Under Investigation
FIR-005587,Assault,4,South Division,26.859418,75.797034,2026-03-09T23:46:58.257791,23,0,1,0,0,Clear,6400,Knife,,PS-006,Closed
FIR-005588,Fraud,1,Central Zone,26.900818,75.805933,2025-12-04T05:08:58.257791,5,3,0,0,0,Cloudy,14500,None,P-00443,PS-004,Closed
FIR-005589,Robbery,5,West Sector,26.887824,75.774909,2026-01-21T06:57:58.257791,6,2,0,0,0,Clear,9100,Firearm,P-00095,PS-002,Chargesheet Filed
FIR-005590,Burglary,3,North District,26.925171,75.816459,2025-10-21T08:52:58.257791,8,1,0,0,0,Rain,8200,None,,PS-007,Under Investigation
FIR-005591,Burglary,4,East Ward,26.914485,75.837576,2025-08-18T04:59:58.257791,4,0,1,0,0,Rain,10800,None,P-00148,PS-006,Under Investigation
FIR-005592,Assault,2,South Division,26.869765,75.790803,2026-07-11T18:58:58.257791,18,5,0,1,0,Clear,6400,Improvised,,PS-004,Under Investigation
FIR-005593,Narcotics,3,Industrial Belt,26.862378,75.781754,2025-10-31T12:22:58.257791,12,4,0,0,0,Rain,3100,None,,PS-007,Chargesheet Filed
FIR-005594,Theft,1,Industrial Belt,26.86856,75.763434,2026-05-15T13:56:58.257791,13,4,0,0,1,Clear,3100,None,,PS-002,Under Investigation
FIR-005595,Fraud,1,East Ward,26.904725,75.821078,2026-06-21T17:27:58.257791,17,6,0,1,0,Heatwave,10800,None,,PS-002,Under Investigation
FIR-005596,Robbery,4,East Ward,26.915651,75.829011,2026-01-07T03:12:58.257791,3,2,1,0,0,Fog,10800,None,P-00193,PS-007,Closed
FIR-005597,Theft,2,East Ward,26.915394,75.824952,2026-06-03T16:08:58.257791,16,2,0,0,0,Clear,10800,None,,PS-001,Under Investigation
FIR-005598,Robbery,4,North District,26.931503,75.814433,2026-04-04T18:45:58.257791,18,5,0,1,0,Cloudy,8200,Improvised,P-00104,PS-004,Cold
FIR-005599,Vehicle Theft,1,Central Zone,26.900492,75.791677,2025-08-21T18:34:58.257791,18,3,0,0,0,Cloudy,14500,None,,PS-003,Chargesheet Filed
FIR-005600,Theft,3,South Division,26.862029,75.789747,2025-10-07T16:16:58.257791,16,1,0,0,0,Cloudy,6400,None,,PS-006,Closed
FIR-005601,Robbery,5,Central Zone,26.898675,75.806489,2025-09-27T09:12:58.257791,9,5,0,1,0,Clear,14500,None,,PS-004,Under Investigation
FIR-005602,Burglary,2,Old City,26.906836,75.807039,2026-04-22T02:06:58.257791,2,2,1,0,0,Cloudy,16200,None,,PS-004,Under Investigation
FIR-005603,Cybercrime,1,North District,26.908246,75.824613,2026-01-15T07:57:58.257791,7,3,0,0,1,Cloudy,8200,None,P-00273,PS-007,Under Investigation
FIR-005604,Cybercrime,2,North District,26.9283,75.820507,2026-05-06T13:16:58.257791,13,2,0,0,0,Cloudy,8200,None,,PS-008,Under Investigation
FIR-005605,Fraud,3,East Ward,26.914283,75.833722,2025-11-10T15:34:58.257791,15,0,0,0,0,Clear,10800,None,,PS-001,Chargesheet Filed
FIR-005606,Fraud,1,North District,26.930572,75.808153,2025-09-09T04:36:58.257791,4,1,1,0,0,Cloudy,8200,None,,PS-007,Cold
FIR-005607,Robbery,4,Riverside,26.87934,75.821452,2026-02-05T16:02:58.257791,16,3,0,0,0,Clear,5200,None,,PS-003,Under Investigation
FIR-005608,Burglary,2,Central Zone,26.901369,75.804476,2025-09-22T06:57:58.257791,6,0,0,0,0,Clear,14500,None,,PS-006,Closed
FIR-005609,Vehicle Theft,2,East Ward,26.904338,75.831662,2025-09-17T05:25:58.257791,5,2,0,0,0,Rain,10800,None,P-00467,PS-007,Closed
FIR-005610,Extortion,4,Riverside,26.882747,75.799113,2025-07-30T23:33:58.257791,23,2,1,0,0,Rain,5200,Blunt Object,P-00467,PS-004,Closed
FIR-005611,Robbery,5,Old City,26.904636,75.803957,2026-05-12T07:18:58.257791,7,1,0,0,0,Clear,16200,Improvised,P-00119,PS-004,Chargesheet Filed
FIR-005612,Narcotics,3,Industrial Belt,26.853122,75.781207,2025-09-01T15:19:58.257791,15,0,0,0,0,Clear,3100,None,P-00400,PS-003,Under Investigation
FIR-005613,Fraud,1,Riverside,26.870283,75.801135,2025-12-14T09:33:58.257791,9,6,0,1,0,Cloudy,5200,None,,PS-001,Chargesheet Filed
FIR-005614,Cybercrime,1,Central Zone,26.903378,75.793194,2026-04-14T10:02:58.257791,10,1,0,0,0,Clear,14500,None,P-00110,PS-001,Closed
FIR-005615,Burglary,3,Riverside,26.873358,75.80464,2025-08-28T14:28:58.257791,14,3,0,0,0,Clear,5200,None,,PS-008,Under Investigation
FIR-005616,Vehicle Theft,1,Riverside,26.882759,75.813757,2025-08-21T10:27:58.257791,10,3,0,0,0,Rain,5200,None,P-00071,PS-008,Chargesheet Filed
FIR-005617,Theft,2,Old City,26.915873,75.803075,2026-05-26T10:17:58.257791,10,1,0,0,0,Clear,16200,None,P-00207,PS-004,Closed
FIR-005618,Robbery,3,East Ward,26.916579,75.841281,2025-08-28T05:01:58.257791,5,3,0,0,0,Clear,10800,Improvised,P-00107,PS-001,Under Investigation
FIR-005619,Theft,2,West Sector,26.894808,75.786207,2026-02-17T05:47:58.257791,5,1,0,0,0,Clear,9100,None,,PS-003,Under Investigation
FIR-005620,Assault,4,Central Zone,26.903183,75.809815,2026-07-12T07:16:58.257791,7,6,0,1,0,Cloudy,14500,None,,PS-004,Under Investigation
FIR-005621,Fraud,1,North District,26.915698,75.811224,2026-02-08T10:40:58.257791,10,6,0,1,0,Cloudy,8200,None,,PS-007,Under Investigation
FIR-005622,Narcotics,3,East Ward,26.914042,75.830027,2026-02-12T19:06:58.257791,19,3,0,0,0,Clear,10800,None,P-00478,PS-004,Chargesheet Filed
FIR-005623,Extortion,3,Old City,26.922607,75.797158,2026-06-10T14:17:58.257791,14,2,0,0,0,Fog,16200,None,,PS-005,Cold
FIR-005624,Vehicle Theft,2,East Ward,26.898245,75.823947,2026-07-16T09:48:58.257791,9,3,0,0,0,Clear,10800,None,,PS-008,Under Investigation
FIR-005625,Theft,2,Central Zone,26.905165,75.804004,2025-11-15T19:18:58.257791,19,5,0,1,1,Clear,14500,None,P-00060,PS-007,Under Investigation
FIR-005626,Cybercrime,1,South Division,26.871174,75.797265,2026-03-27T11:37:58.257791,11,4,0,0,0,Clear,6400,None,P-00281,PS-004,Under Investigation
FIR-005627,Vehicle Theft,2,North District,26.911073,75.818812,2026-01-11T04:15:58.257791,4,6,1,1,0,Cloudy,8200,None,P-00034,PS-008,Chargesheet Filed
FIR-005628,Theft,2,Industrial Belt,26.870355,75.759522,2026-04-15T03:02:58.257791,3,2,1,0,1,Cloudy,3100,None,P-00246,PS-007,Chargesheet Filed
FIR-005629,Burglary,2,East Ward,26.902909,75.840373,2026-02-26T08:38:58.257791,8,3,0,0,0,Rain,10800,None,,PS-004,Chargesheet Filed
FIR-005630,Cybercrime,3,North District,26.920311,75.831374,2026-03-20T04:48:58.257791,4,4,1,0,0,Fog,8200,None,,PS-001,Under Investigation
FIR-005631,Fraud,2,Central Zone,26.889087,75.806044,2025-09-20T10:26:58.257791,10,5,0,1,0,Fog,14500,None,,PS-004,Under Investigation
FIR-005632,Theft,3,North District,26.911231,75.817869,2025-09-22T18:01:58.257791,18,0,0,0,0,Clear,8200,None,,PS-003,Under Investigation
FIR-005633,Extortion,5,East Ward,26.907988,75.829687,2026-06-05T00:20:58.257791,0,4,1,0,0,Clear,10800,Knife,P-00303,PS-004,Under Investigation
FIR-005634,Extortion,3,Central Zone,26.907444,75.792085,2025-11-17T15:48:58.257791,15,0,0,0,0,Clear,14500,Knife,,PS-002,Under Investigation
FIR-005635,Assault,4,North District,26.925817,75.817723,2026-02-10T21:59:58.257791,21,1,1,0,0,Clear,8200,Improvised,P-00195,PS-003,Under Investigation
FIR-005636,Theft,1,Old City,26.923746,75.797197,2026-06-02T18:31:58.257791,18,1,0,0,0,Fog,16200,None,P-00509,PS-001,Chargesheet Filed
FIR-005637,Burglary,4,Riverside,26.889884,75.81657,2026-01-03T19:34:58.257791,19,5,0,1,0,Heatwave,5200,None,,PS-003,Closed
FIR-005638,Fraud,2,Central Zone,26.893133,75.80062,2026-07-10T13:22:58.257791,13,4,0,0,0,Clear,14500,None,,PS-008,Under Investigation
FIR-005639,Vehicle Theft,2,Central Zone,26.906082,75.788866,2025-12-09T18:55:58.257791,18,1,0,0,0,Rain,14500,None,,PS-006,Under Investigation
FIR-005640,Vehicle Theft,3,Central Zone,26.911144,75.793438,2026-06-22T18:17:58.257791,18,0,0,0,0,Rain,14500,None,P-00194,PS-004,Chargesheet Filed
FIR-005641,Vehicle Theft,2,East Ward,26.916312,75.838179,2025-10-25T08:29:58.257791,8,5,0,1,0,Clear,10800,None,P-00336,PS-004,Under Investigation
FIR-005642,Narcotics,2,East Ward,26.903465,75.84048,2026-01-11T01:58:58.257791,1,6,1,1,0,Clear,10800,None,P-00131,PS-006,Under Investigation
FIR-005643,Fraud,1,North District,26.924441,75.812617,2026-06-30T15:26:58.257791,15,1,0,0,0,Clear,8200,None,,PS-005,Closed
FIR-005644,Burglary,4,West Sector,26.906803,75.771499,2025-08-03T02:13:58.257791,2,6,1,1,0,Rain,9100,None,P-00372,PS-004,Closed
FIR-005645,Burglary,2,Old City,26.908967,75.808176,2026-06-03T18:32:58.257791,18,2,0,0,0,Cloudy,16200,None,P-00353,PS-007,Under Investigation
FIR-005646,Theft,1,Old City,26.9226,75.793211,2026-06-04T04:09:58.257791,4,3,1,0,0,Rain,16200,None,P-00509,PS-007,Chargesheet Filed
FIR-005647,Theft,3,East Ward,26.915949,75.818043,2026-05-08T07:28:58.257791,7,4,0,0,0,Clear,10800,None,P-00024,PS-003,Closed
FIR-005648,Kidnapping,4,East Ward,26.894303,75.834086,2026-07-10T01:24:58.257791,1,4,1,0,0,Fog,10800,None,P-00011,PS-002,Under Investigation
FIR-005649,Theft,1,North District,26.912735,75.831021,2026-05-12T23:43:58.257791,23,1,1,0,0,Cloudy,8200,None,,PS-008,Closed
FIR-005650,Narcotics,3,West Sector,26.891808,75.786428,2025-12-21T21:20:58.257791,21,6,1,1,0,Cloudy,9100,None,,PS-007,Under Investigation
FIR-005651,Cybercrime,2,Central Zone,26.909991,75.800243,2025-10-06T13:13:58.257791,13,0,0,0,0,Fog,14500,None,P-00364,PS-002,Under Investigation
FIR-005652,Assault,3,West Sector,26.905699,75.780008,2025-10-24T16:38:58.257791,16,4,0,0,0,Fog,9100,Firearm,P-00062,PS-008,Under Investigation
FIR-005653,Extortion,4,Central Zone,26.910162,75.797405,2026-06-04T06:04:58.257791,6,3,0,0,0,Clear,14500,Knife,P-00369,PS-005,Closed
FIR-005654,Fraud,1,Central Zone,26.90677,75.79035,2025-08-08T12:52:58.257791,12,4,0,0,0,Clear,14500,None,P-00064,PS-007,Closed
FIR-005655,Theft,3,East Ward,26.898863,75.821853,2025-08-09T17:18:58.257791,17,5,0,1,0,Cloudy,10800,None,P-00454,PS-004,Cold
FIR-005656,Theft,1,North District,26.926589,75.819997,2026-07-22T18:14:58.257791,18,2,0,0,0,Clear,8200,None,P-00101,PS-002,Chargesheet Filed
FIR-005657,Robbery,4,Industrial Belt,26.850012,75.764704,2025-12-01T23:34:58.257791,23,0,1,0,0,Cloudy,3100,Knife,,PS-001,Under Investigation
FIR-005658,Theft,2,South Division,26.873806,75.786035,2026-06-26T16:31:58.257791,16,4,0,0,0,Cloudy,6400,None,P-00413,PS-008,Under Investigation
FIR-005659,Theft,3,West Sector,26.887493,75.765762,2025-09-15T10:39:58.257791,10,0,0,0,1,Clear,9100,None,,PS-007,Under Investigation
FIR-005660,Vehicle Theft,3,Central Zone,26.903003,75.804858,2025-12-23T14:58:58.257791,14,1,0,0,0,Cloudy,14500,None,,PS-004,Under Investigation
FIR-005661,Theft,3,West Sector,26.890676,75.781697,2025-12-30T02:37:58.257791,2,1,1,0,0,Fog,9100,None,P-00489,PS-003,Under Investigation
FIR-005662,Narcotics,4,Central Zone,26.908925,75.791336,2025-08-05T18:46:58.257791,18,1,0,0,0,Rain,14500,None,,PS-007,Under Investigation
FIR-005663,Cybercrime,3,North District,26.919719,75.819829,2025-12-27T03:46:58.257791,3,5,1,1,0,Cloudy,8200,None,P-00437,PS-007,Closed
FIR-005664,Burglary,4,Central Zone,26.90285,75.810486,2026-02-23T09:09:58.257791,9,0,0,0,0,Clear,14500,None,,PS-006,Chargesheet Filed
FIR-005665,Robbery,4,Old City,26.919595,75.801548,2026-01-06T11:23:58.257791,11,1,0,0,0,Clear,16200,Firearm,P-00528,PS-001,Chargesheet Filed
FIR-005666,Narcotics,2,Old City,26.926487,75.797669,2026-01-10T01:29:58.257791,1,5,1,1,0,Rain,16200,None,P-00106,PS-002,Under Investigation
FIR-005667,Burglary,2,South Division,26.872555,75.78245,2026-06-30T09:12:58.257791,9,1,0,0,0,Clear,6400,None,,PS-007,Under Investigation
FIR-005668,Burglary,3,Industrial Belt,26.852343,75.773606,2026-03-13T16:48:58.257791,16,4,0,0,0,Clear,3100,None,P-00238,PS-007,Chargesheet Filed
FIR-005669,Cybercrime,2,North District,26.931306,75.829546,2025-09-25T12:34:58.257791,12,3,0,0,0,Fog,8200,None,P-00306,PS-001,Closed
FIR-005670,Burglary,3,Riverside,26.883344,75.811097,2026-04-01T03:33:58.257791,3,2,1,0,0,Clear,5200,None,,PS-002,Closed
FIR-005671,Burglary,2,Riverside,26.869176,75.813191,2026-01-10T19:50:58.257791,19,5,0,1,0,Cloudy,5200,None,,PS-001,Chargesheet Filed
FIR-005672,Vehicle Theft,1,Central Zone,26.911454,75.79911,2026-02-17T14:58:58.257791,14,1,0,0,0,Clear,14500,None,P-00060,PS-004,Closed
FIR-005673,Burglary,2,North District,26.929806,75.830657,2025-09-20T20:49:58.257791,20,5,1,1,0,Rain,8200,None,P-00048,PS-001,Under Investigation
FIR-005674,Vehicle Theft,3,Riverside,26.879334,75.810573,2026-03-03T18:18:58.257791,18,1,0,0,0,Clear,5200,None,P-00256,PS-005,Chargesheet Filed
FIR-005675,Vehicle Theft,2,Old City,26.925871,75.808592,2026-03-03T16:54:58.257791,16,1,0,0,0,Clear,16200,None,,PS-002,Under Investigation
FIR-005676,Robbery,5,Old City,26.903735,75.802034,2025-12-09T23:21:58.257791,23,1,1,0,0,Cloudy,16200,Firearm,,PS-004,Chargesheet Filed
FIR-005677,Fraud,2,Old City,26.906939,75.793359,2026-02-12T02:08:58.257791,2,3,1,0,0,Rain,16200,None,P-00188,PS-001,Under Investigation
FIR-005678,Assault,3,Old City,26.907866,75.79308,2026-06-23T23:46:58.257791,23,1,1,0,0,Heatwave,16200,Blunt Object,,PS-004,Under Investigation
FIR-005679,Robbery,5,Central Zone,26.894131,75.807848,2026-02-19T00:35:58.257791,0,3,1,0,0,Cloudy,14500,Knife,P-00475,PS-002,Chargesheet Filed
FIR-005680,Theft,1,Old City,26.914992,75.81638,2026-03-30T19:15:58.257791,19,0,0,0,0,Clear,16200,None,P-00557,PS-007,Chargesheet Filed
FIR-005681,Burglary,4,Central Zone,26.888517,75.802975,2025-08-02T18:39:58.257791,18,5,0,1,0,Rain,14500,None,P-00231,PS-003,Under Investigation
FIR-005682,Fraud,1,West Sector,26.885644,75.765762,2025-10-13T10:06:58.257791,10,0,0,0,0,Rain,9100,None,P-00375,PS-001,Cold
FIR-005683,Theft,1,North District,26.917519,75.824778,2026-07-12T02:34:58.257791,2,6,1,1,0,Clear,8200,None,P-00372,PS-004,Cold
FIR-005684,Theft,3,Central Zone,26.892481,75.809108,2025-10-21T12:58:58.257791,12,1,0,0,0,Cloudy,14500,None,,PS-006,Chargesheet Filed
FIR-005685,Extortion,5,Riverside,26.880254,75.816605,2025-07-27T13:03:58.257791,13,6,0,1,0,Clear,5200,Improvised,,PS-002,Under Investigation
FIR-005686,Narcotics,3,North District,26.924489,75.812776,2025-08-10T06:41:58.257791,6,6,0,1,0,Clear,8200,None,,PS-001,Under Investigation
FIR-005687,Narcotics,3,Old City,26.912227,75.794926,2026-01-06T14:12:58.257791,14,1,0,0,0,Clear,16200,None,P-00414,PS-003,Under Investigation
FIR-005688,Burglary,2,Industrial Belt,26.855391,75.769646,2025-12-12T01:43:58.257791,1,4,1,0,0,Clear,3100,None,,PS-001,Under Investigation
FIR-005689,Theft,3,Old City,26.923946,75.811165,2025-11-02T13:13:58.257791,13,6,0,1,0,Clear,16200,None,,PS-002,Under Investigation
FIR-005690,Burglary,2,East Ward,26.916126,75.827475,2025-10-10T04:49:58.257791,4,4,1,0,0,Rain,10800,None,P-00176,PS-003,Closed
FIR-005691,Theft,2,Old City,26.906425,75.802507,2026-02-25T22:14:58.257791,22,2,1,0,0,Clear,16200,None,,PS-001,Under Investigation
FIR-005692,Theft,1,West Sector,26.888196,75.769384,2025-08-01T10:09:58.257791,10,4,0,0,0,Cloudy,9100,None,P-00195,PS-004,Under Investigation
FIR-005693,Theft,3,South Division,26.878378,75.789386,2026-05-27T10:44:58.257791,10,2,0,0,0,Cloudy,6400,None,,PS-007,Closed
FIR-005694,Vehicle Theft,1,Industrial Belt,26.869428,75.759627,2026-03-23T10:23:58.257791,10,0,0,0,0,Cloudy,3100,None,P-00295,PS-006,Under Investigation
FIR-005695,Burglary,2,Riverside,26.868625,75.802161,2025-08-22T07:01:58.257791,7,4,0,0,0,Cloudy,5200,None,P-00151,PS-001,Under Investigation
FIR-005696,Assault,3,West Sector,26.888249,75.778948,2026-04-01T21:41:58.257791,21,2,1,0,0,Clear,9100,Improvised,P-00015,PS-001,Under Investigation
FIR-005697,Assault,3,Industrial Belt,26.850882,75.762233,2025-08-24T03:43:58.257791,3,6,1,1,0,Cloudy,3100,Improvised,P-00494,PS-003,Closed
FIR-005698,Assault,5,East Ward,26.907008,75.822068,2026-05-23T10:52:58.257791,10,5,0,1,0,Clear,10800,Improvised,P-00263,PS-005,Chargesheet Filed
FIR-005699,Robbery,4,Industrial Belt,26.867524,75.780416,2025-08-05T09:34:58.257791,9,1,0,0,0,Clear,3100,Improvised,,PS-006,Closed
FIR-005700,Fraud,1,West Sector,26.898423,75.777643,2025-08-19T02:08:58.257791,2,1,1,0,0,Rain,9100,None,P-00056,PS-007,Under Investigation
FIR-005701,Theft,1,Riverside,26.889072,75.812984,2026-06-22T13:14:58.257791,13,0,0,0,0,Cloudy,5200,None,,PS-001,Closed
FIR-005702,Theft,1,Central Zone,26.906709,75.788175,2026-05-14T09:04:58.257791,9,3,0,0,0,Clear,14500,None,,PS-004,Closed
FIR-005703,Burglary,4,Industrial Belt,26.860566,75.76575,2026-04-19T07:35:58.257791,7,6,0,1,0,Cloudy,3100,None,P-00192,PS-007,Closed
FIR-005704,Vehicle Theft,3,Riverside,26.881132,75.799199,2026-02-04T17:36:58.257791,17,2,0,0,0,Clear,5200,None,,PS-001,Chargesheet Filed
FIR-005705,Fraud,2,Central Zone,26.890975,75.803423,2025-10-16T21:24:58.257791,21,3,1,0,0,Cloudy,14500,None,P-00372,PS-004,Under Investigation
FIR-005706,Theft,3,Riverside,26.879683,75.804967,2026-02-11T19:19:58.257791,19,2,0,0,0,Cloudy,5200,None,,PS-001,Closed
FIR-005707,Burglary,2,Old City,26.910075,75.804761,2026-01-28T16:16:58.257791,16,2,0,0,0,Cloudy,16200,None,,PS-001,Chargesheet Filed
FIR-005708,Robbery,5,North District,26.918669,75.820983,2026-06-14T00:26:58.257791,0,6,1,1,0,Rain,8200,Improvised,,PS-002,Under Investigation
FIR-005709,Fraud,2,Central Zone,26.897342,75.802153,2025-09-25T08:54:58.257791,8,3,0,0,0,Rain,14500,None,P-00588,PS-005,Cold
FIR-005710,Robbery,3,South Division,26.867393,75.7844,2026-03-17T15:27:58.257791,15,1,0,0,0,Clear,6400,Knife,P-00478,PS-006,Cold
FIR-005711,Fraud,3,East Ward,26.908877,75.826389,2026-01-24T17:45:58.257791,17,5,0,1,0,Rain,10800,None,P-00170,PS-001,Under Investigation
FIR-005712,Narcotics,4,Riverside,26.890093,75.815948,2025-12-20T17:49:58.257791,17,5,0,1,0,Rain,5200,None,P-00414,PS-005,Under Investigation
FIR-005713,Narcotics,3,West Sector,26.895146,75.784831,2025-12-06T18:59:58.257791,18,5,0,1,0,Cloudy,9100,None,,PS-004,Under Investigation
FIR-005714,Narcotics,3,West Sector,26.895198,75.769393,2025-09-26T17:52:58.257791,17,4,0,0,0,Clear,9100,None,P-00101,PS-006,Under Investigation
FIR-005715,Theft,3,West Sector,26.8864,75.784918,2025-10-22T21:28:58.257791,21,2,1,0,0,Cloudy,9100,None,P-00073,PS-008,Under Investigation
FIR-005716,Theft,1,West Sector,26.89041,75.764822,2026-03-30T06:56:58.257791,6,0,0,0,0,Clear,9100,None,P-00489,PS-003,Chargesheet Filed
FIR-005717,Extortion,5,East Ward,26.907941,75.831655,2025-08-26T09:00:58.257791,9,1,0,0,0,Cloudy,10800,Improvised,,PS-005,Chargesheet Filed
FIR-005718,Robbery,3,East Ward,26.902241,75.822359,2025-09-26T16:24:58.257791,16,4,0,0,0,Cloudy,10800,Improvised,,PS-004,Chargesheet Filed
FIR-005719,Assault,5,Old City,26.911826,75.816839,2026-06-22T06:19:58.257791,6,0,0,0,0,Clear,16200,Knife,P-00570,PS-003,Closed
FIR-005720,Extortion,3,Old City,26.911319,75.802,2026-04-03T18:05:58.257791,18,4,0,0,0,Clear,16200,Blunt Object,P-00353,PS-001,Closed
FIR-005721,Vehicle Theft,2,Riverside,26.885441,75.816404,2026-04-20T09:16:58.257791,9,0,0,0,0,Cloudy,5200,None,P-00445,PS-006,Under Investigation
FIR-005722,Burglary,3,East Ward,26.904808,75.829225,2026-04-24T03:15:58.257791,3,4,1,0,0,Cloudy,10800,None,P-00226,PS-007,Chargesheet Filed
FIR-005723,Vehicle Theft,3,East Ward,26.893868,75.822247,2025-11-15T03:34:58.257791,3,5,1,1,1,Clear,10800,None,P-00130,PS-002,Under Investigation
FIR-005724,Assault,2,Riverside,26.869639,75.806633,2025-12-05T22:40:58.257791,22,4,1,0,0,Clear,5200,Firearm,P-00056,PS-007,Under Investigation
FIR-005725,Fraud,1,Central Zone,26.899137,75.81149,2025-09-05T12:59:58.257791,12,4,0,0,0,Rain,14500,None,,PS-007,Closed
FIR-005726,Cybercrime,1,South Division,26.868291,75.797164,2025-11-09T10:24:58.257791,10,6,0,1,0,Heatwave,6400,None,,PS-004,Closed
FIR-005727,Fraud,3,Industrial Belt,26.849916,75.78123,2026-03-31T10:34:58.257791,10,1,0,0,0,Cloudy,3100,None,P-00148,PS-006,Cold
FIR-005728,Theft,2,East Ward,26.907304,75.832536,2026-04-27T21:13:58.257791,21,0,1,0,0,Fog,10800,None,P-00090,PS-001,Under Investigation
FIR-005729,Theft,1,Central Zone,26.889606,75.795002,2026-05-19T09:45:58.257791,9,1,0,0,0,Cloudy,14500,None,,PS-006,Under Investigation
FIR-005730,Fraud,3,Central Zone,26.898613,75.806858,2026-04-15T10:39:58.257791,10,2,0,0,1,Clear,14500,None,P-00273,PS-008,Under Investigation
FIR-005731,Assault,2,Old City,26.912828,75.812643,2026-05-01T19:58:58.257791,19,4,0,0,0,Clear,16200,Improvised,,PS-002,Chargesheet Filed
FIR-005732,Burglary,4,Central Zone,26.895112,75.788775,2025-09-22T03:21:58.257791,3,0,1,0,0,Clear,14500,None,,PS-002,Under Investigation
FIR-005733,Cybercrime,1,East Ward,26.915417,75.832703,2025-08-10T15:49:58.257791,15,6,0,1,0,Heatwave,10800,None,P-00437,PS-001,Under Investigation
FIR-005734,Robbery,3,Riverside,26.885526,75.808723,2025-08-16T04:11:58.257791,4,5,1,1,0,Clear,5200,Improvised,P-00303,PS-007,Closed
FIR-005735,Robbery,5,Central Zone,26.904152,75.805604,2025-09-21T08:22:58.257791,8,6,0,1,0,Clear,14500,Blunt Object,P-00518,PS-005,Under Investigation
FIR-005736,Assault,3,South Division,26.867507,75.800212,2026-02-02T14:16:58.257791,14,0,0,0,0,Cloudy,6400,Improvised,P-00295,PS-003,Closed
FIR-005737,Burglary,4,Old City,26.919147,75.814914,2025-12-30T21:19:58.257791,21,1,1,0,0,Cloudy,16200,None,P-00161,PS-006,Under Investigation
FIR-005738,Theft,3,Industrial Belt,26.868831,75.765865,2026-03-11T06:16:58.257791,6,2,0,0,0,Clear,3100,None,P-00208,PS-008,Chargesheet Filed
FIR-005739,Fraud,2,North District,26.912642,75.809785,2026-02-26T10:32:58.257791,10,3,0,0,0,Rain,8200,None,P-00312,PS-008,Chargesheet Filed
FIR-005740,Extortion,3,Riverside,26.885091,75.812956,2025-10-11T01:35:58.257791,1,5,1,1,0,Clear,5200,Improvised,,PS-008,Under Investigation
FIR-005741,Assault,2,North District,26.928109,75.809867,2025-08-10T21:01:58.257791,21,6,1,1,0,Clear,8200,Improvised,P-00217,PS-002,Under Investigation
FIR-005742,Theft,2,Old City,26.918529,75.812106,2025-08-05T22:40:58.257791,22,1,1,0,0,Cloudy,16200,None,P-00565,PS-003,Under Investigation
FIR-005743,Burglary,3,Riverside,26.870697,75.801895,2026-01-05T11:36:58.257791,11,0,0,0,0,Clear,5200,None,P-00256,PS-006,Chargesheet Filed
FIR-005744,Burglary,4,East Ward,26.915057,75.818172,2025-12-22T00:10:58.257791,0,0,1,0,0,Cloudy,10800,None,,PS-006,Under Investigation
FIR-005745,Theft,3,Industrial Belt,26.849978,75.775184,2025-10-21T15:46:58.257791,15,1,0,0,0,Clear,3100,None,,PS-006,Chargesheet Filed
FIR-005746,Extortion,4,Central Zone,26.906773,75.79224,2026-04-26T15:37:58.257791,15,6,0,1,0,Fog,14500,Improvised,,PS-008,Cold
FIR-005747,Fraud,1,Old City,26.911399,75.813131,2025-08-22T10:25:58.257791,10,4,0,0,0,Clear,16200,None,P-00109,PS-003,Under Investigation
FIR-005748,Fraud,1,West Sector,26.906851,75.767271,2025-09-12T01:20:58.257791,1,4,1,0,0,Fog,9100,None,P-00321,PS-002,Under Investigation
FIR-005749,Cybercrime,3,Central Zone,26.901165,75.789408,2025-09-21T14:16:58.257791,14,6,0,1,0,Cloudy,14500,None,,PS-005,Under Investigation
FIR-005750,Theft,3,Old City,26.925031,75.797052,2026-03-01T19:46:58.257791,19,6,0,1,0,Clear,16200,None,,PS-003,Under Investigation
FIR-005751,Robbery,4,Industrial Belt,26.860359,75.779309,2025-12-31T09:40:58.257791,9,2,0,0,0,Clear,3100,Knife,P-00494,PS-007,Closed
FIR-005752,Theft,1,South Division,26.863204,75.79386,2026-07-20T22:01:58.257791,22,0,1,0,0,Clear,6400,None,,PS-002,Under Investigation
FIR-005753,Burglary,3,Old City,26.903546,75.807507,2025-10-26T21:10:58.257791,21,6,1,1,0,Rain,16200,None,P-00103,PS-001,Chargesheet Filed
FIR-005754,Robbery,4,West Sector,26.885866,75.763586,2025-07-29T04:30:58.257791,4,1,1,0,0,Cloudy,9100,Blunt Object,P-00219,PS-007,Closed
FIR-005755,Fraud,1,Old City,26.910081,75.801335,2025-09-20T16:43:58.257791,16,5,0,1,0,Clear,16200,None,P-00588,PS-007,Cold
FIR-005756,Extortion,4,North District,26.918907,75.815553,2026-05-31T03:45:58.257791,3,6,1,1,0,Cloudy,8200,Firearm,P-00495,PS-003,Under Investigation
FIR-005757,Fraud,2,West Sector,26.883074,75.782671,2026-04-15T13:20:58.257791,13,2,0,0,1,Clear,9100,None,,PS-005,Under Investigation
FIR-005758,Burglary,4,North District,26.921538,75.812141,2026-04-02T14:46:58.257791,14,3,0,0,0,Clear,8200,None,,PS-004,Under Investigation
FIR-005759,Cybercrime,3,West Sector,26.888372,75.769588,2026-05-28T08:01:58.257791,8,3,0,0,0,Clear,9100,None,P-00447,PS-006,Closed
FIR-005760,Extortion,4,South Division,26.873854,75.779152,2025-12-27T10:38:58.257791,10,5,0,1,0,Clear,6400,None,P-00568,PS-008,Cold
FIR-005761,Extortion,5,East Ward,26.902518,75.819904,2026-02-05T15:20:58.257791,15,3,0,0,0,Rain,10800,Firearm,P-00389,PS-001,Under Investigation
FIR-005762,Narcotics,3,South Division,26.860763,75.799937,2025-08-23T12:31:58.257791,12,5,0,1,0,Clear,6400,None,,PS-001,Under Investigation
FIR-005763,Burglary,3,Old City,26.925739,75.79893,2025-08-22T16:58:58.257791,16,4,0,0,0,Rain,16200,None,P-00297,PS-005,Closed
FIR-005764,Kidnapping,4,South Division,26.878862,75.794433,2026-04-24T06:21:58.257791,6,4,0,0,0,Clear,6400,None,,PS-003,Under Investigation
FIR-005765,Extortion,5,Industrial Belt,26.869709,75.758778,2026-05-29T18:07:58.257791,18,4,0,0,0,Clear,3100,None,P-00429,PS-005,Chargesheet Filed
FIR-005766,Burglary,4,West Sector,26.902466,75.781069,2026-07-21T03:35:58.257791,3,1,1,0,0,Rain,9100,None,P-00108,PS-002,Chargesheet Filed
FIR-005767,Theft,2,North District,26.91301,75.828735,2026-03-09T18:30:58.257791,18,0,0,0,0,Cloudy,8200,None,P-00297,PS-002,Chargesheet Filed
FIR-005768,Theft,2,North District,26.914648,75.818272,2026-05-07T07:57:58.257791,7,3,0,0,0,Clear,8200,None,,PS-007,Under Investigation
FIR-005769,Theft,1,East Ward,26.915802,75.835476,2026-05-18T22:00:58.257791,22,0,1,0,0,Cloudy,10800,None,,PS-008,Closed
FIR-005770,Robbery,4,Old City,26.915155,75.800976,2026-06-28T04:31:58.257791,4,6,1,1,0,Cloudy,16200,Firearm,,PS-002,Under Investigation
FIR-005771,Robbery,4,North District,26.908917,75.80804,2026-05-31T16:01:58.257791,16,6,0,1,0,Fog,8200,Improvised,,PS-003,Under Investigation
FIR-005772,Cybercrime,1,Central Zone,26.904975,75.811155,2026-06-26T18:34:58.257791,18,4,0,0,0,Fog,14500,None,P-00509,PS-005,Chargesheet Filed
FIR-005773,Assault,2,Industrial Belt,26.852838,75.773153,2026-06-12T21:40:58.257791,21,4,1,0,0,Fog,3100,Knife,,PS-004,Closed
FIR-005774,Theft,1,Old City,26.919565,75.813154,2026-07-02T17:23:58.257791,17,3,0,0,0,Clear,16200,None,P-00015,PS-005,Under Investigation
FIR-005775,Burglary,2,West Sector,26.887428,75.777302,2026-03-19T20:25:58.257791,20,3,1,0,0,Clear,9100,None,P-00282,PS-002,Chargesheet Filed
FIR-005776,Theft,2,East Ward,26.893679,75.841503,2026-01-13T00:17:58.257791,0,1,1,0,0,Heatwave,10800,None,,PS-007,Closed
FIR-005777,Narcotics,3,North District,26.927346,75.819284,2026-01-09T16:24:58.257791,16,4,0,0,0,Cloudy,8200,None,P-00566,PS-003,Under Investigation
FIR-005778,Theft,2,East Ward,26.91065,75.83006,2026-06-21T09:25:58.257791,9,6,0,1,0,Rain,10800,None,P-00297,PS-007,Chargesheet Filed
FIR-005779,Burglary,3,North District,26.917091,75.81963,2026-04-09T05:14:58.257791,5,3,0,0,0,Clear,8200,None,P-00477,PS-001,Under Investigation
FIR-005780,Kidnapping,4,Old City,26.905074,75.801587,2025-09-26T20:18:58.257791,20,4,1,0,0,Cloudy,16200,Firearm,P-00464,PS-003,Chargesheet Filed
FIR-005781,Fraud,2,Central Zone,26.901684,75.809574,2026-05-31T13:17:58.257791,13,6,0,1,0,Cloudy,14500,None,P-00310,PS-001,Under Investigation
FIR-005782,Assault,2,South Division,26.864276,75.796323,2025-10-24T10:42:58.257791,10,4,0,0,0,Fog,6400,Blunt Object,P-00509,PS-005,Closed
FIR-005783,Burglary,2,Central Zone,26.888067,75.789685,2026-05-12T08:53:58.257791,8,1,0,0,0,Clear,14500,None,P-00273,PS-006,Closed
FIR-005784,Theft,3,East Ward,26.9088,75.830186,2026-03-29T18:55:58.257791,18,6,0,1,0,Cloudy,10800,None,,PS-001,Closed
FIR-005785,Fraud,2,Old City,26.925088,75.815098,2026-01-20T05:51:58.257791,5,1,0,0,0,Cloudy,16200,None,P-00148,PS-001,Under Investigation
FIR-005786,Burglary,3,Riverside,26.874512,75.803918,2025-09-30T00:27:58.257791,0,1,1,0,0,Rain,5200,None,P-00170,PS-004,Chargesheet Filed
FIR-005787,Fraud,1,Central Zone,26.907114,75.802299,2025-12-02T09:01:58.257791,9,1,0,0,0,Cloudy,14500,None,,PS-006,Cold
FIR-005788,Cybercrime,2,Riverside,26.883766,75.804903,2026-07-21T09:05:58.257791,9,1,0,0,0,Rain,5200,None,,PS-001,Closed
FIR-005789,Assault,3,South Division,26.864538,75.784943,2026-03-13T16:18:58.257791,16,4,0,0,0,Clear,6400,Improvised,,PS-004,Under Investigation
FIR-005790,Burglary,3,West Sector,26.897307,75.783068,2026-05-26T08:12:58.257791,8,1,0,0,0,Clear,9100,None,P-00388,PS-004,Under Investigation
FIR-005791,Assault,3,East Ward,26.916289,75.839624,2026-03-25T14:06:58.257791,14,2,0,0,0,Clear,10800,Improvised,P-00448,PS-003,Chargesheet Filed
FIR-005792,Robbery,3,North District,26.929293,75.825662,2025-08-16T13:12:58.257791,13,5,0,1,0,Cloudy,8200,Firearm,P-00400,PS-007,Chargesheet Filed
FIR-005793,Narcotics,2,Central Zone,26.90471,75.811566,2025-12-08T03:58:58.257791,3,0,1,0,0,Clear,14500,None,P-00082,PS-006,Closed
FIR-005794,Vehicle Theft,1,Central Zone,26.897094,75.796144,2025-10-10T23:01:58.257791,23,4,1,0,0,Clear,14500,None,P-00593,PS-005,Chargesheet Filed
FIR-005795,Theft,1,East Ward,26.910336,75.825263,2026-06-06T06:45:58.257791,6,5,0,1,0,Clear,10800,None,P-00237,PS-003,Under Investigation
FIR-005796,Narcotics,4,Old City,26.911979,75.80151,2026-07-10T12:55:58.257791,12,4,0,0,0,Rain,16200,None,P-00214,PS-001,Closed
FIR-005797,Theft,3,Riverside,26.869939,75.809205,2026-03-21T20:24:58.257791,20,5,1,1,0,Cloudy,5200,None,P-00558,PS-008,Chargesheet Filed
FIR-005798,Fraud,3,South Division,26.880811,75.788256,2026-01-28T02:13:58.257791,2,2,1,0,0,Rain,6400,None,,PS-008,Under Investigation
FIR-005799,Theft,1,Industrial Belt,26.858108,75.766665,2025-11-14T07:11:58.257791,7,4,0,0,0,Clear,3100,None,P-00094,PS-004,Under Investigation
FIR-005800,Robbery,4,East Ward,26.902166,75.824481,2025-10-28T15:42:58.257791,15,1,0,0,0,Clear,10800,Knife,,PS-003,Closed
FIR-005801,Narcotics,2,Industrial Belt,26.854264,75.758887,2026-04-24T04:04:58.257791,4,4,1,0,0,Rain,3100,None,,PS-005,Under Investigation
FIR-005802,Theft,1,Riverside,26.876504,75.800187,2026-03-20T01:16:58.257791,1,4,1,0,0,Clear,5200,None,,PS-005,Closed
FIR-005803,Theft,1,North District,26.912096,75.822633,2025-08-10T03:11:58.257791,3,6,1,1,0,Clear,8200,None,P-00275,PS-005,Chargesheet Filed
FIR-005804,Burglary,4,South Division,26.865719,75.793415,2026-05-27T20:20:58.257791,20,2,1,0,0,Clear,6400,None,P-00208,PS-007,Chargesheet Filed
FIR-005805,Fraud,1,Old City,26.913851,75.80763,2026-03-25T22:23:58.257791,22,2,1,0,0,Clear,16200,None,,PS-008,Under Investigation
FIR-005806,Narcotics,2,West Sector,26.888614,75.764329,2026-06-01T11:36:58.257791,11,0,0,0,0,Cloudy,9100,None,P-00475,PS-008,Chargesheet Filed
FIR-005807,Theft,1,North District,26.929878,75.830085,2026-01-25T03:59:58.257791,3,6,1,1,0,Rain,8200,None,P-00317,PS-002,Closed
FIR-005808,Theft,1,South Division,26.871225,75.796698,2026-07-02T17:53:58.257791,17,3,0,0,0,Clear,6400,None,,PS-006,Closed
FIR-005809,Fraud,3,South Division,26.863931,75.794905,2026-06-24T12:08:58.257791,12,2,0,0,0,Cloudy,6400,None,P-00422,PS-007,Closed
FIR-005810,Robbery,4,West Sector,26.883503,75.784156,2025-08-13T04:59:58.257791,4,2,1,0,0,Cloudy,9100,Blunt Object,P-00246,PS-005,Cold
FIR-005811,Vehicle Theft,1,Industrial Belt,26.867278,75.759659,2026-06-01T17:54:58.257791,17,0,0,0,0,Cloudy,3100,None,P-00130,PS-008,Cold
FIR-005812,Robbery,3,North District,26.922479,75.829637,2026-03-04T16:06:58.257791,16,2,0,0,0,Fog,8200,Knife,,PS-006,Under Investigation
FIR-005813,Theft,2,Central Zone,26.901428,75.800455,2026-02-12T04:46:58.257791,4,3,1,0,0,Clear,14500,None,P-00060,PS-005,Under Investigation
FIR-005814,Cybercrime,1,Central Zone,26.894426,75.807559,2025-12-15T07:36:58.257791,7,0,0,0,1,Rain,14500,None,P-00538,PS-008,Closed
FIR-005815,Narcotics,4,East Ward,26.913479,75.840753,2025-10-30T08:03:58.257791,8,3,0,0,0,Rain,10800,None,,PS-002,Under Investigation
FIR-005816,Fraud,1,South Division,26.878695,75.791025,2026-04-14T14:39:58.257791,14,1,0,0,0,Fog,6400,None,P-00158,PS-006,Chargesheet Filed
FIR-005817,Theft,1,East Ward,26.908812,75.826022,2025-10-23T12:53:58.257791,12,3,0,0,0,Clear,10800,None,,PS-006,Chargesheet Filed
FIR-005818,Assault,2,South Division,26.868909,75.781309,2026-03-17T01:38:58.257791,1,1,1,0,0,Clear,6400,Improvised,P-00475,PS-008,Chargesheet Filed
FIR-005819,Burglary,3,East Ward,26.903072,75.826831,2026-06-20T17:29:58.257791,17,5,0,1,0,Heatwave,10800,None,P-00556,PS-001,Under Investigation
FIR-005820,Burglary,4,Riverside,26.886687,75.810265,2026-07-15T19:57:58.257791,19,2,0,0,1,Cloudy,5200,None,,PS-004,Under Investigation
FIR-005821,Vehicle Theft,3,East Ward,26.896557,75.840046,2025-10-21T04:40:58.257791,4,1,1,0,0,Clear,10800,None,,PS-006,Closed
FIR-005822,Narcotics,3,Industrial Belt,26.861623,75.779895,2026-06-23T22:15:58.257791,22,1,1,0,0,Fog,3100,None,P-00217,PS-005,Under Investigation
FIR-005823,Theft,1,Old City,26.925304,75.793192,2025-10-17T11:03:58.257791,11,4,0,0,0,Clear,16200,None,,PS-004,Under Investigation
FIR-005824,Robbery,3,Old City,26.909562,75.798203,2025-12-28T03:26:58.257791,3,6,1,1,0,Clear,16200,Knife,P-00285,PS-003,Closed
FIR-005825,Theft,1,Old City,26.909625,75.798816,2026-05-31T22:23:58.257791,22,6,1,1,0,Clear,16200,None,P-00334,PS-003,Closed
FIR-005826,Cybercrime,2,Central Zone,26.911874,75.809834,2026-04-25T16:07:58.257791,16,5,0,1,0,Clear,14500,None,P-00413,PS-003,Under Investigation
FIR-005827,Robbery,5,West Sector,26.901945,75.774908,2026-06-01T03:42:58.257791,3,0,1,0,0,Cloudy,9100,Firearm,,PS-006,Closed
FIR-005828,Vehicle Theft,1,South Division,26.881165,75.80047,2026-06-15T17:39:58.257791,17,0,0,0,1,Cloudy,6400,None,P-00573,PS-008,Under Investigation
FIR-005829,Theft,3,South Division,26.863112,75.780594,2025-11-16T04:40:58.257791,4,6,1,1,0,Cloudy,6400,None,P-00194,PS-005,Chargesheet Filed
FIR-005830,Narcotics,4,Riverside,26.877202,75.813937,2026-07-06T03:28:58.257791,3,0,1,0,0,Clear,5200,None,P-00495,PS-007,Under Investigation
FIR-005831,Fraud,2,Old City,26.904908,75.814676,2026-04-05T07:32:58.257791,7,6,0,1,0,Clear,16200,None,,PS-007,Under Investigation
FIR-005832,Assault,4,Old City,26.922792,75.812328,2026-03-19T17:05:58.257791,17,3,0,0,0,Clear,16200,Firearm,,PS-005,Under Investigation
FIR-005833,Robbery,5,East Ward,26.908291,75.823349,2026-07-14T03:01:58.257791,3,1,1,0,0,Clear,10800,Firearm,,PS-008,Chargesheet Filed
FIR-005834,Assault,4,West Sector,26.897312,75.771184,2026-06-08T02:56:58.257791,2,0,1,0,0,Clear,9100,Knife,P-00109,PS-006,Under Investigation
FIR-005835,Cybercrime,3,East Ward,26.895048,75.827121,2026-02-02T15:26:58.257791,15,0,0,0,0,Cloudy,10800,None,P-00005,PS-002,Under Investigation
FIR-005836,Theft,2,North District,26.919164,75.821306,2026-04-21T08:18:58.257791,8,1,0,0,0,Cloudy,8200,None,,PS-001,Under Investigation
FIR-005837,Theft,3,South Division,26.861723,75.797656,2026-03-02T11:53:58.257791,11,0,0,0,0,Cloudy,6400,None,,PS-003,Under Investigation
FIR-005838,Narcotics,3,East Ward,26.914687,75.828792,2026-05-31T01:10:58.257791,1,6,1,1,0,Clear,10800,None,P-00338,PS-006,Under Investigation
FIR-005839,Assault,4,South Division,26.872741,75.783618,2025-08-28T05:12:58.257791,5,3,0,0,0,Clear,6400,Improvised,P-00439,PS-006,Chargesheet Filed
FIR-005840,Theft,1,Old City,26.912716,75.799923,2026-07-15T15:59:58.257791,15,2,0,0,1,Clear,16200,None,,PS-004,Chargesheet Filed
FIR-005841,Vehicle Theft,3,South Division,26.862393,75.791719,2026-06-11T13:31:58.257791,13,3,0,0,0,Rain,6400,None,P-00282,PS-006,Closed
FIR-005842,Fraud,2,Industrial Belt,26.859284,75.772301,2026-03-18T06:52:58.257791,6,2,0,0,0,Clear,3100,None,,PS-008,Under Investigation
FIR-005843,Kidnapping,4,Central Zone,26.90292,75.78898,2026-06-08T23:43:58.257791,23,0,1,0,0,Cloudy,14500,Blunt Object,P-00190,PS-006,Cold
FIR-005844,Kidnapping,5,East Ward,26.905537,75.826767,2025-09-06T16:44:58.257791,16,5,0,1,0,Cloudy,10800,None,,PS-008,Under Investigation
FIR-005845,Narcotics,3,East Ward,26.893567,75.836024,2026-07-08T18:48:58.257791,18,2,0,0,0,Clear,10800,None,P-00504,PS-002,Under Investigation
FIR-005846,Vehicle Theft,2,Old City,26.908983,75.812216,2026-04-10T03:30:58.257791,3,4,1,0,0,Clear,16200,None,P-00527,PS-005,Closed
FIR-005847,Burglary,2,North District,26.913467,75.825417,2025-08-06T20:06:58.257791,20,2,1,0,0,Fog,8200,None,,PS-005,Under Investigation
FIR-005848,Theft,1,Old City,26.922785,75.808854,2025-08-08T05:22:58.257791,5,4,0,0,0,Rain,16200,None,P-00034,PS-001,Under Investigation
FIR-005849,Cybercrime,3,North District,26.930628,75.820143,2025-09-16T19:07:58.257791,19,1,0,0,0,Clear,8200,None,P-00048,PS-005,Closed
FIR-005850,Vehicle Theft,3,West Sector,26.883749,75.765523,2025-10-04T14:01:58.257791,14,5,0,1,0,Clear,9100,None,P-00240,PS-006,Under Investigation
FIR-005851,Robbery,3,North District,26.925191,75.830634,2025-10-06T10:40:58.257791,10,0,0,0,0,Cloudy,8200,Knife,P-00422,PS-008,Closed
FIR-005852,Theft,3,Riverside,26.88969,75.816691,2025-07-29T01:53:58.257791,1,1,1,0,0,Clear,5200,None,,PS-001,Under Investigation
FIR-005853,Burglary,3,Old City,26.903933,75.793207,2025-12-13T12:44:58.257791,12,5,0,1,0,Clear,16200,None,,PS-006,Closed
FIR-005854,Fraud,3,Industrial Belt,26.853087,75.775933,2025-09-22T15:37:58.257791,15,0,0,0,0,Cloudy,3100,None,P-00214,PS-005,Under Investigation
FIR-005855,Fraud,3,Old City,26.916922,75.794695,2026-03-16T13:00:58.257791,13,0,0,0,0,Clear,16200,None,P-00564,PS-002,Under Investigation
FIR-005856,Theft,2,Old City,26.913328,75.809001,2026-02-11T06:16:58.257791,6,2,0,0,0,Cloudy,16200,None,,PS-003,Closed
FIR-005857,Narcotics,3,South Division,26.866891,75.793321,2026-06-20T08:15:58.257791,8,5,0,1,0,Cloudy,6400,None,P-00237,PS-002,Under Investigation
FIR-005858,Burglary,4,Riverside,26.880243,75.805039,2026-03-02T01:12:58.257791,1,0,1,0,0,Clear,5200,None,P-00024,PS-006,Cold
FIR-005859,Theft,2,Old City,26.907266,75.809067,2026-02-23T11:03:58.257791,11,0,0,0,0,Rain,16200,None,,PS-008,Under Investigation
FIR-005860,Vehicle Theft,2,Central Zone,26.89597,75.794689,2026-04-17T19:46:58.257791,19,4,0,0,0,Clear,14500,None,P-00220,PS-002,Cold
FIR-005861,Cybercrime,3,Old City,26.910967,75.807223,2025-12-02T01:00:58.257791,1,1,1,0,0,Heatwave,16200,None,P-00527,PS-008,Closed
FIR-005862,Narcotics,4,North District,26.91847,75.824285,2025-12-07T14:00:58.257791,14,6,0,1,0,Clear,8200,None,P-00471,PS-008,Under Investigation
FIR-005863,Fraud,3,Central Zone,26.910941,75.80261,2026-06-12T10:14:58.257791,10,4,0,0,0,Clear,14500,None,P-00389,PS-001,Under Investigation
FIR-005864,Extortion,5,Old City,26.914584,75.807517,2025-10-10T17:58:58.257791,17,4,0,0,0,Clear,16200,Improvised,P-00273,PS-007,Under Investigation
FIR-005865,Fraud,1,Central Zone,26.88827,75.800013,2025-09-09T09:50:58.257791,9,1,0,0,0,Cloudy,14500,None,,PS-006,Cold
FIR-005866,Theft,2,Industrial Belt,26.86724,75.760948,2025-11-12T12:52:58.257791,12,2,0,0,0,Rain,3100,None,P-00581,PS-001,Under Investigation
FIR-005867,Fraud,1,North District,26.927116,75.820316,2026-05-11T23:42:58.257791,23,0,1,0,0,Fog,8200,None,P-00001,PS-002,Under Investigation
FIR-005868,Theft,1,South Division,26.87204,75.800364,2025-10-03T05:34:58.257791,5,4,0,0,0,Clear,6400,None,,PS-001,Closed
FIR-005869,Theft,3,Old City,26.905176,75.801976,2026-04-14T02:03:58.257791,2,1,1,0,0,Cloudy,16200,None,P-00439,PS-005,Cold
FIR-005870,Fraud,1,North District,26.919226,75.812175,2026-06-23T21:23:58.257791,21,1,1,0,0,Rain,8200,None,,PS-004,Under Investigation
FIR-005871,Assault,3,North District,26.92853,75.810735,2026-01-19T07:43:58.257791,7,0,0,0,0,Clear,8200,Blunt Object,,PS-006,Closed
FIR-005872,Vehicle Theft,1,Riverside,26.890775,75.811304,2026-05-27T14:55:58.257791,14,2,0,0,0,Rain,5200,None,,PS-008,Under Investigation
FIR-005873,Theft,2,Central Zone,26.894382,75.803542,2026-07-23T07:02:58.257791,7,3,0,0,0,Clear,14500,None,,PS-008,Under Investigation
FIR-005874,Cybercrime,2,Central Zone,26.911224,75.7947,2025-08-23T17:08:58.257791,17,5,0,1,0,Clear,14500,None,,PS-007,Under Investigation
FIR-005875,Fraud,2,Old City,26.909217,75.800655,2025-12-01T09:21:58.257791,9,0,0,0,0,Fog,16200,None,P-00077,PS-008,Closed
FIR-005876,Theft,3,Industrial Belt,26.86851,75.77647,2026-04-05T08:48:58.257791,8,6,0,1,0,Cloudy,3100,None,P-00389,PS-008,Chargesheet Filed
FIR-005877,Burglary,2,East Ward,26.913605,75.822909,2026-03-16T10:00:58.257791,10,0,0,0,0,Rain,10800,None,,PS-004,Under Investigation
FIR-005878,Burglary,3,Central Zone,26.899769,75.801199,2025-11-22T07:17:58.257791,7,5,0,1,0,Clear,14500,None,P-00110,PS-004,Closed
FIR-005879,Assault,3,Central Zone,26.893121,75.811446,2025-10-09T20:12:58.257791,20,3,1,0,0,Clear,14500,Knife,,PS-002,Under Investigation
FIR-005880,Burglary,2,Old City,26.916066,75.816545,2026-07-01T14:56:58.257791,14,2,0,0,0,Heatwave,16200,None,P-00367,PS-008,Chargesheet Filed
FIR-005881,Theft,3,Central Zone,26.900116,75.788198,2025-09-15T19:37:58.257791,19,0,0,0,1,Cloudy,14500,None,P-00419,PS-006,Under Investigation
FIR-005882,Fraud,1,Industrial Belt,26.865862,75.763311,2025-11-16T10:26:58.257791,10,6,0,1,0,Rain,3100,None,,PS-004,Under Investigation
FIR-005883,Assault,5,East Ward,26.913674,75.84177,2025-08-10T00:05:58.257791,0,6,1,1,0,Cloudy,10800,None,P-00596,PS-008,Under Investigation
FIR-005884,Theft,2,Old City,26.922013,75.803312,2025-08-26T09:29:58.257791,9,1,0,0,0,Clear,16200,None,P-00001,PS-002,Under Investigation
FIR-005885,Narcotics,4,Central Zone,26.905511,75.800113,2026-05-18T01:19:58.257791,1,0,1,0,0,Cloudy,14500,None,,PS-005,Under Investigation
FIR-005886,Extortion,4,West Sector,26.897071,75.768177,2025-07-29T09:27:58.257791,9,1,0,0,0,Fog,9100,Knife,,PS-001,Under Investigation
FIR-005887,Kidnapping,5,Riverside,26.880711,75.798817,2026-07-02T19:41:58.257791,19,3,0,0,0,Clear,5200,None,P-00048,PS-005,Cold
FIR-005888,Fraud,2,Central Zone,26.899679,75.806931,2025-07-27T20:57:58.257791,20,6,1,1,0,Fog,14500,None,,PS-003,Closed
FIR-005889,Fraud,2,North District,26.924375,75.812025,2026-01-03T01:11:58.257791,1,5,1,1,0,Clear,8200,None,P-00273,PS-004,Cold
FIR-005890,Theft,3,South Division,26.862303,75.797028,2026-02-02T11:07:58.257791,11,0,0,0,0,Cloudy,6400,None,P-00229,PS-002,Under Investigation
FIR-005891,Burglary,3,South Division,26.865737,75.796942,2026-06-09T05:58:58.257791,5,1,0,0,0,Cloudy,6400,None,P-00538,PS-008,Cold
FIR-005892,Theft,2,Riverside,26.870854,75.802285,2026-05-05T12:06:58.257791,12,1,0,0,0,Cloudy,5200,None,P-00448,PS-003,Under Investigation
FIR-005893,Fraud,1,West Sector,26.893781,75.77308,2026-04-15T19:55:58.257791,19,2,0,0,1,Rain,9100,None,,PS-003,Cold
FIR-005894,Robbery,4,Central Zone,26.911461,75.793025,2025-09-25T08:58:58.257791,8,3,0,0,0,Clear,14500,Blunt Object,P-00234,PS-001,Under Investigation
FIR-005895,Robbery,3,South Division,26.861507,75.788628,2025-08-13T21:08:58.257791,21,2,1,0,0,Clear,6400,Blunt Object,,PS-002,Closed
FIR-005896,Theft,3,North District,26.913402,75.814082,2025-12-13T18:08:58.257791,18,5,0,1,0,Heatwave,8200,None,,PS-001,Closed
FIR-005897,Theft,3,Central Zone,26.899235,75.804593,2025-08-15T10:42:58.257791,10,4,0,0,1,Fog,14500,None,P-00220,PS-003,Under Investigation
FIR-005898,Burglary,2,Old City,26.90504,75.797158,2026-07-25T23:58:58.257791,23,5,1,1,0,Clear,16200,None,P-00077,PS-005,Under Investigation
FIR-005899,Theft,3,West Sector,26.89424,75.784936,2025-09-16T07:49:58.257791,7,1,0,0,0,Cloudy,9100,None,P-00064,PS-007,Under Investigation
FIR-005900,Burglary,3,Old City,26.905094,75.814062,2026-02-27T12:05:58.257791,12,4,0,0,0,Fog,16200,None,P-00412,PS-008,Closed
FIR-005901,Fraud,2,Riverside,26.885465,75.818431,2025-10-29T19:21:58.257791,19,2,0,0,0,Rain,5200,None,,PS-008,Under Investigation
FIR-005902,Theft,3,North District,26.928458,75.809929,2026-06-13T06:08:58.257791,6,5,0,1,0,Cloudy,8200,None,P-00556,PS-001,Under Investigation
FIR-005903,Burglary,4,South Division,26.860511,75.795221,2026-07-08T21:22:58.257791,21,2,1,0,0,Heatwave,6400,None,P-00190,PS-004,Under Investigation
FIR-005904,Assault,4,Riverside,26.881546,75.808039,2025-10-08T21:38:58.257791,21,2,1,0,0,Cloudy,5200,Blunt Object,P-00220,PS-006,Chargesheet Filed
FIR-005905,Narcotics,3,East Ward,26.908679,75.824001,2026-03-29T11:09:58.257791,11,6,0,1,0,Heatwave,10800,None,,PS-006,Chargesheet Filed
FIR-005906,Vehicle Theft,2,North District,26.931775,75.816961,2026-06-01T21:12:58.257791,21,0,1,0,0,Cloudy,8200,None,,PS-002,Closed
FIR-005907,Robbery,3,Old City,26.904434,75.803505,2026-05-08T23:05:58.257791,23,4,1,0,0,Clear,16200,Knife,P-00104,PS-004,Closed
FIR-005908,Theft,3,Riverside,26.871741,75.81137,2025-12-15T17:02:58.257791,17,0,0,0,1,Clear,5200,None,,PS-008,Closed
FIR-005909,Extortion,5,Old City,26.917125,75.802312,2026-04-07T00:01:58.257791,0,1,1,0,0,Clear,16200,Knife,,PS-005,Closed
FIR-005910,Burglary,2,East Ward,26.910682,75.819048,2026-06-09T10:29:58.257791,10,1,0,0,0,Clear,10800,None,,PS-002,Closed
FIR-005911,Burglary,2,Old City,26.919782,75.804743,2026-06-08T03:14:58.257791,3,0,1,0,0,Clear,16200,None,P-00214,PS-005,Closed
FIR-005912,Narcotics,2,Old City,26.925165,75.803348,2025-08-23T05:06:58.257791,5,5,0,1,0,Cloudy,16200,None,P-00588,PS-007,Closed
FIR-005913,Theft,3,Riverside,26.888174,75.818598,2025-11-20T08:09:58.257791,8,3,0,0,0,Fog,5200,None,,PS-005,Under Investigation
FIR-005914,Theft,3,Old City,26.917678,75.802141,2025-08-30T04:46:58.257791,4,5,1,1,0,Cloudy,16200,None,P-00208,PS-007,Under Investigation
FIR-005915,Vehicle Theft,1,East Ward,26.910642,75.840203,2026-04-14T12:28:58.257791,12,1,0,0,0,Cloudy,10800,None,,PS-005,Under Investigation
FIR-005916,Fraud,2,South Division,26.875628,75.797956,2026-07-17T05:34:58.257791,5,4,0,0,0,Clear,6400,None,,PS-005,Closed
FIR-005917,Burglary,2,Central Zone,26.91091,75.811492,2025-08-07T04:01:58.257791,4,3,1,0,0,Clear,14500,None,,PS-002,Chargesheet Filed
FIR-005918,Burglary,4,Riverside,26.88262,75.81491,2025-08-03T06:18:58.257791,6,6,0,1,0,Cloudy,5200,None,P-00120,PS-002,Chargesheet Filed
FIR-005919,Narcotics,2,Central Zone,26.897624,75.809649,2025-08-10T11:56:58.257791,11,6,0,1,0,Clear,14500,None,P-00170,PS-008,Under Investigation
FIR-005920,Narcotics,2,Industrial Belt,26.852424,75.769293,2026-06-06T10:03:58.257791,10,5,0,1,0,Clear,3100,None,P-00064,PS-004,Under Investigation
FIR-005921,Theft,2,South Division,26.868252,75.797243,2026-06-21T17:22:58.257791,17,6,0,1,0,Clear,6400,None,,PS-006,Cold
FIR-005922,Fraud,3,Central Zone,26.906808,75.802212,2025-12-10T01:19:58.257791,1,2,1,0,0,Fog,14500,None,,PS-003,Under Investigation
FIR-005923,Narcotics,2,North District,26.917971,75.814402,2026-03-18T20:39:58.257791,20,2,1,0,0,Rain,8200,None,,PS-006,Closed
FIR-005924,Burglary,4,Industrial Belt,26.855054,75.78157,2026-02-05T00:49:58.257791,0,3,1,0,0,Fog,3100,None,,PS-001,Under Investigation
FIR-005925,Cybercrime,3,Central Zone,26.894494,75.802591,2026-03-21T05:41:58.257791,5,5,0,1,0,Rain,14500,None,P-00462,PS-006,Chargesheet Filed
FIR-005926,Theft,3,Old City,26.917771,75.805822,2026-07-25T01:58:58.257791,1,5,1,1,0,Fog,16200,None,P-00467,PS-003,Under Investigation
FIR-005927,Theft,2,Old City,26.907618,75.796042,2026-01-22T13:41:58.257791,13,3,0,0,0,Clear,16200,None,P-00494,PS-007,Under Investigation
FIR-005928,Vehicle Theft,1,East Ward,26.911393,75.835213,2026-07-13T17:30:58.257791,17,0,0,0,0,Cloudy,10800,None,P-00195,PS-008,Chargesheet Filed
FIR-005929,Fraud,2,Old City,26.904097,75.801417,2025-10-29T14:12:58.257791,14,2,0,0,0,Rain,16200,None,P-00461,PS-008,Under Investigation
FIR-005930,Burglary,2,West Sector,26.892965,75.763716,2025-08-24T22:25:58.257791,22,6,1,1,0,Clear,9100,None,P-00556,PS-002,Closed
FIR-005931,Cybercrime,3,Riverside,26.881454,75.818415,2026-01-26T19:44:58.257791,19,0,0,0,0,Clear,5200,None,P-00489,PS-007,Under Investigation
FIR-005932,Theft,3,Riverside,26.871571,75.817078,2026-06-12T23:39:58.257791,23,4,1,0,0,Heatwave,5200,None,P-00555,PS-003,Under Investigation
FIR-005933,Fraud,3,Old City,26.915625,75.793808,2025-08-15T06:10:58.257791,6,4,0,0,1,Cloudy,16200,None,,PS-002,Closed
FIR-005934,Narcotics,3,Old City,26.919711,75.801706,2026-03-30T16:03:58.257791,16,0,0,0,0,Heatwave,16200,None,P-00438,PS-005,Chargesheet Filed
FIR-005935,Theft,1,Riverside,26.886693,75.81226,2025-10-08T16:51:58.257791,16,2,0,0,0,Clear,5200,None,,PS-004,Under Investigation
FIR-005936,Fraud,2,East Ward,26.899327,75.834384,2025-07-27T09:12:58.257791,9,6,0,1,0,Clear,10800,None,P-00158,PS-007,Under Investigation
FIR-005937,Burglary,2,Industrial Belt,26.862036,75.768247,2026-07-20T12:07:58.257791,12,0,0,0,0,Clear,3100,None,,PS-004,Under Investigation
FIR-005938,Burglary,3,North District,26.909895,75.827221,2026-01-10T22:27:58.257791,22,5,1,1,0,Rain,8200,None,,PS-006,Chargesheet Filed
FIR-005939,Assault,2,East Ward,26.915165,75.832151,2026-07-25T21:26:58.257791,21,5,1,1,0,Cloudy,10800,Firearm,P-00131,PS-005,Closed
FIR-005940,Burglary,4,Central Zone,26.904635,75.794848,2025-11-07T23:53:58.257791,23,4,1,0,0,Rain,14500,None,P-00475,PS-005,Under Investigation
FIR-005941,Narcotics,3,South Division,26.875037,75.789833,2025-12-25T01:31:58.257791,1,3,1,0,0,Rain,6400,None,,PS-006,Under Investigation
FIR-005942,Fraud,3,South Division,26.874153,75.79778,2026-05-19T12:16:58.257791,12,1,0,0,0,Clear,6400,None,P-00265,PS-008,Closed
FIR-005943,Extortion,5,South Division,26.8737,75.789488,2025-11-17T18:38:58.257791,18,0,0,0,0,Cloudy,6400,Knife,P-00375,PS-005,Under Investigation
FIR-005944,Assault,2,North District,26.919956,75.819164,2026-02-25T12:12:58.257791,12,2,0,0,0,Clear,8200,Improvised,,PS-003,Under Investigation
FIR-005945,Fraud,1,Industrial Belt,26.851017,75.777865,2025-09-26T08:00:58.257791,8,4,0,0,0,Clear,3100,None,,PS-001,Under Investigation
FIR-005946,Burglary,2,Old City,26.915526,75.809587,2026-05-30T04:29:58.257791,4,5,1,1,0,Fog,16200,None,P-00457,PS-006,Under Investigation
FIR-005947,Cybercrime,1,Central Zone,26.897433,75.7944,2026-02-23T07:52:58.257791,7,0,0,0,0,Clear,14500,None,,PS-001,Cold
FIR-005948,Burglary,2,Central Zone,26.90299,75.81198,2026-06-01T05:18:58.257791,5,0,0,0,0,Rain,14500,None,,PS-007,Under Investigation
FIR-005949,Fraud,3,Old City,26.915043,75.811337,2025-08-23T22:24:58.257791,22,5,1,1,0,Cloudy,16200,None,P-00352,PS-003,Cold
FIR-005950,Robbery,5,North District,26.916238,75.810049,2025-11-08T14:49:58.257791,14,5,0,1,0,Cloudy,8200,Knife,P-00474,PS-001,Cold
FIR-005951,Assault,5,East Ward,26.911937,75.837527,2026-03-28T23:34:58.257791,23,5,1,1,0,Clear,10800,None,P-00111,PS-005,Cold
FIR-005952,Theft,2,North District,26.92838,75.822077,2026-05-28T17:43:58.257791,17,3,0,0,0,Clear,8200,None,,PS-004,Under Investigation
FIR-005953,Assault,5,Industrial Belt,26.868474,75.781117,2025-12-04T16:32:58.257791,16,3,0,0,0,Cloudy,3100,Blunt Object,,PS-004,Under Investigation
FIR-005954,Fraud,1,West Sector,26.902395,75.771722,2026-05-07T09:40:58.257791,9,3,0,0,0,Clear,9100,None,P-00303,PS-006,Under Investigation
FIR-005955,Theft,1,East Ward,26.916185,75.837962,2025-09-08T10:57:58.257791,10,0,0,0,0,Rain,10800,None,P-00396,PS-001,Closed
FIR-005956,Theft,2,East Ward,26.904821,75.818525,2026-04-28T13:30:58.257791,13,1,0,0,0,Clear,10800,None,,PS-004,Closed
FIR-005957,Robbery,3,Industrial Belt,26.851314,75.778674,2025-10-24T23:24:58.257791,23,4,1,0,0,Clear,3100,Knife,P-00111,PS-005,Closed
FIR-005958,Theft,1,East Ward,26.896004,75.838709,2025-09-27T08:36:58.257791,8,5,0,1,0,Rain,10800,None,P-00082,PS-008,Closed
FIR-005959,Vehicle Theft,2,North District,26.924701,75.813405,2026-01-23T19:16:58.257791,19,4,0,0,0,Clear,8200,None,P-00292,PS-001,Chargesheet Filed
FIR-005960,Robbery,3,Industrial Belt,26.867982,75.768858,2025-09-24T03:28:58.257791,3,2,1,0,0,Rain,3100,Improvised,,PS-005,Chargesheet Filed
FIR-005961,Assault,5,West Sector,26.905988,75.773412,2026-06-17T17:49:58.257791,17,2,0,0,0,Heatwave,9100,Firearm,P-00551,PS-002,Chargesheet Filed
FIR-005962,Fraud,1,Old City,26.90726,75.79846,2026-07-26T13:02:58.257791,13,6,0,1,0,Cloudy,16200,None,P-00375,PS-001,Chargesheet Filed
FIR-005963,Robbery,4,North District,26.927949,75.8238,2026-01-22T18:49:58.257791,18,3,0,0,0,Rain,8200,Firearm,P-00400,PS-007,Closed
FIR-005964,Extortion,5,Old City,26.914805,75.797925,2025-08-27T19:28:58.257791,19,2,0,0,0,Cloudy,16200,Improvised,P-00139,PS-001,Cold
FIR-005965,Assault,5,West Sector,26.887764,75.771602,2026-01-27T09:04:58.257791,9,1,0,0,0,Clear,9100,Improvised,P-00263,PS-008,Under Investigation
FIR-005966,Theft,2,Riverside,26.87546,75.813936,2025-11-08T08:52:58.257791,8,5,0,1,0,Cloudy,5200,None,P-00190,PS-006,Chargesheet Filed
FIR-005967,Burglary,3,Riverside,26.886245,75.813852,2025-09-12T15:39:58.257791,15,4,0,0,0,Clear,5200,None,,PS-002,Under Investigation
FIR-005968,Fraud,3,North District,26.911525,75.818963,2026-04-06T08:01:58.257791,8,0,0,0,0,Fog,8200,None,P-00220,PS-006,Under Investigation
FIR-005969,Assault,4,Old City,26.924659,75.801903,2026-07-12T22:48:58.257791,22,6,1,1,0,Fog,16200,Improvised,,PS-001,Under Investigation
FIR-005970,Burglary,4,West Sector,26.887616,75.786192,2026-02-19T13:28:58.257791,13,3,0,0,0,Cloudy,9100,None,P-00094,PS-001,Closed
FIR-005971,Vehicle Theft,3,South Division,26.865744,75.786865,2025-12-25T20:20:58.257791,20,3,1,0,0,Clear,6400,None,P-00400,PS-006,Closed
FIR-005972,Theft,3,Central Zone,26.905774,75.792062,2025-12-17T05:03:58.257791,5,2,0,0,0,Clear,14500,None,P-00103,PS-002,Cold
FIR-005973,Fraud,3,North District,26.92513,75.812434,2026-01-31T05:29:58.257791,5,5,0,1,0,Rain,8200,None,,PS-004,Chargesheet Filed
FIR-005974,Narcotics,4,North District,26.922754,75.820923,2025-10-09T03:01:58.257791,3,3,1,0,0,Clear,8200,None,,PS-007,Under Investigation
FIR-005975,Robbery,4,East Ward,26.91625,75.823424,2026-02-23T04:36:58.257791,4,0,1,0,0,Clear,10800,Improvised,P-00103,PS-008,Under Investigation
FIR-005976,Narcotics,3,Old City,26.918767,75.810582,2026-02-04T01:55:58.257791,1,2,1,0,0,Cloudy,16200,None,P-00005,PS-008,Under Investigation
FIR-005977,Theft,1,Industrial Belt,26.856828,75.770294,2025-12-09T11:57:58.257791,11,1,0,0,0,Clear,3100,None,P-00145,PS-008,Under Investigation
FIR-005978,Vehicle Theft,1,North District,26.931728,75.824924,2026-05-12T16:24:58.257791,16,1,0,0,0,Cloudy,8200,None,P-00350,PS-002,Cold
FIR-005979,Robbery,3,South Division,26.863128,75.801332,2026-05-05T22:04:58.257791,22,1,1,0,0,Clear,6400,Knife,,PS-008,Under Investigation
FIR-005980,Theft,3,West Sector,26.894737,75.77806,2025-11-14T00:00:58.257791,0,4,1,0,0,Clear,9100,None,,PS-004,Closed
FIR-005981,Fraud,1,Riverside,26.868901,75.800438,2026-03-30T03:01:58.257791,3,0,1,0,0,Clear,5200,None,P-00111,PS-005,Chargesheet Filed
FIR-005982,Assault,5,North District,26.928767,75.820902,2026-06-21T03:08:58.257791,3,6,1,1,0,Heatwave,8200,Knife,P-00445,PS-003,Under Investigation
FIR-005983,Burglary,4,North District,26.919295,75.81432,2026-06-13T02:44:58.257791,2,5,1,1,0,Cloudy,8200,None,P-00582,PS-001,Chargesheet Filed
FIR-005984,Fraud,3,North District,26.920548,75.827068,2025-12-27T08:14:58.257791,8,5,0,1,0,Heatwave,8200,None,P-00352,PS-005,Closed
FIR-005985,Theft,1,South Division,26.87975,75.784741,2026-02-14T07:30:58.257791,7,5,0,1,0,Clear,6400,None,,PS-006,Under Investigation
FIR-005986,Extortion,4,Central Zone,26.895583,75.805241,2025-10-14T05:14:58.257791,5,1,0,0,0,Clear,14500,Firearm,,PS-006,Under Investigation
FIR-005987,Kidnapping,4,Riverside,26.875679,75.808069,2026-05-22T23:03:58.257791,23,4,1,0,0,Clear,5200,None,,PS-004,Chargesheet Filed
FIR-005988,Burglary,4,Old City,26.92253,75.797378,2025-08-08T07:25:58.257791,7,4,0,0,0,Heatwave,16200,None,P-00397,PS-006,Under Investigation
FIR-005989,Theft,3,Central Zone,26.889085,75.797385,2025-09-08T00:48:58.257791,0,0,1,0,0,Clear,14500,None,P-00081,PS-006,Under Investigation
FIR-005990,Burglary,2,West Sector,26.903831,75.784908,2026-07-22T16:40:58.257791,16,2,0,0,0,Cloudy,9100,None,,PS-001,Closed
FIR-005991,Vehicle Theft,1,Industrial Belt,26.850255,75.760633,2026-04-11T20:03:58.257791,20,5,1,1,0,Rain,3100,None,P-00400,PS-003,Cold
FIR-005992,Burglary,4,Old City,26.906358,75.798621,2026-06-02T11:36:58.257791,11,1,0,0,0,Clear,16200,None,,PS-007,Under Investigation
FIR-005993,Fraud,1,East Ward,26.909129,75.831142,2026-05-21T11:38:58.257791,11,3,0,0,0,Rain,10800,None,P-00131,PS-005,Chargesheet Filed
FIR-005994,Theft,1,West Sector,26.902869,75.774617,2026-01-12T18:49:58.257791,18,0,0,0,0,Clear,9100,None,,PS-004,Under Investigation
FIR-005995,Vehicle Theft,2,East Ward,26.894735,75.838881,2026-05-23T11:11:58.257791,11,5,0,1,0,Cloudy,10800,None,,PS-003,Chargesheet Filed
FIR-005996,Narcotics,3,West Sector,26.895535,75.784394,2025-11-07T09:17:58.257791,9,4,0,0,0,Cloudy,9100,None,P-00481,PS-005,Chargesheet Filed
FIR-005997,Vehicle Theft,1,Riverside,26.887975,75.798938,2026-07-18T02:45:58.257791,2,5,1,1,0,Clear,5200,None,,PS-006,Under Investigation
FIR-005998,Fraud,2,Central Zone,26.904822,75.799942,2025-09-15T10:38:58.257791,10,0,0,0,1,Clear,14500,None,P-00208,PS-005,Closed
FIR-005999,Theft,2,Old City,26.922811,75.796899,2025-10-09T12:42:58.257791,12,3,0,0,0,Clear,16200,None,P-00412,PS-004,Under Investigation
FIR-006000,Vehicle Theft,2,Old City,26.916547,75.799493,2026-01-02T12:39:58.257791,12,4,0,0,0,Fog,16200,None,P-00151,PS-008,Under Investigation
